time,open,high,low,close
2024-01-01 00:00:00+00:00,2000.3110257728583,2001.1425437256576,2000.060810978111,2000.3110257728583
2024-01-01 00:05:00+00:00,2000.3110257728583,2001.6771997841108,1999.87100394962,2001.0504827270875
2024-01-01 00:10:00+00:00,2001.0504827270875,2001.6380714729962,2000.4351738014589,2001.347877345809
2024-01-01 00:15:00+00:00,2001.347877345809,2002.0938040864298,1999.7335529557197,2000.1750377125993
2024-01-01 00:20:00+00:00,2000.1750377125993,2001.7388512610669,1999.4408130281254,2000.9898604929176
2024-01-01 00:25:00+00:00,2000.9898604929176,2002.3333996399365,2000.7381991943462,2001.391600733436
2024-01-01 00:30:00+00:00,2001.391600733436,2002.3765162814027,2000.4368486200453,2000.9083465720805
2024-01-01 00:35:00+00:00,2000.9083465720805,2001.9810170920052,2000.3405383193422,2001.4313572414042
2024-01-01 00:40:00+00:00,2001.4313572414042,2002.6726446081714,2000.5715988246345,2001.7594773985966
2024-01-01 00:45:00+00:00,2001.7594773985966,2002.8589068085482,2001.630421912669,2002.0242022712898
2024-01-01 00:50:00+00:00,2002.0242022712898,2002.8651078876403,2001.9112716538682,2002.0497885392554
2024-01-01 00:55:00+00:00,2002.0497885392554,2002.7573459147127,2001.7644971922732,2002.5418371030662
2024-01-01 01:00:00+00:00,2002.5418371030662,2003.0953461326399,2001.2063239771533,2001.8790359257023
2024-01-01 01:05:00+00:00,2001.8790359257023,2002.4780021959086,2001.274155542367,2001.7324250985241
2024-01-01 01:10:00+00:00,2001.7324250985241,2002.5571164918713,2000.5388568128533,2001.298526468206
2024-01-01 01:15:00+00:00,2001.298526468206,2002.2408126127184,2001.0295574057432,2001.8374974357494
2024-01-01 01:20:00+00:00,2001.8374974357494,2002.230990860036,2001.2274790507388,2001.873257333733
2024-01-01 01:25:00+00:00,2001.873257333733,2002.161948073358,2000.865611604675,2001.6100568841928
2024-01-01 01:30:00+00:00,2001.6100568841928,2002.3263147290472,2000.7752519657638,2000.9063505194779
2024-01-01 01:35:00+00:00,2000.9063505194779,2001.5005209262808,2000.274025869689,2000.6748893794056
2024-01-01 01:40:00+00:00,2000.6748893794056,2001.503536517478,2000.5288114241353,2000.6822298434347
2024-01-01 01:45:00+00:00,2000.6822298434347,2000.8401834129136,1999.4952211028103,2000.434200355306
2024-01-01 01:50:00+00:00,2000.434200355306,2002.5544677695439,2000.3273609536973,2001.5988715399835
2024-01-01 01:55:00+00:00,2001.5988715399835,2003.132021839792,2000.7320948191514,2002.5049378005558
2024-01-01 02:00:00+00:00,2002.5049378005558,2002.7398097649257,1999.8930896765912,2000.0649065713617
2024-01-01 02:05:00+00:00,2000.0649065713617,2001.015255781553,1998.0224203982104,1998.3648102769441
2024-01-01 02:10:00+00:00,1998.3648102769441,1999.3414071889501,1998.055526746107,1998.207531646126
2024-01-01 02:15:00+00:00,1998.207531646126,1998.9333286640403,1997.2403884578252,1997.827577152817
2024-01-01 02:20:00+00:00,1997.827577152817,1998.179547035693,1997.1752832478028,1998.0198733527534
2024-01-01 02:25:00+00:00,1998.0198733527534,1999.0345855203525,1997.621472446742,1998.2154812179397
2024-01-01 02:30:00+00:00,1998.2154812179397,2000.9367652546214,1997.7282190478143,2000.1215548498296
2024-01-01 02:35:00+00:00,2000.1215548498296,2000.5906652382712,1998.7135333476053,1999.1207555408287
2024-01-01 02:40:00+00:00,1999.1207555408287,1999.7997327782905,1998.13627732204,1998.7809310369148
2024-01-01 02:45:00+00:00,1998.7809310369148,2000.9438440644917,1998.6772883068063,2000.6194461112364
2024-01-01 02:50:00+00:00,2000.6194461112364,2001.8384119551044,1999.8416866554708,2001.2015000604745
2024-01-01 02:55:00+00:00,2001.2015000604745,2002.7599463126394,2001.031363674201,2001.7982789733478
2024-01-01 03:00:00+00:00,2001.7982789733478,2002.4421531380005,2000.8622599665923,2001.335695741642
2024-01-01 03:05:00+00:00,2001.335695741642,2002.0507266149878,1999.4842643706063,1999.852451215763
2024-01-01 03:10:00+00:00,1999.852451215763,2000.2149319428204,1998.855457786479,2000.0031932385325
2024-01-01 03:15:00+00:00,2000.0031932385325,2000.83290744449,1999.4954205005818,2000.1013302956192
2024-01-01 03:20:00+00:00,2000.1013302956192,2000.577876216437,1998.3626970765308,1998.9967384499244
2024-01-01 03:25:00+00:00,1998.9967384499244,1999.729213890103,1997.567245349052,1998.3818600825255
2024-01-01 03:30:00+00:00,1998.3818600825255,1998.9119407032836,1998.0861510536138,1998.3170470240527
2024-01-01 03:35:00+00:00,1998.3170470240527,1999.1796560618004,1996.6486202123122,1997.4667974416577
2024-01-01 03:40:00+00:00,1997.4667974416577,1998.4166435950187,1997.244098355164,1997.3783819740286
2024-01-01 03:45:00+00:00,1997.3783819740286,1997.9906224636245,1997.2676701591358,1997.4643448272673
2024-01-01 03:50:00+00:00,1997.4643448272673,1998.3463350336547,1996.9752640324373,1997.4964011942113
2024-01-01 03:55:00+00:00,1997.4964011942113,1997.9909162289005,1996.8834515589808,1997.0407680804008
2024-01-01 04:00:00+00:00,1997.0407680804008,1998.5081428825144,1996.0754784482522,1997.5751713487584
2024-01-01 04:05:00+00:00,1997.5751713487584,1998.682906534098,1997.1270520659698,1998.377252236441
2024-01-01 04:10:00+00:00,1998.377252236441,1998.846156609571,1997.7608402682256,1998.6660469644578
2024-01-01 04:15:00+00:00,1998.6660469644578,1999.5668504121606,1997.7035239883783,1997.9296716387914
2024-01-01 04:20:00+00:00,1997.9296716387914,1999.0997792464664,1997.4090911584728,1998.5881911982613
2024-01-01 04:25:00+00:00,1998.5881911982613,1999.109695646407,1997.968170213168,1998.1369283107822
2024-01-01 04:30:00+00:00,1998.1369283107822,1999.5903974297487,1997.4969509665543,1998.9282066214607
2024-01-01 04:35:00+00:00,1998.9282066214607,1999.0331871764276,1997.7296730897965,1997.9636323255684
2024-01-01 04:40:00+00:00,1997.9636323255684,1999.5464535092651,1997.724480444566,1998.7866878127597
2024-01-01 04:45:00+00:00,1998.7866878127597,1999.7111910601805,1998.5789956155663,1998.7686663330596
2024-01-01 04:50:00+00:00,1998.7686663330596,1999.7011269107254,1997.1040003141347,1997.6448285862905
2024-01-01 04:55:00+00:00,1997.6448285862905,1998.4458234711162,1997.0763404864792,1997.36235594113
2024-01-01 05:00:00+00:00,1997.36235594113,1997.6364902805906,1996.7604265563916,1997.4110854967128
2024-01-01 05:05:00+00:00,1997.4110854967128,1997.9250107127928,1996.879557363307,1997.6566358317268
2024-01-01 05:10:00+00:00,1997.6566358317268,1998.5557463295056,1996.1202737837627,1996.7727052741243
2024-01-01 05:15:00+00:00,1996.7727052741243,1997.6346659268113,1994.8616680743626,1995.7761089115982
2024-01-01 05:20:00+00:00,1995.7761089115982,1996.1788333529262,1995.6224024177066,1995.9557749961612
2024-01-01 05:25:00+00:00,1995.9557749961612,1996.4657970067494,1994.7997441522984,1995.5357409710482
2024-01-01 05:30:00+00:00,1995.5357409710482,1996.1250673638165,1994.7260952985266,1995.747737276762
2024-01-01 05:35:00+00:00,1995.747737276762,1996.839912611341,1995.5630014889362,1996.4313467272277
2024-01-01 05:40:00+00:00,1996.4313467272277,1997.2198840092444,1994.7528313520738,1994.9474806028252
2024-01-01 05:45:00+00:00,1994.9474806028252,1995.3416005039521,1994.8130040093015,1995.1764730380823
2024-01-01 05:50:00+00:00,1995.1764730380823,1997.255904731519,1994.2934291408749,1996.2786990643338
2024-01-01 05:55:00+00:00,1996.2786990643338,1996.7723103172793,1995.1764427741386,1996.010969284948
2024-01-01 06:00:00+00:00,1996.010969284948,1996.498777698093,1995.1339411582708,1995.28128116566
2024-01-01 06:05:00+00:00,1995.28128116566,1996.6513449098181,1994.8532285089598,1995.9583462408252
2024-01-01 06:10:00+00:00,1995.9583462408252,1997.1414024804988,1995.715290169175,1996.1864943611947
2024-01-01 06:15:00+00:00,1996.1864943611947,1997.5287229254232,1995.7796760727724,1996.9928360057545
2024-01-01 06:20:00+00:00,1996.9928360057545,1997.7440513062022,1996.29914264735,1996.6821893726467
2024-01-01 06:25:00+00:00,1996.6821893726467,1997.3794433109463,1995.1786610533275,1995.348601057313
2024-01-01 06:30:00+00:00,1995.348601057313,1996.2608531947938,1994.8351040002558,1995.2496401251674
2024-01-01 06:35:00+00:00,1995.2496401251674,1996.0718706486418,1994.0788701878294,1994.8484441686298
2024-01-01 06:40:00+00:00,1994.8484441686298,1996.1304832892545,1994.3903704922964,1995.5462856147235
2024-01-01 06:45:00+00:00,1995.5462856147235,1996.38811829846,1995.335816651519,1995.720605809592
2024-01-01 06:50:00+00:00,1995.720605809592,1996.5059397098369,1993.3380931474285,1994.2528927568073
2024-01-01 06:55:00+00:00,1994.2528927568073,1995.2294079274634,1992.2334855602826,1993.1772978661998
2024-01-01 07:00:00+00:00,1993.1772978661998,1994.6270426296428,1992.6986350676075,1993.9727605056914
2024-01-01 07:05:00+00:00,1993.9727605056914,1994.733595464788,1993.7091347104772,1994.584602153009
2024-01-01 07:10:00+00:00,1994.584602153009,1994.8552779442007,1993.3459350347812,1994.008436880411
2024-01-01 07:15:00+00:00,1994.008436880411,1994.2167726777282,1993.731817814932,1994.0075473452982
2024-01-01 07:20:00+00:00,1994.0075473452982,1995.2975842286428,1993.1650483507633,1994.4086185505726
2024-01-01 07:25:00+00:00,1994.4086185505726,1995.7557804051405,1993.903132486271,1994.830238084789
2024-01-01 07:30:00+00:00,1994.830238084789,1995.9587981586983,1994.101396662195,1995.6189123183242
2024-01-01 07:35:00+00:00,1995.6189123183242,1996.0630782001706,1994.901228677505,1995.849806264934
2024-01-01 07:40:00+00:00,1995.849806264934,1996.756950694237,1995.5281720635107,1995.7645182670506
2024-01-01 07:45:00+00:00,1995.7645182670506,1996.3737802766318,1994.6768811573784,1995.5316131410082
2024-01-01 07:50:00+00:00,1995.5316131410082,1997.4091712458958,1995.1094523756294,1996.4818404188327
2024-01-01 07:55:00+00:00,1996.4818404188327,1997.0984813014527,1994.246637490091,1994.4561309536848
2024-01-01 08:00:00+00:00,1994.4561309536848,1995.1299128739822,1993.8542113493074,1994.3314011686034
2024-01-01 08:05:00+00:00,1994.3314011686034,1995.055768177692,1993.892488736513,1994.3611618947682
2024-01-01 08:10:00+00:00,1994.3611618947682,1995.316782169739,1992.9743024817153,1993.0784090876423
2024-01-01 08:15:00+00:00,1993.0784090876423,1993.8507479999846,1992.9112714123553,1993.3780032222019
2024-01-01 08:20:00+00:00,1993.3780032222019,1993.9618353568321,1991.8197800009805,1992.7919128188162
2024-01-01 08:25:00+00:00,1992.7919128188162,1994.0528241969505,1992.428486477398,1993.568176268392
2024-01-01 08:30:00+00:00,1993.568176268392,1994.0059233257446,1992.9526908671637,1993.455207150731
2024-01-01 08:35:00+00:00,1993.455207150731,1994.7668372853668,1993.1510800747758,1994.0575094504893
2024-01-01 08:40:00+00:00,1994.0575094504893,1995.3820697868543,1993.53454610376,1995.1545337032694
2024-01-01 08:45:00+00:00,1995.1545337032694,1996.2547912916823,1994.994693103672,1995.4992359609157
2024-01-01 08:50:00+00:00,1995.4992359609157,1995.7198001114236,1994.284902661036,1994.7111531901173
2024-01-01 08:55:00+00:00,1994.7111531901173,1995.3322899121627,1992.9748365696053,1993.3483333049437
2024-01-01 09:00:00+00:00,1993.3483333049437,1995.5729923800407,1992.3752497726223,1994.926446519147
2024-01-01 09:05:00+00:00,1994.926446519147,1995.4822213177372,1993.8908163643346,1994.826351678795
2024-01-01 09:10:00+00:00,1994.826351678795,1994.9656470428674,1994.0184385270916,1994.2067119845187
2024-01-01 09:15:00+00:00,1994.2067119845187,1994.7119880287676,1993.758662884541,1994.3366127474465
2024-01-01 09:20:00+00:00,1994.3366127474465,1994.5691539954,1993.41471540289,1994.1644125587632
2024-01-01 09:25:00+00:00,1994.1644125587632,1995.2535385712713,1993.4136712472468,1994.931411230384
2024-01-01 09:30:00+00:00,1994.931411230384,1995.2539891235372,1994.381741749532,1994.9620178534847
2024-01-01 09:35:00+00:00,1994.9620178534847,1995.2971053107638,1994.8375601971352,1994.9744643627266
2024-01-01 09:40:00+00:00,1994.9744643627266,1995.8227130136518,1993.8782793643425,1994.3314151228606
2024-01-01 09:45:00+00:00,1994.3314151228606,1995.1073916607845,1993.9349780876514,1994.754099545875
2024-01-01 09:50:00+00:00,1994.754099545875,1995.6208754492861,1993.3818378832502,1993.8236932549755
2024-01-01 09:55:00+00:00,1993.8236932549755,1994.6313315191335,1993.2243184993954,1994.4230681350612
2024-01-01 10:00:00+00:00,1994.4230681350612,1996.0308858030576,1994.3145739494234,1995.7946869061284
2024-01-01 10:05:00+00:00,1995.7946869061284,1996.532817997085,1994.2534570316352,1994.4225451062935
2024-01-01 10:10:00+00:00,1994.4225451062935,1994.6774457895553,1991.3525899797826,1992.2030150576097
2024-01-01 10:15:00+00:00,1992.2030150576097,1993.5831459600024,1991.3488423609451,1992.7582828218592
2024-01-01 10:20:00+00:00,1992.7582828218592,1995.2098648856897,1991.824650063687,1995.0514683654828
2024-01-01 10:25:00+00:00,1995.0514683654828,1995.9934764842453,1993.5262775728024,1994.150714136265
2024-01-01 10:30:00+00:00,1994.150714136265,1994.5496065296597,1992.5459174131831,1993.0251667131881
2024-01-01 10:35:00+00:00,1993.0251667131881,1994.247334012715,1992.3908314933271,1993.5553181385137
2024-01-01 10:40:00+00:00,1993.5553181385137,1993.958451379199,1992.4813048813019,1992.7987487174626
2024-01-01 10:45:00+00:00,1992.7987487174626,1993.4231068787428,1992.2256568962496,1992.3434064169987
2024-01-01 10:50:00+00:00,1992.3434064169987,1993.1107341402862,1991.3953432888034,1992.030181957141
2024-01-01 10:55:00+00:00,1992.030181957141,1992.7183688859511,1991.4608369666598,1992.5090657200392
2024-01-01 11:00:00+00:00,1992.5090657200392,1993.3140606822571,1991.415063115455,1992.1443761050991
2024-01-01 11:05:00+00:00,1992.1443761050991,1992.9303665021403,1991.1641238052364,1992.3945537965633
2024-01-01 11:10:00+00:00,1992.3945537965633,1992.8878882313754,1991.9513772749062,1992.235757624029
2024-01-01 11:15:00+00:00,1992.235757624029,1993.1175456411943,1990.977328723509,1991.4756380162908
2024-01-01 11:20:00+00:00,1991.4756380162908,1992.410392214989,1990.7933867672612,1991.1878793949481
2024-01-01 11:25:00+00:00,1991.1878793949481,1991.4386693186925,1989.5470397699344,1990.3326053320015
2024-01-01 11:30:00+00:00,1990.3326053320015,1991.0906038438795,1989.6770256310676,1990.338555080067
2024-01-01 11:35:00+00:00,1990.338555080067,1991.3134742659036,1988.6988392524047,1989.3271623611186
2024-01-01 11:40:00+00:00,1989.3271623611186,1989.6036030903476,1987.8765196082609,1988.3436449396918
2024-01-01 11:45:00+00:00,1988.3436449396918,1990.577902056543,1987.9734425259385,1989.6549987094836
2024-01-01 11:50:00+00:00,1989.6549987094836,1990.494532447897,1989.2197851749129,1989.607221672304
2024-01-01 11:55:00+00:00,1989.607221672304,1990.52098794669,1989.1776569337562,1989.5587992355522
2024-01-01 12:00:00+00:00,1989.5587992355522,1990.710440032978,1988.9581697218769,1990.0192720247296
2024-01-01 12:05:00+00:00,1990.0192720247296,1990.2526693434252,1988.962740563205,1989.640591358765
2024-01-01 12:10:00+00:00,1989.640591358765,1990.1064291771945,1989.105196441807,1989.4350007894425
2024-01-01 12:15:00+00:00,1989.4350007894425,1990.3273335774434,1988.8364826412005,1989.817726537727
2024-01-01 12:20:00+00:00,1989.817726537727,1990.617327404909,1989.313303048916,1990.0719933073108
2024-01-01 12:25:00+00:00,1990.0719933073108,1990.1935007090403,1988.3818933441894,1989.0287193897138
2024-01-01 12:30:00+00:00,1989.0287193897138,1989.9310861219278,1988.715745566977,1989.7788214884367
2024-01-01 12:35:00+00:00,1989.7788214884367,1990.71158185532,1988.9236968212674,1989.2475244262748
2024-01-01 12:40:00+00:00,1989.2475244262748,1989.3619191379266,1987.3490103802178,1988.2971483828685
2024-01-01 12:45:00+00:00,1988.2971483828685,1988.5461457221122,1986.587323193345,1987.486816456824
2024-01-01 12:50:00+00:00,1987.486816456824,1988.3244806351643,1986.5164773283423,1987.135421908937
2024-01-01 12:55:00+00:00,1987.135421908937,1989.408821908838,1986.8115136704766,1988.6000890252087
2024-01-01 13:00:00+00:00,1988.6000890252087,1989.0868447600076,1986.68784423677,1987.542204222969
2024-01-01 13:05:00+00:00,1987.542204222969,1987.8238816596224,1987.2192431267515,1987.686370663517
2024-01-01 13:10:00+00:00,1987.686370663517,1988.1277196927626,1984.871158783998,1985.7624275035807
2024-01-01 13:15:00+00:00,1985.7624275035807,1986.3905261003656,1984.9648489323472,1985.7611166511736
2024-01-01 13:20:00+00:00,1985.7611166511736,1986.7421018079158,1984.8133217098562,1986.5708264394036
2024-01-01 13:25:00+00:00,1986.5708264394036,1987.3937066218816,1985.9831494270836,1986.357930087128
2024-01-01 13:30:00+00:00,1986.357930087128,1987.0127647490858,1985.221763295028,1985.7916119182908
2024-01-01 13:35:00+00:00,1985.7916119182908,1986.7724999225795,1985.5800585097063,1986.0000737636794
2024-01-01 13:40:00+00:00,1986.0000737636794,1987.6080952193938,1985.8812015403844,1986.6303128525292
2024-01-01 13:45:00+00:00,1986.6303128525292,1987.6943659647472,1985.761799494656,1987.227707804337
2024-01-01 13:50:00+00:00,1987.227707804337,1989.6469355609677,1986.6046927441812,1989.0030380358442
2024-01-01 13:55:00+00:00,1989.0030380358442,1990.0007043143682,1988.4192028862276,1989.1913931489953
2024-01-01 14:00:00+00:00,1989.1913931489953,1989.41238934382,1987.8388312132472,1988.6583290723443
2024-01-01 14:05:00+00:00,1988.6583290723443,1989.5730217992764,1988.3957616326054,1988.5450534395611
2024-01-01 14:10:00+00:00,1988.5450534395611,1989.2246095554785,1988.356158590391,1988.4799110117863
2024-01-01 14:15:00+00:00,1988.4799110117863,1989.2579130240629,1988.0404415704772,1988.5778815452775
2024-01-01 14:20:00+00:00,1988.5778815452775,1988.9686234231278,1988.2194094258805,1988.5509640268103
2024-01-01 14:25:00+00:00,1988.5509640268103,1988.9012201006824,1987.591537139789,1988.707641510334
2024-01-01 14:30:00+00:00,1988.707641510334,1989.1168756105374,1986.8357811825172,1987.203985219376
2024-01-01 14:35:00+00:00,1987.203985219376,1988.543100756096,1986.8696339215892,1987.9507606684856
2024-01-01 14:40:00+00:00,1987.9507606684856,1988.790381254716,1987.0859295005237,1987.4336053402085
2024-01-01 14:45:00+00:00,1987.4336053402085,1988.112829589802,1986.002484431254,1986.377873152236
2024-01-01 14:50:00+00:00,1986.377873152236,1987.2609870880556,1985.8719837463318,1986.9519604598213
2024-01-01 14:55:00+00:00,1986.9519604598213,1988.3909360445816,1986.1280241901927,1988.137665755455
2024-01-01 15:00:00+00:00,1988.137665755455,1988.886556429644,1987.4084770242118,1988.5815036040685
2024-01-01 15:05:00+00:00,1988.5815036040685,1989.3368565629376,1988.0346160849374,1988.726660125672
2024-01-01 15:10:00+00:00,1988.726660125672,1988.9611684537495,1987.275089249013,1987.8877756150578
2024-01-01 15:15:00+00:00,1987.8877756150578,1990.9664639338555,1987.4220613641187,1990.4723006083884
2024-01-01 15:20:00+00:00,1990.4723006083884,1992.1056700034158,1989.9599282960235,1991.2646483813608
2024-01-01 15:25:00+00:00,1991.2646483813608,1991.52384008181,1989.4677712920795,1990.239398817507
2024-01-01 15:30:00+00:00,1990.239398817507,1990.7229408893916,1989.1047078429071,1989.5378409574241
2024-01-01 15:35:00+00:00,1989.5378409574241,1990.0240784803868,1988.6278186875938,1989.61623917075
2024-01-01 15:40:00+00:00,1989.61623917075,1990.4475950919275,1987.3190457856979,1988.217098666643
2024-01-01 15:45:00+00:00,1988.217098666643,1988.85454612838,1987.5699420881351,1988.36898417272
2024-01-01 15:50:00+00:00,1988.36898417272,1988.744170244299,1987.013718511809,1987.9559385374241
2024-01-01 15:55:00+00:00,1987.9559385374241,1989.3032360595496,1987.624333005828,1989.0597014676325
2024-01-01 16:00:00+00:00,1989.0597014676325,1990.7222034149522,1988.4599924350848,1989.9257606798997
2024-01-01 16:05:00+00:00,1989.9257606798997,1990.474027101042,1986.8113537746112,1987.4857244262885
2024-01-01 16:10:00+00:00,1987.4857244262885,1987.949326939176,1986.8425288221292,1987.5233780188712
2024-01-01 16:15:00+00:00,1987.5233780188712,1988.310645082261,1985.1381380851528,1986.0677791595363
2024-01-01 16:20:00+00:00,1986.0677791595363,1987.9974107521457,1985.579624088741,1987.0665758741743
2024-01-01 16:25:00+00:00,1987.0665758741743,1988.1653947003615,1986.3546596909891,1987.2179942967819
2024-01-01 16:30:00+00:00,1987.2179942967819,1987.8644954002807,1986.4811533046334,1987.7116829692209
2024-01-01 16:35:00+00:00,1987.7116829692209,1988.5567293548233,1985.8539516569592,1986.7531951038468
2024-01-01 16:40:00+00:00,1986.7531951038468,1988.9731831409415,1986.040087950982,1988.3989073336695
2024-01-01 16:45:00+00:00,1988.3989073336695,1990.7280915584292,1987.5228919225567,1990.21709900481
2024-01-01 16:50:00+00:00,1990.21709900481,1990.9522552091685,1988.7727284586688,1989.2589313322296
2024-01-01 16:55:00+00:00,1989.2589313322296,1990.3863016835662,1989.032783670792,1989.5945918327707
2024-01-01 17:00:00+00:00,1989.5945918327707,1990.3958737551236,1988.000577669291,1988.9887471631591
2024-01-01 17:05:00+00:00,1988.9887471631591,1989.5566527581575,1988.0406114198358,1988.967662361002
2024-01-01 17:10:00+00:00,1988.967662361002,1989.46949830782,1987.5662384118332,1987.8287178457956
2024-01-01 17:15:00+00:00,1987.8287178457956,1989.716961306614,1987.5952214624463,1989.5092782000922
2024-01-01 17:20:00+00:00,1989.5092782000922,1990.1071614653918,1988.1305363646495,1988.6371466563699
2024-01-01 17:25:00+00:00,1988.6371466563699,1989.1068158931637,1988.0120547912866,1988.3708018642021
2024-01-01 17:30:00+00:00,1988.3708018642021,1989.6039189426554,1987.83888114959,1988.82226776861
2024-01-01 17:35:00+00:00,1988.82226776861,1989.2360615490827,1987.8761156949126,1988.239595049522
2024-01-01 17:40:00+00:00,1988.239595049522,1989.091398959014,1987.6158386741392,1988.0243463793274
2024-01-01 17:45:00+00:00,1988.0243463793274,1989.0146802402107,1987.3609082057653,1987.5172036591857
2024-01-01 17:50:00+00:00,1987.5172036591857,1987.9869619864244,1986.4200416576105,1987.397222746554
2024-01-01 17:55:00+00:00,1987.397222746554,1987.8993384553808,1985.5060483606271,1986.3438687667626
2024-01-01 18:00:00+00:00,1986.3438687667626,1986.8196436171831,1985.170538773331,1985.9498145155978
2024-01-01 18:05:00+00:00,1985.9498145155978,1986.1698249575163,1985.1653102671485,1985.763746525312
2024-01-01 18:10:00+00:00,1985.763746525312,1986.6437793203602,1984.7623245814425,1985.4635293889216
2024-01-01 18:15:00+00:00,1985.4635293889216,1985.7645478597738,1984.9703876265883,1985.5146872404375
2024-01-01 18:20:00+00:00,1985.5146872404375,1986.0091886824482,1984.7235305445479,1985.251032760206
2024-01-01 18:25:00+00:00,1985.251032760206,1986.330641201626,1984.3946773910807,1985.9290611700694
2024-01-01 18:30:00+00:00,1985.9290611700694,1986.6828068279233,1984.6769562159716,1985.6383236042082
2024-01-01 18:35:00+00:00,1985.6383236042082,1986.1374589683453,1984.8532327648495,1985.5154783599658
2024-01-01 18:40:00+00:00,1985.5154783599658,1985.7975040833035,1984.0888605991502,1984.9173151750717
2024-01-01 18:45:00+00:00,1984.9173151750717,1985.250109291032,1984.1669721609098,1984.4435924615484
2024-01-01 18:50:00+00:00,1984.4435924615484,1984.9000667430646,1982.5649124835875,1983.305690217469
2024-01-01 18:55:00+00:00,1983.305690217469,1984.1912942567212,1982.9929572493654,1983.7727385389958
2024-01-01 19:00:00+00:00,1983.7727385389958,1984.2893692612483,1981.7505966561935,1982.7446148409233
2024-01-01 19:05:00+00:00,1982.7446148409233,1982.8906791330508,1981.8378417670115,1982.0734872254466
2024-01-01 19:10:00+00:00,1982.0734872254466,1983.3704571147014,1981.6088268174665,1982.3969511802277
2024-01-01 19:15:00+00:00,1982.3969511802277,1982.8874835456998,1981.6482517890913,1982.7594116026269
2024-01-01 19:20:00+00:00,1982.7594116026269,1983.3845427445854,1981.7865346609008,1982.3994533448497
2024-01-01 19:25:00+00:00,1982.3994533448497,1983.2290269469802,1979.7909233757523,1980.5822597586152
2024-01-01 19:30:00+00:00,1980.5822597586152,1981.5782925632195,1979.71012050621,1980.9608679854648
2024-01-01 19:35:00+00:00,1980.9608679854648,1981.8831199301128,1979.9846028086597,1981.1946219918293
2024-01-01 19:40:00+00:00,1981.1946219918293,1981.4208908206185,1979.1611205284846,1979.9236264163444
2024-01-01 19:45:00+00:00,1979.9236264163444,1981.2599907912218,1978.9743118856659,1980.6170644343774
2024-01-01 19:50:00+00:00,1980.6170644343774,1981.5553830261272,1979.3291775915663,1979.9862233825834
2024-01-01 19:55:00+00:00,1979.9862233825834,1980.87800132391,1978.210316668387,1978.9728034717195
2024-01-01 20:00:00+00:00,1978.9728034717195,1979.5738175712092,1978.508286757825,1979.0591111303397
2024-01-01 20:05:00+00:00,1979.0591111303397,1979.9548844306064,1978.736259892223,1978.898638385911
2024-01-01 20:10:00+00:00,1978.898638385911,1979.194692115391,1978.2445575166385,1979.0811512557116
2024-01-01 20:15:00+00:00,1979.0811512557116,1979.91552562976,1977.5303014820536,1977.6361298972065
2024-01-01 20:20:00+00:00,1977.6361298972065,1979.738496253563,1976.6743119530615,1979.2672895209164
2024-01-01 20:25:00+00:00,1979.2672895209164,1980.0750702244816,1978.0712282537615,1978.72504991197
2024-01-01 20:30:00+00:00,1978.72504991197,1979.642693047599,1976.3401751558324,1977.3395103035446
2024-01-01 20:35:00+00:00,1977.3395103035446,1978.5421025134133,1976.549136923777,1977.896622667554
2024-01-01 20:40:00+00:00,1977.896622667554,1978.6166778652353,1977.2387194858482,1977.5774539698405
2024-01-01 20:45:00+00:00,1977.5774539698405,1978.092326244348,1976.9777691949128,1977.8699822514918
2024-01-01 20:50:00+00:00,1977.8699822514918,1978.665771748312,1977.2183083224386,1977.5644909334628
2024-01-01 20:55:00+00:00,1977.5644909334628,1977.6722109126645,1976.8470276410985,1977.5108815036428
2024-01-01 21:00:00+00:00,1977.5108815036428,1978.3530341855296,1976.6394187555027,1977.7322345826974
2024-01-01 21:05:00+00:00,1977.7322345826974,1978.2655747674169,1976.4738790793674,1977.060405131881
2024-01-01 21:10:00+00:00,1977.060405131881,1978.1888447162867,1976.6975563573756,1977.671429538001
2024-01-01 21:15:00+00:00,1977.671429538001,1978.0729070131977,1976.7299522766025,1977.2486788437536
2024-01-01 21:20:00+00:00,1977.2486788437536,1977.7650735622674,1975.861652343985,1976.4661204340027
2024-01-01 21:25:00+00:00,1976.4661204340027,1977.0135011370548,1975.7409234936351,1976.5356102587236
2024-01-01 21:30:00+00:00,1976.5356102587236,1977.5547323870792,1975.613693376571,1976.9363086795242
2024-01-01 21:35:00+00:00,1976.9363086795242,1977.3454921134326,1976.3423723078674,1976.7302991673043
2024-01-01 21:40:00+00:00,1976.7302991673043,1977.4015153452356,1975.3424627290801,1975.954193879248
2024-01-01 21:45:00+00:00,1975.954193879248,1976.9819248291067,1975.593523443079,1976.5121640343189
2024-01-01 21:50:00+00:00,1976.5121640343189,1977.2340439201753,1974.795850471416,1974.9280318918795
2024-01-01 21:55:00+00:00,1974.9280318918795,1975.7283769960554,1973.1707539161343,1974.000418564997
2024-01-01 22:00:00+00:00,1974.000418564997,1974.4324689416994,1973.2990398115812,1974.0361541871048
2024-01-01 22:05:00+00:00,1974.0361541871048,1974.4523130524015,1972.0988493525865,1972.8113663743359
2024-01-01 22:10:00+00:00,1972.8113663743359,1973.8239662581725,1972.6849760224666,1972.8367274829438
2024-01-01 22:15:00+00:00,1972.8367274829438,1973.5951567068118,1972.6566731315042,1972.7875175725892
2024-01-01 22:20:00+00:00,1972.7875175725892,1974.3729407459816,1972.2027232876071,1973.5965509035018
2024-01-01 22:25:00+00:00,1973.5965509035018,1974.1225680385503,1972.3486062711374,1972.773407732888
2024-01-01 22:30:00+00:00,1972.773407732888,1973.7161267805852,1971.2481900523076,1972.2102606327069
2024-01-01 22:35:00+00:00,1972.2102606327069,1972.9679102510504,1971.6018184534298,1972.5102935451123
2024-01-01 22:40:00+00:00,1972.5102935451123,1972.9952578689924,1970.0146129136424,1970.2986563351799
2024-01-01 22:45:00+00:00,1970.2986563351799,1973.7494843887066,1969.9751672955388,1973.0888650505337
2024-01-01 22:50:00+00:00,1973.0888650505337,1973.6504554185867,1971.8913523179715,1972.4602506645272
2024-01-01 22:55:00+00:00,1972.4602506645272,1973.245038091744,1971.656215773152,1971.8035710135612
2024-01-01 23:00:00+00:00,1971.8035710135612,1973.1900869459728,1971.5635737068108,1972.5787582949397
2024-01-01 23:05:00+00:00,1972.5787582949397,1973.3025602686387,1971.8263822051363,1972.5430827842908
2024-01-01 23:10:00+00:00,1972.5430827842908,1973.416881234644,1970.5681967985183,1970.941770799179
2024-01-01 23:15:00+00:00,1970.941770799179,1972.2153991447756,1970.2785166061358,1971.506179838062
2024-01-01 23:20:00+00:00,1971.506179838062,1972.6508053533046,1971.3734766952516,1972.276194910539
2024-01-01 23:25:00+00:00,1972.276194910539,1973.0119493689983,1971.1937206891325,1971.8714189113666
2024-01-01 23:30:00+00:00,1971.8714189113666,1972.4075073340396,1971.408118685119,1971.6181548609377
2024-01-01 23:35:00+00:00,1971.6181548609377,1972.1662239790683,1971.0025018339911,1972.0557178955833
2024-01-01 23:40:00+00:00,1972.0557178955833,1972.946858701969,1970.4704895408756,1971.2379931928506
2024-01-01 23:45:00+00:00,1971.2379931928506,1971.7825385222882,1970.696760216857,1971.6327210479053
2024-01-01 23:50:00+00:00,1971.6327210479053,1972.618728610188,1971.1401009837662,1971.812268479652
2024-01-01 23:55:00+00:00,1971.812268479652,1971.9988996972559,1970.334686264415,1971.2050085228782
2024-01-02 00:00:00+00:00,1971.2050085228782,1971.3395920175412,1969.2103469273645,1969.9522968589504
2024-01-02 00:05:00+00:00,1969.9522968589504,1970.5290268051865,1969.316015249265,1969.7494322588464
2024-01-02 00:10:00+00:00,1969.7494322588464,1970.1376635633567,1968.540223478245,1968.9617334990712
2024-01-02 00:15:00+00:00,1968.9617334990712,1970.5995034197697,1968.6764934027992,1969.8631845999207
2024-01-02 00:20:00+00:00,1969.8631845999207,1970.3660143024413,1969.5124900464607,1969.993043954386
2024-01-02 00:25:00+00:00,1969.993043954386,1970.8686027533465,1969.394964257765,1970.6971031725834
2024-01-02 00:30:00+00:00,1970.6971031725834,1971.5268820430708,1969.8463921365308,1970.818446687365
2024-01-02 00:35:00+00:00,1970.818446687365,1971.6149074534542,1970.5842030696317,1971.0552420907911
2024-01-02 00:40:00+00:00,1971.0552420907911,1971.4738389290176,1969.5638171798705,1970.3507280884119
2024-01-02 00:45:00+00:00,1970.3507280884119,1971.6696474112166,1969.7226551436336,1970.9521564205327
2024-01-02 00:50:00+00:00,1970.9521564205327,1973.247882565504,1970.7578629781976,1972.5585711406932
2024-01-02 00:55:00+00:00,1972.5585711406932,1972.800138730319,1972.0617027312098,1972.2800392390898
2024-01-02 01:00:00+00:00,1972.2800392390898,1972.9664402579363,1971.5163451978171,1971.7467296875875
2024-01-02 01:05:00+00:00,1971.7467296875875,1971.968956596628,1971.1583142765921,1971.6048648041346
2024-01-02 01:10:00+00:00,1971.6048648041346,1971.9561731581755,1970.5407509362317,1971.1719013224904
2024-01-02 01:15:00+00:00,1971.1719013224904,1971.675486014862,1969.8469855648611,1970.540759352377
2024-01-02 01:20:00+00:00,1970.540759352377,1970.8790778519751,1970.1537562661285,1970.6653236557013
2024-01-02 01:25:00+00:00,1970.6653236557013,1970.772212820401,1970.0660874009036,1970.4036885247874
2024-01-02 01:30:00+00:00,1970.4036885247874,1972.2478552104394,1969.4596123945496,1971.698866033155
2024-01-02 01:35:00+00:00,1971.698866033155,1972.490106886968,1971.2833347482092,1971.699239410802
2024-01-02 01:40:00+00:00,1971.699239410802,1972.5596842178866,1971.0936278939575,1971.9909527147358
2024-01-02 01:45:00+00:00,1971.9909527147358,1973.1435408777736,1971.6799682918324,1972.8479655450792
2024-01-02 01:50:00+00:00,1972.8479655450792,1973.8080930280407,1972.3389762601141,1972.577479052047
2024-01-02 01:55:00+00:00,1972.577479052047,1974.006238766758,1972.3742319543583,1973.870736337427
2024-01-02 02:00:00+00:00,1973.870736337427,1974.5419833182818,1972.8549264740107,1973.3015065705367
2024-01-02 02:05:00+00:00,1973.3015065705367,1973.8030540793332,1971.9011189231041,1972.5742072882954
2024-01-02 02:10:00+00:00,1972.5742072882954,1973.0930835582142,1971.2585157391827,1972.2447632458645
2024-01-02 02:15:00+00:00,1972.2447632458645,1973.1919336514343,1971.380966728611,1972.1417144927066
2024-01-02 02:20:00+00:00,1972.1417144927066,1972.8322632558927,1970.1500766004954,1970.880725637308
2024-01-02 02:25:00+00:00,1970.880725637308,1971.352514124999,1970.621042189719,1970.8493384813607
2024-01-02 02:30:00+00:00,1970.8493384813607,1971.5992150065467,1968.7068965450749,1969.3487993248123
2024-01-02 02:35:00+00:00,1969.3487993248123,1970.9835843874503,1968.8838059487516,1970.6019232852282
2024-01-02 02:40:00+00:00,1970.6019232852282,1971.0705659439573,1970.2270214669293,1970.5292260539643
2024-01-02 02:45:00+00:00,1970.5292260539643,1970.7575848169704,1969.6355461745418,1969.9516647518192
2024-01-02 02:50:00+00:00,1969.9516647518192,1970.670465235902,1968.26491627381,1969.1343617205234
2024-01-02 02:55:00+00:00,1969.1343617205234,1969.8773827518796,1968.441725070175,1968.7885761939735
2024-01-02 03:00:00+00:00,1968.7885761939735,1969.0866115419053,1968.357375637114,1968.5880071977017
2024-01-02 03:05:00+00:00,1968.5880071977017,1968.7267870521625,1967.2132594604209,1967.6481504790454
2024-01-02 03:10:00+00:00,1967.6481504790454,1968.4643366440946,1966.2258926635534,1966.8205386700768
2024-01-02 03:15:00+00:00,1966.8205386700768,1967.1447365013216,1966.1120326250643,1966.6522855660714
2024-01-02 03:20:00+00:00,1966.6522855660714,1967.1057137001867,1965.946380487863,1966.1837852186836
2024-01-02 03:25:00+00:00,1966.1837852186836,1968.0056153474227,1965.7555727631277,1967.0292826627003
2024-01-02 03:30:00+00:00,1967.0292826627003,1968.208009877739,1966.2310914344218,1968.053572275306
2024-01-02 03:35:00+00:00,1968.053572275306,1968.1829760246928,1967.5471528515986,1968.0681982594083
2024-01-02 03:40:00+00:00,1968.0681982594083,1968.8920881067563,1967.3514059009742,1968.4946454001981
2024-01-02 03:45:00+00:00,1968.4946454001981,1969.066937499817,1966.2947594382138,1967.2931840149545
2024-01-02 03:50:00+00:00,1967.2931840149545,1968.3760064539063,1967.1647473437265,1967.8670687295407
2024-01-02 03:55:00+00:00,1967.8670687295407,1967.9750563676666,1967.6996951800666,1967.839753008154
2024-01-02 04:00:00+00:00,1967.839753008154,1969.218500949684,1966.94513133954,1968.2761645187632
2024-01-02 04:05:00+00:00,1968.2761645187632,1970.0199969230334,1967.6430180282382,1969.7166956885287
2024-01-02 04:10:00+00:00,1969.7166956885287,1970.108785925392,1966.816891274391,1967.6641349842284
2024-01-02 04:15:00+00:00,1967.6641349842284,1968.115089674674,1967.1184281203118,1967.8992002468642
2024-01-02 04:20:00+00:00,1967.8992002468642,1968.1852812883283,1966.5183305271435,1966.9102056165789
2024-01-02 04:25:00+00:00,1966.9102056165789,1968.3616657704501,1966.2245408703318,1967.4433957904869
2024-01-02 04:30:00+00:00,1967.4433957904869,1967.5534973331357,1965.8900974896699,1966.2616274735233
2024-01-02 04:35:00+00:00,1966.2616274735233,1966.4849535910637,1964.8520151928149,1965.81598226502
2024-01-02 04:40:00+00:00,1965.81598226502,1966.6149934381106,1965.3829212793298,1965.9986576720828
2024-01-02 04:45:00+00:00,1965.9986576720828,1967.5216172485275,1965.6545099371695,1966.551031771831
2024-01-02 04:50:00+00:00,1966.551031771831,1967.2350710661776,1966.2939798152797,1966.6185627292687
2024-01-02 04:55:00+00:00,1966.6185627292687,1966.7747821521332,1965.7588721685256,1965.9052317862922
2024-01-02 05:00:00+00:00,1965.9052317862922,1966.1497222527078,1964.9267786328132,1965.4072703175393
2024-01-02 05:05:00+00:00,1965.4072703175393,1966.5303809609204,1965.1122225116324,1966.2035410719327
2024-01-02 05:10:00+00:00,1966.2035410719327,1966.4901450382586,1965.2671875931458,1966.1988101951622
2024-01-02 05:15:00+00:00,1966.1988101951622,1966.6351417911008,1964.2665644744552,1964.6835966404306
2024-01-02 05:20:00+00:00,1964.6835966404306,1965.669858397111,1964.3616402038667,1965.4431131053766
2024-01-02 05:25:00+00:00,1965.4431131053766,1966.7505736442783,1965.0279032244744,1965.8179573897003
2024-01-02 05:30:00+00:00,1965.8179573897003,1967.5351499363526,1964.9480942949324,1966.6042526580868
2024-01-02 05:35:00+00:00,1966.6042526580868,1966.7624976006969,1965.5187629841569,1966.3015098410856
2024-01-02 05:40:00+00:00,1966.3015098410856,1967.372454583825,1965.3196927585066,1967.0470732354854
2024-01-02 05:45:00+00:00,1967.0470732354854,1967.9663503523388,1965.4147430397338,1966.092337960378
2024-01-02 05:50:00+00:00,1966.092337960378,1967.26403995544,1965.6283579791434,1966.6055615681294
2024-01-02 05:55:00+00:00,1966.6055615681294,1966.8500852974912,1965.8559398958769,1966.1644436925144
2024-01-02 06:00:00+00:00,1966.1644436925144,1967.2252034477194,1965.3482235985837,1966.7715852550712
2024-01-02 06:05:00+00:00,1966.7715852550712,1968.6762080740339,1966.2769846269337,1967.6768906130524
2024-01-02 06:10:00+00:00,1967.6768906130524,1968.4001239488691,1966.5291541740348,1967.0147257545295
2024-01-02 06:15:00+00:00,1967.0147257545295,1967.9120712504885,1966.4175171970026,1966.9688461263436
2024-01-02 06:20:00+00:00,1966.9688461263436,1967.3676559362234,1966.2182304123305,1967.004132818595
2024-01-02 06:25:00+00:00,1967.004132818595,1968.7958244798053,1966.5933711026137,1968.075059308171
2024-01-02 06:30:00+00:00,1968.075059308171,1969.5386143496494,1967.5225409944464,1968.7147903690009
2024-01-02 06:35:00+00:00,1968.7147903690009,1969.299409235024,1967.196503400975,1967.6176699830671
2024-01-02 06:40:00+00:00,1967.6176699830671,1968.137001250327,1966.6711385611613,1968.0297474464583
2024-01-02 06:45:00+00:00,1968.0297474464583,1969.6558821105696,1967.6415659257707,1968.7005583887312
2024-01-02 06:50:00+00:00,1968.7005583887312,1970.8882533324752,1967.8867843942396,1970.612214973976
2024-01-02 06:55:00+00:00,1970.612214973976,1970.984001039262,1968.6975542338628,1969.1012126908854
2024-01-02 07:00:00+00:00,1969.1012126908854,1969.4278442353661,1967.8950163446993,1968.6187281500108
2024-01-02 07:05:00+00:00,1968.6187281500108,1970.8125692665599,1968.239868758775,1969.8189953734336
2024-01-02 07:10:00+00:00,1969.8189953734336,1970.263028154502,1968.1141514972517,1968.5996658839101
2024-01-02 07:15:00+00:00,1968.5996658839101,1968.849565405162,1966.647400468885,1967.5203857626784
2024-01-02 07:20:00+00:00,1967.5203857626784,1968.894449439442,1967.285249584219,1967.9859947678992
2024-01-02 07:25:00+00:00,1967.9859947678992,1969.6587880072013,1967.8109984475204,1968.902798217147
2024-01-02 07:30:00+00:00,1968.902798217147,1969.8589153864377,1967.5412673111116,1968.301222058044
2024-01-02 07:35:00+00:00,1968.301222058044,1969.6177963041991,1968.0559319318922,1968.7875734177198
2024-01-02 07:40:00+00:00,1968.7875734177198,1969.358503944328,1968.5805393009261,1968.893070689898
2024-01-02 07:45:00+00:00,1968.893070689898,1970.5625131577892,1968.5233161002263,1970.2601829752844
2024-01-02 07:50:00+00:00,1970.2601829752844,1970.6647623237125,1969.884505251401,1970.259055159394
2024-01-02 07:55:00+00:00,1970.259055159394,1971.4479220377036,1969.3113161851786,1971.1505171450908
2024-01-02 08:00:00+00:00,1971.1505171450908,1971.8260363589427,1969.4785753838653,1970.3379511017117
2024-01-02 08:05:00+00:00,1970.3379511017117,1970.5080082189709,1969.8607417874757,1970.1718007922777
2024-01-02 08:10:00+00:00,1970.1718007922777,1970.886111128785,1969.408487955178,1970.085008064052
2024-01-02 08:15:00+00:00,1970.085008064052,1972.0457600934333,1969.840035004313,1971.110447122027
2024-01-02 08:20:00+00:00,1971.110447122027,1971.9799581101195,1970.191777084452,1971.6323413879118
2024-01-02 08:25:00+00:00,1971.6323413879118,1972.5794227272772,1970.2000937780392,1970.9560067251418
2024-01-02 08:30:00+00:00,1970.9560067251418,1971.7678210706767,1970.7033543022653,1971.5700214929263
2024-01-02 08:35:00+00:00,1971.5700214929263,1973.0063783662647,1971.361462615117,1972.263834047262
2024-01-02 08:40:00+00:00,1972.263834047262,1973.0623938467652,1971.755694439298,1972.1635979278033
2024-01-02 08:45:00+00:00,1972.1635979278033,1972.310123908947,1970.9659233972861,1971.9319474999816
2024-01-02 08:50:00+00:00,1971.9319474999816,1972.884223532972,1971.094890704445,1971.7577708598865
2024-01-02 08:55:00+00:00,1971.7577708598865,1972.40443797867,1969.9014331114886,1970.2325246003597
2024-01-02 09:00:00+00:00,1970.2325246003597,1971.1513939799597,1969.3487721438498,1970.4026408386133
2024-01-02 09:05:00+00:00,1970.4026408386133,1971.529910890683,1970.10487387537,1970.6140091309371
2024-01-02 09:10:00+00:00,1970.6140091309371,1971.3202897834117,1969.53691246162,1969.8352822406518
2024-01-02 09:15:00+00:00,1969.8352822406518,1970.8227644830001,1969.0556169846934,1970.5037332717152
2024-01-02 09:20:00+00:00,1970.5037332717152,1970.8884723335395,1968.389024740721,1969.2683130607277
2024-01-02 09:25:00+00:00,1969.2683130607277,1970.1101595748098,1967.7926216542392,1968.771932177806
2024-01-02 09:30:00+00:00,1968.771932177806,1969.72342438476,1968.21071000727,1968.344486297124
2024-01-02 09:35:00+00:00,1968.344486297124,1970.7592094351278,1967.4638115609887,1970.1334970524022
2024-01-02 09:40:00+00:00,1970.1334970524022,1970.326969971141,1967.8817257936366,1968.6944839270366
2024-01-02 09:45:00+00:00,1968.6944839270366,1970.1973911604437,1967.8571426646486,1969.2011043133668
2024-01-02 09:50:00+00:00,1969.2011043133668,1970.4299480157956,1968.243379737181,1970.0492690449196
2024-01-02 09:55:00+00:00,1970.0492690449196,1971.1029910061955,1969.9319630888278,1970.3894764593563
2024-01-02 10:00:00+00:00,1970.3894764593563,1971.9684532414487,1969.950740567069,1971.4533586411533
2024-01-02 10:05:00+00:00,1971.4533586411533,1972.282200959442,1970.1425067181474,1970.5511503796968
2024-01-02 10:10:00+00:00,1970.5511503796968,1970.658037126148,1967.8105838248525,1968.499173919651
2024-01-02 10:15:00+00:00,1968.499173919651,1969.9399693986263,1967.8505222241936,1969.1895669268376
2024-01-02 10:20:00+00:00,1969.1895669268376,1970.139385811148,1967.1785822510265,1968.1135791108252
2024-01-02 10:25:00+00:00,1968.1135791108252,1968.7130358223064,1967.3190257503159,1967.8200773792034
2024-01-02 10:30:00+00:00,1967.8200773792034,1968.3802318968105,1966.1957527774482,1966.759374763869
2024-01-02 10:35:00+00:00,1966.759374763869,1968.088353973866,1965.9089881084458,1967.7067418425495
2024-01-02 10:40:00+00:00,1967.7067418425495,1968.9692295537043,1967.365778918017,1968.4856370864343
2024-01-02 10:45:00+00:00,1968.4856370864343,1968.9046183127548,1967.5920969193814,1967.8378404483
2024-01-02 10:50:00+00:00,1967.8378404483,1969.0874522157594,1966.9940859396831,1968.6512443911092
2024-01-02 10:55:00+00:00,1968.6512443911092,1969.3899819961357,1968.5140503699236,1968.7606558322354
2024-01-02 11:00:00+00:00,1968.7606558322354,1969.3748882598932,1968.1617071025262,1968.6354684175483
2024-01-02 11:05:00+00:00,1968.6354684175483,1969.1175127246645,1967.9314311034173,1968.6874065712811
2024-01-02 11:10:00+00:00,1968.6874065712811,1969.2493581891702,1968.251929898775,1968.505195930389
2024-01-02 11:15:00+00:00,1968.505195930389,1969.913371421588,1967.6645057980923,1969.0589650758698
2024-01-02 11:20:00+00:00,1969.0589650758698,1969.766755338654,1968.851576024712,1969.3385429223977
2024-01-02 11:25:00+00:00,1969.3385429223977,1970.233390034572,1968.6869589602284,1969.0242881488145
2024-01-02 11:30:00+00:00,1969.0242881488145,1970.0772744887747,1968.112081375574,1969.930184603334
2024-01-02 11:35:00+00:00,1969.930184603334,1970.4920634492214,1969.1300516594763,1969.38012345841
2024-01-02 11:40:00+00:00,1969.38012345841,1970.1858733129038,1968.9089648116249,1969.6386312706124
2024-01-02 11:45:00+00:00,1969.6386312706124,1970.3852495947394,1968.8727321137364,1970.0188392632595
2024-01-02 11:50:00+00:00,1970.0188392632595,1972.04770148184,1969.4652260212006,1971.3500344007102
2024-01-02 11:55:00+00:00,1971.3500344007102,1971.7114467834679,1969.9792643030971,1970.8954065823723
2024-01-02 12:00:00+00:00,1970.8954065823723,1972.9437683115202,1970.713138257008,1972.4644508178058
2024-01-02 12:05:00+00:00,1972.4644508178058,1973.585642527471,1972.3240220515777,1972.6232699330983
2024-01-02 12:10:00+00:00,1972.6232699330983,1973.2275453165767,1971.61457890008,1972.4489619974215
2024-01-02 12:15:00+00:00,1972.4489619974215,1972.70898164114,1971.6737410710703,1971.8440084305653
2024-01-02 12:20:00+00:00,1971.8440084305653,1972.7878018927327,1971.632057104238,1972.3719450417811
2024-01-02 12:25:00+00:00,1972.3719450417811,1972.600118776015,1972.25451393169,1972.4162599209242
2024-01-02 12:30:00+00:00,1972.4162599209242,1973.0547583648133,1971.1380356375978,1971.4232853658123
2024-01-02 12:35:00+00:00,1971.4232853658123,1971.5746352517904,1970.1238932479805,1970.4084613164807
2024-01-02 12:40:00+00:00,1970.4084613164807,1971.1413417210085,1968.9242501735707,1969.9087690638396
2024-01-02 12:45:00+00:00,1969.9087690638396,1970.7097083084984,1968.8123621792868,1969.300639319813
2024-01-02 12:50:00+00:00,1969.300639319813,1970.6008012081275,1968.6364916018529,1970.2821877569029
2024-01-02 12:55:00+00:00,1970.2821877569029,1972.2054448512176,1969.899239582628,1971.52044913469
2024-01-02 13:00:00+00:00,1971.52044913469,1973.2038684230824,1971.0328515626475,1972.3024303308623
2024-01-02 13:05:00+00:00,1972.3024303308623,1972.993428151018,1971.5030716205988,1972.6247904916604
2024-01-02 13:10:00+00:00,1972.6247904916604,1973.457476516058,1971.3636685481588,1972.2396548894483
2024-01-02 13:15:00+00:00,1972.2396548894483,1972.9246515665216,1971.4000360125067,1972.2889691892028
2024-01-02 13:20:00+00:00,1972.2889691892028,1973.8799645083852,1971.5347813870947,1973.0854855296327
2024-01-02 13:25:00+00:00,1973.0854855296327,1975.207401060225,1972.6737354596123,1975.0036412000663
2024-01-02 13:30:00+00:00,1975.0036412000663,1976.0718015614373,1974.433266337291,1975.8255317699986
2024-01-02 13:35:00+00:00,1975.8255317699986,1975.9692858029518,1975.133243089403,1975.5734427503721
2024-01-02 13:40:00+00:00,1975.5734427503721,1976.4729969821249,1974.8629099162533,1975.6079478538827
2024-01-02 13:45:00+00:00,1975.6079478538827,1976.3862437866355,1974.292414460029,1975.1739406032411
2024-01-02 13:50:00+00:00,1975.1739406032411,1976.1479773133528,1974.270899262424,1974.4700656703599
2024-01-02 13:55:00+00:00,1974.4700656703599,1974.798568409649,1974.1405872027544,1974.304532278915
2024-01-02 14:00:00+00:00,1974.304532278915,1975.0708983905884,1973.9551529657308,1974.4808705375292
2024-01-02 14:05:00+00:00,1974.4808705375292,1976.7798785924285,1973.5633278470689,1976.1334676262466
2024-01-02 14:10:00+00:00,1976.1334676262466,1976.7874768031156,1975.8486825738562,1976.1805831349902
2024-01-02 14:15:00+00:00,1976.1805831349902,1978.281024093551,1975.2668996009627,1977.4024923133213
2024-01-02 14:20:00+00:00,1977.4024923133213,1979.7590525744977,1977.196550497159,1978.9935200222756
2024-01-02 14:25:00+00:00,1978.9935200222756,1979.197364525695,1978.0109725045957,1979.0647352665294
2024-01-02 14:30:00+00:00,1979.0647352665294,1981.0425591469104,1978.8916340974426,1980.5120430514821
2024-01-02 14:35:00+00:00,1980.5120430514821,1981.8493847650693,1979.6406849178265,1981.1557743267706
2024-01-02 14:40:00+00:00,1981.1557743267706,1981.5447703137686,1980.2232406350056,1980.7802825975616
2024-01-02 14:45:00+00:00,1980.7802825975616,1981.7722712347797,1979.859742685178,1981.0192352812583
2024-01-02 14:50:00+00:00,1981.0192352812583,1981.876143649415,1980.1387957137486,1981.0401166039094
2024-01-02 14:55:00+00:00,1981.0401166039094,1981.2173304950554,1980.4523833644387,1980.8313033884479
2024-01-02 15:00:00+00:00,1980.8313033884479,1981.2882039083986,1979.9804218930421,1980.6526928153196
2024-01-02 15:05:00+00:00,1980.6526928153196,1981.5059169388294,1980.080557814855,1980.7827743500904
2024-01-02 15:10:00+00:00,1980.7827743500904,1981.761451920579,1979.8632665685448,1981.1738311632478
2024-01-02 15:15:00+00:00,1981.1738311632478,1981.9802977511235,1980.1149112462015,1980.3777318874063
2024-01-02 15:20:00+00:00,1980.3777318874063,1980.7213438845245,1979.7859553556061,1980.3695780284893
2024-01-02 15:25:00+00:00,1980.3695780284893,1980.4824070789375,1978.8621323969935,1978.9997541706966
2024-01-02 15:30:00+00:00,1978.9997541706966,1980.0294350020836,1978.4461551382778,1979.2347664070846
2024-01-02 15:35:00+00:00,1979.2347664070846,1980.2548255312704,1978.711279197402,1979.7963028474019
2024-01-02 15:40:00+00:00,1979.7963028474019,1980.8945628116073,1979.5149545637,1979.9441597391178
2024-01-02 15:45:00+00:00,1979.9441597391178,1980.3146347407398,1979.6076209428659,1980.201725738115
2024-01-02 15:50:00+00:00,1980.201725738115,1981.2137606606261,1979.3205610243888,1980.7329733186673
2024-01-02 15:55:00+00:00,1980.7329733186673,1981.2605582702051,1979.3178335048735,1980.1346819712985
2024-01-02 16:00:00+00:00,1980.1346819712985,1980.5974833316996,1978.9820232067375,1979.919838035411
2024-01-02 16:05:00+00:00,1979.919838035411,1980.6725585964261,1979.732243569991,1980.379968537428
2024-01-02 16:10:00+00:00,1980.379968537428,1981.686936644191,1980.079802656584,1981.2819669863452
2024-01-02 16:15:00+00:00,1981.2819669863452,1981.8283339548068,1980.6653328687044,1981.637698160295
2024-01-02 16:20:00+00:00,1981.637698160295,1984.3591895372836,1981.1361562659174,1983.935574178232
2024-01-02 16:25:00+00:00,1983.935574178232,1984.3394591110325,1983.1918528239999,1983.853652826161
2024-01-02 16:30:00+00:00,1983.853652826161,1985.4804385019856,1983.3673185155697,1984.7536510005539
2024-01-02 16:35:00+00:00,1984.7536510005539,1986.1034589029862,1984.4509878974459,1985.8940103240304
2024-01-02 16:40:00+00:00,1985.8940103240304,1986.815435927184,1985.0466410749632,1985.7739225004527
2024-01-02 16:45:00+00:00,1985.7739225004527,1986.057237072821,1984.5131323712915,1985.0357665696781
2024-01-02 16:50:00+00:00,1985.0357665696781,1985.4750149348315,1983.1917937348544,1983.9717302231898
2024-01-02 16:55:00+00:00,1983.9717302231898,1985.0218782749757,1983.5103728321394,1984.1180864364
2024-01-02 17:00:00+00:00,1984.1180864364,1986.0939065941989,1983.2792300522885,1985.1176567339273
2024-01-02 17:05:00+00:00,1985.1176567339273,1986.336553499639,1984.8504289642888,1985.3624664564177
2024-01-02 17:10:00+00:00,1985.3624664564177,1986.2830659829608,1985.1155712969794,1985.518345712849
2024-01-02 17:15:00+00:00,1985.518345712849,1986.3112715538193,1984.6099552904345,1985.1773626318143
2024-01-02 17:20:00+00:00,1985.1773626318143,1986.1285035357153,1984.588007401825,1985.6825994300834
2024-01-02 17:25:00+00:00,1985.6825994300834,1986.4625222731559,1983.4462864756003,1983.760662147617
2024-01-02 17:30:00+00:00,1983.760662147617,1984.1691606760503,1982.875178870687,1983.9701093627652
2024-01-02 17:35:00+00:00,1983.9701093627652,1984.6554645081944,1983.2608424758519,1983.9957349553522
2024-01-02 17:40:00+00:00,1983.9957349553522,1984.285969932831,1982.3419368285154,1982.762741272514
2024-01-02 17:45:00+00:00,1982.762741272514,1985.1914070570997,1982.4605702601862,1984.721092568389
2024-01-02 17:50:00+00:00,1984.721092568389,1984.9235679149513,1982.997846256895,1983.4727344492135
2024-01-02 17:55:00+00:00,1983.4727344492135,1983.5966503243544,1981.6892632959107,1982.5032804163525
2024-01-02 18:00:00+00:00,1982.5032804163525,1982.7432338214937,1981.251448101036,1981.4228186589348
2024-01-02 18:05:00+00:00,1981.4228186589348,1982.9193592207978,1980.490692368555,1982.4224653449758
2024-01-02 18:10:00+00:00,1982.4224653449758,1983.2091517792867,1980.998833902232,1981.6235052594686
2024-01-02 18:15:00+00:00,1981.6235052594686,1982.5388628092908,1980.9833376809074,1982.2256129457508
2024-01-02 18:20:00+00:00,1982.2256129457508,1982.9597399085849,1981.2933542599421,1982.7546896227122
2024-01-02 18:25:00+00:00,1982.7546896227122,1983.1521599885014,1982.6483611992594,1982.9887111574262
2024-01-02 18:30:00+00:00,1982.9887111574262,1983.496992834841,1981.4684386446988,1981.8122089312837
2024-01-02 18:35:00+00:00,1981.8122089312837,1982.27349164028,1980.3581244618167,1981.2616326060215
2024-01-02 18:40:00+00:00,1981.2616326060215,1983.3204968303367,1980.587117378124,1982.7677561190574
2024-01-02 18:45:00+00:00,1982.7677561190574,1983.3682872900172,1980.7260702843253,1981.6063978246962
2024-01-02 18:50:00+00:00,1981.6063978246962,1981.9607206737655,1980.3375853297794,1980.8582296505258
2024-01-02 18:55:00+00:00,1980.8582296505258,1981.1866401481657,1980.3248352792357,1980.712529695263
2024-01-02 19:00:00+00:00,1980.712529695263,1982.419425806683,1979.987662918398,1981.440943300414
2024-01-02 19:05:00+00:00,1981.440943300414,1981.7989114584245,1981.087912752623,1981.667741737354
2024-01-02 19:10:00+00:00,1981.667741737354,1983.01040868051,1980.851360389054,1982.3359052711937
2024-01-02 19:15:00+00:00,1982.3359052711937,1982.609809433955,1980.862039987947,1981.375664877071
2024-01-02 19:20:00+00:00,1981.375664877071,1982.9790976066035,1981.2555007662065,1982.2262888522253
2024-01-02 19:25:00+00:00,1982.2262888522253,1983.2106273442596,1981.4507426003186,1982.7387404528545
2024-01-02 19:30:00+00:00,1982.7387404528545,1983.544782090325,1980.7369003766155,1981.3039586440295
2024-01-02 19:35:00+00:00,1981.3039586440295,1983.6611764048885,1980.5480987998037,1982.6902101470105
2024-01-02 19:40:00+00:00,1982.6902101470105,1985.1928680979422,1982.5705423482784,1984.753695762111
2024-01-02 19:45:00+00:00,1984.753695762111,1985.2239586729745,1983.3182123031813,1984.0623043066996
2024-01-02 19:50:00+00:00,1984.0623043066996,1985.008975834015,1983.9232285388098,1984.1127206327535
2024-01-02 19:55:00+00:00,1984.1127206327535,1986.152138904429,1983.928923035307,1985.3707303737274
2024-01-02 20:00:00+00:00,1985.3707303737274,1986.340915312235,1983.064863208693,1984.037944208498
2024-01-02 20:05:00+00:00,1984.037944208498,1984.52688678772,1981.5376289215658,1982.2474005876686
2024-01-02 20:10:00+00:00,1982.2474005876686,1983.1239628856333,1980.3387008970644,1981.0804821691
2024-01-02 20:15:00+00:00,1981.0804821691,1982.0599716305076,1980.2042665578788,1980.5704539778692
2024-01-02 20:20:00+00:00,1980.5704539778692,1981.194514426514,1979.9302829544217,1980.0501885286503
2024-01-02 20:25:00+00:00,1980.0501885286503,1980.8027071029921,1979.1996043042018,1980.5971341517545
2024-01-02 20:30:00+00:00,1980.5971341517545,1981.1765238075984,1979.7704457804978,1980.8391506782452
2024-01-02 20:35:00+00:00,1980.8391506782452,1981.3843329725453,1978.7919314215794,1979.7180155568453
2024-01-02 20:40:00+00:00,1979.7180155568453,1980.7334635151108,1979.4778570555543,1980.2289925718055
2024-01-02 20:45:00+00:00,1980.2289925718055,1982.4658256866007,1979.9336065671973,1981.9160014462768
2024-01-02 20:50:00+00:00,1981.9160014462768,1983.702989401912,1981.5464386428125,1982.9936865894767
2024-01-02 20:55:00+00:00,1982.9936865894767,1984.2321284931024,1982.289807229734,1983.8860202095066
2024-01-02 21:00:00+00:00,1983.8860202095066,1984.4470012106967,1983.675929167112,1983.9045178873685
2024-01-02 21:05:00+00:00,1983.9045178873685,1984.8979593527358,1983.513466411274,1984.7901243098195
2024-01-02 21:10:00+00:00,1984.7901243098195,1985.5460233669492,1983.28291738626,1983.920943564196
2024-01-02 21:15:00+00:00,1983.920943564196,1985.2238546511674,1983.6902522514226,1984.5971961549258
2024-01-02 21:20:00+00:00,1984.5971961549258,1984.87601299256,1983.9549440892008,1984.5190126198981
2024-01-02 21:25:00+00:00,1984.5190126198981,1986.3804274387069,1983.5390564004365,1985.5371684155732
2024-01-02 21:30:00+00:00,1985.5371684155732,1986.5489367759515,1985.3266368957995,1985.9569192043668
2024-01-02 21:35:00+00:00,1985.9569192043668,1986.6145575917296,1984.6295367448547,1984.9763693149653
2024-01-02 21:40:00+00:00,1984.9763693149653,1985.4294505954479,1984.5818629395978,1985.0919055159093
2024-01-02 21:45:00+00:00,1985.0919055159093,1986.8549094293853,1984.1561177332853,1986.188648006636
2024-01-02 21:50:00+00:00,1986.188648006636,1986.4003647477668,1984.5486515552886,1985.17268130305
2024-01-02 21:55:00+00:00,1985.17268130305,1985.6061417202202,1983.850811120071,1984.669799830736
2024-01-02 22:00:00+00:00,1984.669799830736,1984.9965633942052,1983.1403667387747,1983.9783391663175
2024-01-02 22:05:00+00:00,1983.9783391663175,1984.9438440623476,1982.103216492881,1982.6326034881247
2024-01-02 22:10:00+00:00,1982.6326034881247,1984.3904933986853,1982.083654747795,1983.4980912291542
2024-01-02 22:15:00+00:00,1983.4980912291542,1985.3932880709817,1983.0469186187845,1984.6783357202064
2024-01-02 22:20:00+00:00,1984.6783357202064,1985.662513503011,1983.8212066374788,1985.3987221500006
2024-01-02 22:25:00+00:00,1985.3987221500006,1985.8576354115664,1984.6090495718577,1985.6173836024152
2024-01-02 22:30:00+00:00,1985.6173836024152,1985.9954074535228,1984.9115398923223,1985.5709041501314
2024-01-02 22:35:00+00:00,1985.5709041501314,1986.074680391796,1984.576693313033,1985.786695839281
2024-01-02 22:40:00+00:00,1985.786695839281,1986.0855402791483,1984.9354448837464,1985.1286455576544
2024-01-02 22:45:00+00:00,1985.1286455576544,1986.5076191666546,1984.9611315079064,1985.9334572668945
2024-01-02 22:50:00+00:00,1985.9334572668945,1987.519408314141,1985.6628084178922,1986.8747516524409
2024-01-02 22:55:00+00:00,1986.8747516524409,1988.313401604758,1986.7377354660057,1987.7143927520342
2024-01-02 23:00:00+00:00,1987.7143927520342,1988.553339443939,1987.0411250460584,1987.2368919001553
2024-01-02 23:05:00+00:00,1987.2368919001553,1987.7472832735198,1986.9795903654613,1987.3078089770536
2024-01-02 23:10:00+00:00,1987.3078089770536,1987.4470467191331,1986.8913647363051,1987.1589600341965
2024-01-02 23:15:00+00:00,1987.1589600341965,1989.0632384772443,1987.023495579981,1988.7690317626696
2024-01-02 23:20:00+00:00,1988.7690317626696,1989.2736825921595,1988.271118689227,1988.9311133887804
2024-01-02 23:25:00+00:00,1988.9311133887804,1989.0920732503962,1986.8508950952998,1987.2376052537018
2024-01-02 23:30:00+00:00,1987.2376052537018,1987.7450906760307,1986.3237400364594,1987.5966166339865
2024-01-02 23:35:00+00:00,1987.5966166339865,1989.4449827406788,1986.6153604998476,1989.2910131777653
2024-01-02 23:40:00+00:00,1989.2910131777653,1990.1075691661981,1989.1012255880255,1989.9080288670586
2024-01-02 23:45:00+00:00,1989.9080288670586,1991.2523880401814,1989.073848945299,1990.6999187758715
2024-01-02 23:50:00+00:00,1990.6999187758715,1991.225277455126,1990.0749856348034,1990.7327327108849
2024-01-02 23:55:00+00:00,1990.7327327108849,1991.6129617682689,1988.68278614077,1988.9588415932458
2024-01-03 00:00:00+00:00,1988.9588415932458,1989.7255245802182,1986.6578314692138,1987.3299696596036
2024-01-03 00:05:00+00:00,1987.3299696596036,1987.750036276283,1985.8053320806175,1986.208977332425
2024-01-03 00:10:00+00:00,1986.208977332425,1986.4060730644933,1985.8132038716874,1986.0951897942514
2024-01-03 00:15:00+00:00,1986.0951897942514,1986.9889571305819,1985.6013901737083,1986.3745503613336
2024-01-03 00:20:00+00:00,1986.3745503613336,1987.9611876266001,1985.4408386816187,1986.9953856435773
2024-01-03 00:25:00+00:00,1986.9953856435773,1987.4257687851896,1986.4936434782203,1986.6893365754852
2024-01-03 00:30:00+00:00,1986.6893365754852,1988.5188616365363,1985.8304423129896,1987.5509367035297
2024-01-03 00:35:00+00:00,1987.5509367035297,1988.059842864301,1986.890791390219,1987.2995272415405
2024-01-03 00:40:00+00:00,1987.2995272415405,1987.6305155975797,1986.396088823351,1986.665851723359
2024-01-03 00:45:00+00:00,1986.665851723359,1988.0947782014828,1986.3876005527409,1987.432694937968
2024-01-03 00:50:00+00:00,1987.432694937968,1988.2898230732271,1986.4502035091816,1986.6100607489614
2024-01-03 00:55:00+00:00,1986.6100607489614,1986.8014884486693,1983.5936573312483,1984.1542512320875
2024-01-03 01:00:00+00:00,1984.1542512320875,1985.076193218949,1982.5528420993483,1983.2006576949777
2024-01-03 01:05:00+00:00,1983.2006576949777,1983.740447864296,1982.5785830595214,1983.2857694569516
2024-01-03 01:10:00+00:00,1983.2857694569516,1983.7406908445375,1980.1152995060072,1980.5139782699066
2024-01-03 01:15:00+00:00,1980.5139782699066,1981.239802689125,1979.396560698328,1980.1929234495235
2024-01-03 01:20:00+00:00,1980.1929234495235,1981.0329946028696,1979.688750940975,1979.8944121728925
2024-01-03 01:25:00+00:00,1979.8944121728925,1980.0944542020984,1977.997487723954,1978.6109724721541
2024-01-03 01:30:00+00:00,1978.6109724721541,1979.0988232426894,1976.6484300266097,1977.2770906504281
2024-01-03 01:35:00+00:00,1977.2770906504281,1978.0391336465277,1976.2698183802727,1976.8612468186288
2024-01-03 01:40:00+00:00,1976.8612468186288,1977.3684810994778,1975.914131932732,1976.3692292125259
2024-01-03 01:45:00+00:00,1976.3692292125259,1978.4814377180687,1975.7317625202854,1977.503529042625
2024-01-03 01:50:00+00:00,1977.503529042625,1978.5221469693277,1977.1440586369242,1977.841279579969
2024-01-03 01:55:00+00:00,1977.841279579969,1978.0711508530446,1976.044243189821,1976.4188841008167
2024-01-03 02:00:00+00:00,1976.4188841008167,1976.615432952746,1975.3934853527044,1975.6500728248445
2024-01-03 02:05:00+00:00,1975.6500728248445,1976.7713212197375,1975.0163987317671,1976.2850758712132
2024-01-03 02:10:00+00:00,1976.2850758712132,1978.603597190259,1975.7275949662617,1977.9918312603124
2024-01-03 02:15:00+00:00,1977.9918312603124,1978.8427983820134,1977.0152077873925,1978.3400577267976
2024-01-03 02:20:00+00:00,1978.3400577267976,1979.480987409523,1977.341461826586,1978.6200765641845
2024-01-03 02:25:00+00:00,1978.6200765641845,1980.9461500363873,1977.9999493856967,1980.2951319542108
2024-01-03 02:30:00+00:00,1980.2951319542108,1981.2331732669825,1979.7743636525825,1980.2751064519434
2024-01-03 02:35:00+00:00,1980.2751064519434,1981.2066555225852,1979.4350393497577,1979.99729501187
2024-01-03 02:40:00+00:00,1979.99729501187,1980.5794105606512,1978.57481567067,1978.7257511553134
2024-01-03 02:45:00+00:00,1978.7257511553134,1979.1794767904562,1977.766388862815,1978.2644173538924
2024-01-03 02:50:00+00:00,1978.2644173538924,1980.4882984967642,1977.7638568519794,1980.2256401198931
2024-01-03 02:55:00+00:00,1980.2256401198931,1980.957844304553,1978.7212795618047,1978.9464547893936
2024-01-03 03:00:00+00:00,1978.9464547893936,1979.6229034174944,1977.997080061083,1978.9569098733439
2024-01-03 03:05:00+00:00,1978.9569098733439,1979.5334404934895,1976.748763699575,1977.6897983610836
2024-01-03 03:10:00+00:00,1977.6897983610836,1978.728638659855,1977.0104878677705,1977.8058103323049
2024-01-03 03:15:00+00:00,1977.8058103323049,1979.0673575883445,1977.1033064570174,1978.6050772384647
2024-01-03 03:20:00+00:00,1978.6050772384647,1979.156064568365,1977.3901394574193,1978.3861778987637
2024-01-03 03:25:00+00:00,1978.3861778987637,1979.6089446460173,1978.2760655505233,1979.0438761152425
2024-01-03 03:30:00+00:00,1979.0438761152425,1980.0778623544984,1978.1342076959418,1979.6930218564878
2024-01-03 03:35:00+00:00,1979.6930218564878,1980.594247141619,1979.2175479331795,1980.0957311143493
2024-01-03 03:40:00+00:00,1980.0957311143493,1982.1373157716264,1979.9882887590334,1981.6407418622673
2024-01-03 03:45:00+00:00,1981.6407418622673,1982.9392702201105,1981.2866936388668,1982.3420838343873
2024-01-03 03:50:00+00:00,1982.3420838343873,1982.84151643179,1981.564407454687,1982.0680090234662
2024-01-03 03:55:00+00:00,1982.0680090234662,1982.4765583745282,1980.978404551532,1981.4556572535012
2024-01-03 04:00:00+00:00,1981.4556572535012,1981.7333992447611,1980.4851816321348,1980.6952715895034
2024-01-03 04:05:00+00:00,1980.6952715895034,1981.995365551152,1980.433625420824,1981.1239429572092
2024-01-03 04:10:00+00:00,1981.1239429572092,1981.6882334332806,1980.2741924242653,1980.8329846232964
2024-01-03 04:15:00+00:00,1980.8329846232964,1984.1617988160267,1980.6476251360696,1983.2896268823906
2024-01-03 04:20:00+00:00,1983.2896268823906,1985.9025178155005,1982.484239303719,1984.9482222765157
2024-01-03 04:25:00+00:00,1984.9482222765157,1985.3124568623605,1984.165674047354,1984.7555438511067
2024-01-03 04:30:00+00:00,1984.7555438511067,1985.395465771787,1983.8018113227656,1984.459719521585
2024-01-03 04:35:00+00:00,1984.459719521585,1986.9339029627201,1983.7638945109893,1985.9812728438728
2024-01-03 04:40:00+00:00,1985.9812728438728,1986.2646555734214,1983.4039966347111,1984.2866440900796
2024-01-03 04:45:00+00:00,1984.2866440900796,1984.6236868985309,1983.7528695268077,1983.8806438111642
2024-01-03 04:50:00+00:00,1983.8806438111642,1985.3466477471945,1983.0445206825552,1984.7367213665975
2024-01-03 04:55:00+00:00,1984.7367213665975,1984.9227637866368,1983.5614943508265,1983.916230477386
2024-01-03 05:00:00+00:00,1983.916230477386,1984.1020021910397,1983.1003320220343,1983.4874810512956
2024-01-03 05:05:00+00:00,1983.4874810512956,1983.6921805274737,1983.0572958357789,1983.1718521765822
2024-01-03 05:10:00+00:00,1983.1718521765822,1984.714356539232,1982.3575863617343,1983.766978623288
2024-01-03 05:15:00+00:00,1983.766978623288,1984.8216986652953,1983.2611624528406,1983.891152244557
2024-01-03 05:20:00+00:00,1983.891152244557,1985.223941373891,1982.8969326151027,1984.2534309638227
2024-01-03 05:25:00+00:00,1984.2534309638227,1985.2594958974119,1984.0991360307553,1984.789586991572
2024-01-03 05:30:00+00:00,1984.789586991572,1985.0416167385902,1984.075320403196,1984.816932697094
2024-01-03 05:35:00+00:00,1984.816932697094,1986.519095812008,1984.6648678640622,1985.8168442007584
2024-01-03 05:40:00+00:00,1985.8168442007584,1986.2537328217509,1984.2886174284595,1985.161183767082
2024-01-03 05:45:00+00:00,1985.161183767082,1985.6664354951195,1983.734892881642,1983.869077596415
2024-01-03 05:50:00+00:00,1983.869077596415,1984.087763872488,1981.6078106603036,1982.2702967725588
2024-01-03 05:55:00+00:00,1982.2702967725588,1982.486078450382,1979.9256784100444,1980.8117923970458
2024-01-03 06:00:00+00:00,1980.8117923970458,1981.056947142299,1979.994598787591,1980.3167332910843
2024-01-03 06:05:00+00:00,1980.3167332910843,1982.1365469705604,1979.8171531096143,1981.2441811707245
2024-01-03 06:10:00+00:00,1981.2441811707245,1982.165227899924,1980.3336796164558,1981.401337553147
2024-01-03 06:15:00+00:00,1981.401337553147,1982.1124938008095,1980.578541016932,1980.8630525304309
2024-01-03 06:20:00+00:00,1980.8630525304309,1981.3700931492638,1978.9298081283596,1979.9005900476607
2024-01-03 06:25:00+00:00,1979.9005900476607,1980.693656862145,1979.1015150443993,1979.425001137485
2024-01-03 06:30:00+00:00,1979.425001137485,1979.834051352202,1978.142313048539,1979.0621101917284
2024-01-03 06:35:00+00:00,1979.0621101917284,1979.2743065445522,1978.2722064567322,1978.5539301660974
2024-01-03 06:40:00+00:00,1978.5539301660974,1979.0144562015555,1976.2767951498483,1977.2650503286854
2024-01-03 06:45:00+00:00,1977.2650503286854,1977.9948174895703,1976.1703454626409,1976.8372339660098
2024-01-03 06:50:00+00:00,1976.8372339660098,1978.4710674931798,1976.4655301466544,1977.7530677874638
2024-01-03 06:55:00+00:00,1977.7530677874638,1978.7396709805932,1975.2288868158664,1975.7963316665187
2024-01-03 07:00:00+00:00,1975.7963316665187,1976.4537813286126,1975.4553410472388,1975.5801964128875
2024-01-03 07:05:00+00:00,1975.5801964128875,1975.7534419586198,1972.743831521748,1973.6713960701854
2024-01-03 07:10:00+00:00,1973.6713960701854,1974.3249773714049,1973.4423656165015,1973.8365527214307
2024-01-03 07:15:00+00:00,1973.8365527214307,1974.704517041585,1972.4684024344385,1973.1642266964166
2024-01-03 07:20:00+00:00,1973.1642266964166,1974.0502193552772,1970.4559655029673,1971.2875228470148
2024-01-03 07:25:00+00:00,1971.2875228470148,1972.318566758239,1970.8569609607757,1971.3785704949144
2024-01-03 07:30:00+00:00,1971.3785704949144,1973.2352664842217,1971.0343990507201,1973.0146516151492
2024-01-03 07:35:00+00:00,1973.0146516151492,1973.8297515734582,1972.388922770918,1973.113070922282
2024-01-03 07:40:00+00:00,1973.113070922282,1974.7901110619387,1972.3605314897075,1974.1591008098803
2024-01-03 07:45:00+00:00,1974.1591008098803,1974.5070926292237,1973.4994862998356,1974.0951650252005
2024-01-03 07:50:00+00:00,1974.0951650252005,1974.346722651804,1971.8787508514374,1972.1537520822048
2024-01-03 07:55:00+00:00,1972.1537520822048,1972.8275891565693,1971.7684826370585,1972.5956066511949
2024-01-03 08:00:00+00:00,1972.5956066511949,1973.152548163648,1971.8742944252876,1972.2195753275705
2024-01-03 08:05:00+00:00,1972.2195753275705,1973.0445281542752,1969.9067371604572,1970.9041195702496
2024-01-03 08:10:00+00:00,1970.9041195702496,1972.5091937461389,1970.529001711714,1971.6108938794432
2024-01-03 08:15:00+00:00,1971.6108938794432,1972.7742460755944,1970.719890185669,1971.8694876160926
2024-01-03 08:20:00+00:00,1971.8694876160926,1972.7806671265987,1970.4913912072186,1971.3970414922653
2024-01-03 08:25:00+00:00,1971.3970414922653,1972.482633473293,1971.0670251636946,1972.1787271530245
2024-01-03 08:30:00+00:00,1972.1787271530245,1972.9954958324456,1970.4091241095903,1971.3942861849862
2024-01-03 08:35:00+00:00,1971.3942861849862,1972.9720489566564,1970.4315789769057,1971.9737997179056
2024-01-03 08:40:00+00:00,1971.9737997179056,1972.3870000925938,1970.3059481450944,1971.1278103487184
2024-01-03 08:45:00+00:00,1971.1278103487184,1972.1439691546755,1970.3962570892909,1971.6087953124636
2024-01-03 08:50:00+00:00,1971.6087953124636,1971.929080490989,1970.2559485713628,1970.618548465657
2024-01-03 08:55:00+00:00,1970.618548465657,1972.423229220138,1970.245828894598,1971.9592447767423
2024-01-03 09:00:00+00:00,1971.9592447767423,1972.8546619926399,1971.169574745598,1972.1885490802006
2024-01-03 09:05:00+00:00,1972.1885490802006,1973.657187363483,1971.2978574399112,1973.4785648631168
2024-01-03 09:10:00+00:00,1973.4785648631168,1974.3884674239048,1971.80891674553,1972.7387922869493
2024-01-03 09:15:00+00:00,1972.7387922869493,1973.2855528532787,1971.441272197409,1972.310729579957
2024-01-03 09:20:00+00:00,1972.310729579957,1973.1791587453847,1971.5784974064006,1973.0668579523772
2024-01-03 09:25:00+00:00,1973.0668579523772,1973.365355506687,1970.2331501344174,1970.5979431977337
2024-01-03 09:30:00+00:00,1970.5979431977337,1971.520081769862,1969.0875076359646,1969.6382627324642
2024-01-03 09:35:00+00:00,1969.6382627324642,1971.4225783149539,1968.6925022671583,1970.5685539185088
2024-01-03 09:40:00+00:00,1970.5685539185088,1971.9327374334123,1969.627267723577,1970.987584864083
2024-01-03 09:45:00+00:00,1970.987584864083,1972.4274684893855,1970.6870103750575,1971.8689104514065
2024-01-03 09:50:00+00:00,1971.8689104514065,1972.6102915802983,1970.6215541186223,1971.5905594572557
2024-01-03 09:55:00+00:00,1971.5905594572557,1972.3858648061803,1970.6378660806015,1972.0985933300021
2024-01-03 10:00:00+00:00,1972.0985933300021,1972.5128322101343,1970.9448967550127,1971.4412685411887
2024-01-03 10:05:00+00:00,1971.4412685411887,1972.0916862603767,1969.288824456089,1970.2069398897886
2024-01-03 10:10:00+00:00,1970.2069398897886,1971.1322281300263,1967.7439879446413,1968.6820607179816
2024-01-03 10:15:00+00:00,1968.6820607179816,1969.0669194255443,1967.4706243937653,1968.1859590336705
2024-01-03 10:20:00+00:00,1968.1859590336705,1968.365888735242,1966.7368003981937,1967.6923493081829
2024-01-03 10:25:00+00:00,1967.6923493081829,1968.0454222333203,1966.4916300551545,1967.1263478301182
2024-01-03 10:30:00+00:00,1967.1263478301182,1967.3081799257855,1963.623693791204,1963.9328621610707
2024-01-03 10:35:00+00:00,1963.9328621610707,1964.6562402213356,1961.7438333126488,1962.1345583509665
2024-01-03 10:40:00+00:00,1962.1345583509665,1962.2895634924112,1960.835587112773,1961.6556291656993
2024-01-03 10:45:00+00:00,1961.6556291656993,1962.504497568319,1961.0340504135656,1961.914384810622
2024-01-03 10:50:00+00:00,1961.914384810622,1962.4382716640448,1960.6437207111915,1961.3939127532428
2024-01-03 10:55:00+00:00,1961.3939127532428,1962.1932020694485,1960.101853707911,1960.6051472031686
2024-01-03 11:00:00+00:00,1960.6051472031686,1960.9696418546325,1957.5351754187436,1958.5279637586516
2024-01-03 11:05:00+00:00,1958.5279637586516,1960.834473263896,1958.3151690753825,1960.3477560741273
2024-01-03 11:10:00+00:00,1960.3477560741273,1961.0452959731188,1958.937536039542,1959.3571997280828
2024-01-03 11:15:00+00:00,1959.3571997280828,1961.7155058970368,1959.2555150587705,1960.872701132566
2024-01-03 11:20:00+00:00,1960.872701132566,1962.597524376608,1960.2307369994992,1962.277763513492
2024-01-03 11:25:00+00:00,1962.277763513492,1963.4907808816424,1961.8253462579064,1962.524745353513
2024-01-03 11:30:00+00:00,1962.524745353513,1963.0477287926453,1961.455130966332,1962.0098431947447
2024-01-03 11:35:00+00:00,1962.0098431947447,1962.8945710510868,1961.1946046905593,1962.1292841036752
2024-01-03 11:40:00+00:00,1962.1292841036752,1962.6778173678779,1960.7606957621606,1961.0919938829843
2024-01-03 11:45:00+00:00,1961.0919938829843,1961.7133815674717,1960.175361914519,1961.327099178035
2024-01-03 11:50:00+00:00,1961.327099178035,1961.9388907211978,1960.9726105878149,1961.3302049172005
2024-01-03 11:55:00+00:00,1961.3302049172005,1962.4729710194672,1960.6995766215455,1961.8094257895327
2024-01-03 12:00:00+00:00,1961.8094257895327,1963.6335904678085,1961.4542572481637,1962.665269009569
2024-01-03 12:05:00+00:00,1962.665269009569,1964.763905371037,1962.4336613744144,1964.225274329576
2024-01-03 12:10:00+00:00,1964.225274329576,1965.086208505911,1963.7484726919065,1963.8762413849242
2024-01-03 12:15:00+00:00,1963.8762413849242,1965.8068524876078,1963.663578618457,1964.815742892399
2024-01-03 12:20:00+00:00,1964.815742892399,1965.6276363916181,1963.6979122292287,1964.1036928264025
2024-01-03 12:25:00+00:00,1964.1036928264025,1964.4987060744695,1963.149727829062,1963.299037555281
2024-01-03 12:30:00+00:00,1963.299037555281,1963.7497373988965,1961.916476977502,1962.7432405702195
2024-01-03 12:35:00+00:00,1962.7432405702195,1963.634740409106,1961.7155744841377,1961.8599259118128
2024-01-03 12:40:00+00:00,1961.8599259118128,1962.8650172232808,1961.2787751359733,1962.742618855196
2024-01-03 12:45:00+00:00,1962.742618855196,1964.0828097411784,1962.3257281134856,1963.573991561772
2024-01-03 12:50:00+00:00,1963.573991561772,1965.6449030407541,1962.6334083013992,1964.7195284411457
2024-01-03 12:55:00+00:00,1964.7195284411457,1964.85540141213,1963.7724017776254,1964.6972150769245
2024-01-03 13:00:00+00:00,1964.6972150769245,1965.6127258195763,1964.516844298483,1964.9446160705977
2024-01-03 13:05:00+00:00,1964.9446160705977,1965.4829949880307,1963.6746305795616,1964.4244899541304
2024-01-03 13:10:00+00:00,1964.4244899541304,1964.91246348277,1962.758858242297,1963.3890836384167
2024-01-03 13:15:00+00:00,1963.3890836384167,1964.5638869852578,1962.680268352294,1963.791859406324
2024-01-03 13:20:00+00:00,1963.791859406324,1964.8604101432002,1963.4502447742966,1964.0338552640162
2024-01-03 13:25:00+00:00,1964.0338552640162,1964.7332724150594,1962.790846888449,1963.0380040080495
2024-01-03 13:30:00+00:00,1963.0380040080495,1963.7383963013722,1962.834077483533,1963.565264535695
2024-01-03 13:35:00+00:00,1963.565264535695,1964.4180812250213,1961.2472831995954,1961.9981718600968
2024-01-03 13:40:00+00:00,1961.9981718600968,1962.8486009734372,1961.1554376991517,1961.8375357822044
2024-01-03 13:45:00+00:00,1961.8375357822044,1962.3871370043362,1960.6305851640207,1961.2707165116983
2024-01-03 13:50:00+00:00,1961.2707165116983,1962.1214104494534,1960.4712929694576,1960.794831725074
2024-01-03 13:55:00+00:00,1960.794831725074,1961.0715445753744,1958.930487932597,1959.8201841784253
2024-01-03 14:00:00+00:00,1959.8201841784253,1961.175333777715,1959.6118008261892,1960.6778939188732
2024-01-03 14:05:00+00:00,1960.6778939188732,1961.7323470271638,1960.0128369492186,1961.1877129929278
2024-01-03 14:10:00+00:00,1961.1877129929278,1962.6954615406148,1960.4632243568697,1962.2532575413463
2024-01-03 14:15:00+00:00,1962.2532575413463,1963.1163284576112,1962.13954439435,1962.3711720884937
2024-01-03 14:20:00+00:00,1962.3711720884937,1963.3441016038803,1960.6043721411643,1961.2033913581622
2024-01-03 14:25:00+00:00,1961.2033913581622,1961.4361791992867,1960.6457686859585,1960.862758175535
2024-01-03 14:30:00+00:00,1960.862758175535,1961.3978300144086,1959.1421369182847,1959.7908609592998
2024-01-03 14:35:00+00:00,1959.7908609592998,1960.846360980738,1958.9950579897188,1960.193446041461
2024-01-03 14:40:00+00:00,1960.193446041461,1961.4293484068257,1959.5660939111563,1961.2727514363617
2024-01-03 14:45:00+00:00,1961.2727514363617,1962.4129203208247,1960.4917251711076,1961.5577034726189
2024-01-03 14:50:00+00:00,1961.5577034726189,1961.7587954907253,1960.0494407132828,1961.0069059590587
2024-01-03 14:55:00+00:00,1961.0069059590587,1961.2208375567072,1959.9252062394605,1960.6623834828154
2024-01-03 15:00:00+00:00,1960.6623834828154,1961.0383278652978,1960.203020175833,1960.8342610442853
2024-01-03 15:05:00+00:00,1960.8342610442853,1961.121211936365,1959.022027392423,1959.5204125742378
2024-01-03 15:10:00+00:00,1959.5204125742378,1960.5505580152335,1958.5935801668395,1959.6420283123975
2024-01-03 15:15:00+00:00,1959.6420283123975,1960.1789439745726,1958.8720992570093,1959.8076508364738
2024-01-03 15:20:00+00:00,1959.8076508364738,1960.2656789586056,1959.0605568827846,1959.3039073077694
2024-01-03 15:25:00+00:00,1959.3039073077694,1959.8592867792452,1958.2988706011365,1958.913751251889
2024-01-03 15:30:00+00:00,1958.913751251889,1959.9102696134235,1958.4605715114285,1959.0526877402042
2024-01-03 15:35:00+00:00,1959.0526877402042,1960.0053927853758,1958.0482173369003,1958.2987047122904
2024-01-03 15:40:00+00:00,1958.2987047122904,1958.7427906604917,1957.3106804006698,1957.5427657573885
2024-01-03 15:45:00+00:00,1957.5427657573885,1958.5970918499806,1956.8700554944887,1958.2272177201287
2024-01-03 15:50:00+00:00,1958.2272177201287,1958.6708787974246,1957.6188799315682,1958.4107301775643
2024-01-03 15:55:00+00:00,1958.4107301775643,1960.2062365151216,1957.7437761319795,1959.9040068532274
2024-01-03 16:00:00+00:00,1959.9040068532274,1960.5789354997266,1958.0916545367465,1958.997306714199
2024-01-03 16:05:00+00:00,1958.997306714199,1959.4589507878297,1956.5924541891998,1957.3769181354949
2024-01-03 16:10:00+00:00,1957.3769181354949,1959.0526864478036,1956.4773889995831,1958.2043004414097
2024-01-03 16:15:00+00:00,1958.2043004414097,1959.528161151561,1957.7616908991765,1959.0455123535637
2024-01-03 16:20:00+00:00,1959.0455123535637,1959.959549497701,1957.5722374201832,1958.3600299204224
2024-01-03 16:25:00+00:00,1958.3600299204224,1959.0338237038936,1956.0723181133837,1957.0169417942138
2024-01-03 16:30:00+00:00,1957.0169417942138,1957.7185996018768,1956.5857857203002,1956.952454072612
2024-01-03 16:35:00+00:00,1956.952454072612,1957.372672231893,1955.2362586392073,1955.3528236578777
2024-01-03 16:40:00+00:00,1955.3528236578777,1956.203254316179,1954.8172277160963,1955.0212405365176
2024-01-03 16:45:00+00:00,1955.0212405365176,1955.863062638248,1952.8122132980632,1953.0319052422176
2024-01-03 16:50:00+00:00,1953.0319052422176,1954.025410180806,1952.3382029888812,1952.791240365795
2024-01-03 16:55:00+00:00,1952.791240365795,1953.7431329624997,1949.9236391458207,1950.8555120584856
2024-01-03 17:00:00+00:00,1950.8555120584856,1951.5122270688287,1950.1332323773067,1950.614043978137
2024-01-03 17:05:00+00:00,1950.614043978137,1952.6655988212008,1950.3720493047588,1951.95059229862
2024-01-03 17:10:00+00:00,1951.95059229862,1952.12772627105,1950.816753756211,1951.680455406532
2024-01-03 17:15:00+00:00,1951.680455406532,1952.6365619986145,1951.5437797185225,1952.34265956639
2024-01-03 17:20:00+00:00,1952.34265956639,1953.2312534757714,1951.4904264344466,1951.7337805573652
2024-01-03 17:25:00+00:00,1951.7337805573652,1952.5556288122127,1950.0504452340642,1950.8986365085052
2024-01-03 17:30:00+00:00,1950.8986365085052,1951.7092451643593,1948.8484975995073,1949.5175572832902
2024-01-03 17:35:00+00:00,1949.5175572832902,1950.607850308034,1949.3438060261358,1950.4201268363504
2024-01-03 17:40:00+00:00,1950.4201268363504,1950.9963647359498,1949.9339102564325,1950.3333376403978
2024-01-03 17:45:00+00:00,1950.3333376403978,1952.7281009297142,1949.9566491811913,1951.757917268047
2024-01-03 17:50:00+00:00,1951.757917268047,1952.6455374925372,1950.0210255204743,1950.660574420592
2024-01-03 17:55:00+00:00,1950.660574420592,1951.6573501261983,1950.2153060380986,1950.4224856965843
2024-01-03 18:00:00+00:00,1950.4224856965843,1951.1339124853955,1950.167005297781,1950.4555488677163
2024-01-03 18:05:00+00:00,1950.4555488677163,1952.451331871928,1949.6069718717963,1951.6873990834183
2024-01-03 18:10:00+00:00,1951.6873990834183,1953.4968650337776,1951.1089449413205,1953.2871365815918
2024-01-03 18:15:00+00:00,1953.2871365815918,1953.7539996525952,1952.5005236768995,1952.6624994969138
2024-01-03 18:20:00+00:00,1952.6624994969138,1953.4700122421762,1951.3540501823234,1951.6007415384445
2024-01-03 18:25:00+00:00,1951.6007415384445,1951.9266500811814,1949.7182256253625,1949.9957787953422
2024-01-03 18:30:00+00:00,1949.9957787953422,1951.6392624251966,1949.1172921200887,1951.1561284595457
2024-01-03 18:35:00+00:00,1951.1561284595457,1951.331742905512,1950.8380636892848,1951.0342330891772
2024-01-03 18:40:00+00:00,1951.0342330891772,1951.520868987987,1949.6176358735588,1950.4070039290818
2024-01-03 18:45:00+00:00,1950.4070039290818,1950.7411121821358,1950.0970332348502,1950.3162086106956
2024-01-03 18:50:00+00:00,1950.3162086106956,1951.0211963372556,1947.663732025157,1947.9686922980113
2024-01-03 18:55:00+00:00,1947.9686922980113,1948.8992920387072,1946.017622382824,1946.3702245126378
2024-01-03 19:00:00+00:00,1946.3702245126378,1947.957862477119,1945.934734366562,1947.1661491336436
2024-01-03 19:05:00+00:00,1947.1661491336436,1948.0356591394566,1946.7457048792235,1947.4762816200089
2024-01-03 19:10:00+00:00,1947.4762816200089,1948.2370619855285,1946.6070948661275,1947.5650569767686
2024-01-03 19:15:00+00:00,1947.5650569767686,1948.109360935596,1945.992173649442,1946.6172431954415
2024-01-03 19:20:00+00:00,1946.6172431954415,1947.6043505125867,1945.9711318110253,1947.0995588025592
2024-01-03 19:25:00+00:00,1947.0995588025592,1949.5946997961692,1946.3967978603375,1948.6533792837508
2024-01-03 19:30:00+00:00,1948.6533792837508,1949.2177898997866,1947.2215408983893,1947.5043441846678
2024-01-03 19:35:00+00:00,1947.5043441846678,1947.9967504826973,1946.9939126821541,1947.4705043072793
2024-01-03 19:40:00+00:00,1947.4705043072793,1947.6137069705107,1946.148496445514,1947.0316465151973
2024-01-03 19:45:00+00:00,1947.0316465151973,1947.6218696181593,1946.4799966387911,1947.3090053550313
2024-01-03 19:50:00+00:00,1947.3090053550313,1948.1687939202793,1946.5993783455403,1947.2740314764878
2024-01-03 19:55:00+00:00,1947.2740314764878,1947.432986172139,1946.195443954392,1947.0939829555314
2024-01-03 20:00:00+00:00,1947.0939829555314,1947.3775149956696,1945.835313897256,1946.2522592072078
2024-01-03 20:05:00+00:00,1946.2522592072078,1947.1389209589693,1945.959817399928,1946.1901431672754
2024-01-03 20:10:00+00:00,1946.1901431672754,1947.087937377092,1944.801539922815,1945.5891924376806
2024-01-03 20:15:00+00:00,1945.5891924376806,1946.1025145357025,1945.0928663704592,1945.4093474554818
2024-01-03 20:20:00+00:00,1945.4093474554818,1946.1099504976698,1944.3629710792088,1945.3040976199443
2024-01-03 20:25:00+00:00,1945.3040976199443,1946.1396469404792,1944.6011282300738,1945.8448767767793
2024-01-03 20:30:00+00:00,1945.8448767767793,1946.4368336072255,1944.6734564450994,1945.2727049926027
2024-01-03 20:35:00+00:00,1945.2727049926027,1945.7997762382984,1944.3231748234157,1944.933541248814
2024-01-03 20:40:00+00:00,1944.933541248814,1946.591106119271,1944.6431182804401,1945.850226524791
2024-01-03 20:45:00+00:00,1945.850226524791,1946.6670738367764,1944.7358556584838,1945.6056477381944
2024-01-03 20:50:00+00:00,1945.6056477381944,1945.8934506703222,1944.7444433439657,1945.3217962542817
2024-01-03 20:55:00+00:00,1945.3217962542817,1947.0046137809443,1945.0485096645002,1946.0515563265662
2024-01-03 21:00:00+00:00,1946.0515563265662,1947.0555235841846,1945.6962955432577,1946.2487474576792
2024-01-03 21:05:00+00:00,1946.2487474576792,1946.7378485496538,1945.869185300188,1946.2827840089458
2024-01-03 21:10:00+00:00,1946.2827840089458,1947.420732985808,1945.505313768769,1946.4328787604484
2024-01-03 21:15:00+00:00,1946.4328787604484,1946.8834239599425,1944.9283960770135,1945.269679925093
2024-01-03 21:20:00+00:00,1945.269679925093,1946.3772750961318,1944.8912957290304,1945.6375832741926
2024-01-03 21:25:00+00:00,1945.6375832741926,1947.0213266649314,1945.0996158859712,1946.784522134762
2024-01-03 21:30:00+00:00,1946.784522134762,1948.253458144508,1945.871708963609,1947.261968249894
2024-01-03 21:35:00+00:00,1947.261968249894,1948.2366816354036,1945.0354413279215,1945.8169308353936
2024-01-03 21:40:00+00:00,1945.8169308353936,1947.0191843843434,1945.6809958779327,1946.0291876686085
2024-01-03 21:45:00+00:00,1946.0291876686085,1946.8318491873342,1944.7343378287812,1945.1722584324243
2024-01-03 21:50:00+00:00,1945.1722584324243,1945.3361747980048,1944.302600712662,1944.9267765850752
2024-01-03 21:55:00+00:00,1944.9267765850752,1945.37461735759,1944.3902511975027,1945.0028197737122
2024-01-03 22:00:00+00:00,1945.0028197737122,1945.1251143402776,1942.9738961983755,1943.8900173688978
2024-01-03 22:05:00+00:00,1943.8900173688978,1945.6126994951323,1942.9214469403078,1945.0534379557605
2024-01-03 22:10:00+00:00,1945.0534379557605,1945.710586181707,1944.7185606523205,1944.9534687787766
2024-01-03 22:15:00+00:00,1944.9534687787766,1946.6095724784063,1944.0721747110063,1945.6293614705908
2024-01-03 22:20:00+00:00,1945.6293614705908,1946.5209381415518,1945.411679186181,1946.1640209093132
2024-01-03 22:25:00+00:00,1946.1640209093132,1947.9752892146166,1945.7645554259955,1947.3375701045154
2024-01-03 22:30:00+00:00,1947.3375701045154,1949.3668329270645,1946.5416595599731,1948.3746904574696
2024-01-03 22:35:00+00:00,1948.3746904574696,1949.0790942497022,1946.7938529913868,1947.0133757273932
2024-01-03 22:40:00+00:00,1947.0133757273932,1947.8777741083295,1946.8550994410173,1947.0182356063196
2024-01-03 22:45:00+00:00,1947.0182356063196,1947.9753337571783,1944.8560842494123,1945.0636013326778
2024-01-03 22:50:00+00:00,1945.0636013326778,1945.1976487029515,1943.7206910809157,1944.628733365609
2024-01-03 22:55:00+00:00,1944.628733365609,1945.887710410955,1943.7436938594053,1945.239845724586
2024-01-03 23:00:00+00:00,1945.239845724586,1946.5876599454139,1944.927344757049,1946.0308452786774
2024-01-03 23:05:00+00:00,1946.0308452786774,1947.7185515232113,1945.045067891897,1947.1598218327194
2024-01-03 23:10:00+00:00,1947.1598218327194,1947.8419450370857,1946.6182476043593,1946.7897557647618
2024-01-03 23:15:00+00:00,1946.7897557647618,1947.2500441674733,1945.9470665538013,1947.047657879573
2024-01-03 23:20:00+00:00,1947.047657879573,1947.7457941962923,1946.6670335725496,1947.1054992142053
2024-01-03 23:25:00+00:00,1947.1054992142053,1948.4490571124823,1946.2656941878495,1948.216353036765
2024-01-03 23:30:00+00:00,1948.216353036765,1950.154516261388,1948.007581046723,1949.6166593454232
2024-01-03 23:35:00+00:00,1949.6166593454232,1950.2161308840361,1949.0988876562978,1949.2648163187293
2024-01-03 23:40:00+00:00,1949.2648163187293,1953.4812518717058,1948.7425408844865,1952.641825356465
2024-01-03 23:45:00+00:00,1952.641825356465,1952.874178733043,1951.7385100117394,1952.6099268879775
2024-01-03 23:50:00+00:00,1952.6099268879775,1953.6037190443699,1951.8422683071783,1952.2514661153648
2024-01-03 23:55:00+00:00,1952.2514661153648,1953.611408173118,1951.9130490332109,1952.7630615908677
2024-01-04 00:00:00+00:00,1952.7630615908677,1953.5422540810775,1952.1787774592387,1953.4180748049282
2024-01-04 00:05:00+00:00,1953.4180748049282,1954.7568176683535,1952.9567801056621,1953.8826683268005
2024-01-04 00:10:00+00:00,1953.8826683268005,1954.438546338599,1953.1602195572923,1953.2715006743056
2024-01-04 00:15:00+00:00,1953.2715006743056,1955.5701650248168,1952.8143270624275,1954.571463491414
2024-01-04 00:20:00+00:00,1954.571463491414,1955.0834285209478,1953.8052736585867,1954.5952475367403
2024-01-04 00:25:00+00:00,1954.5952475367403,1956.0677709036381,1954.4473803200628,1955.9552138796535
2024-01-04 00:30:00+00:00,1955.9552138796535,1957.9970913123655,1954.9759018004338,1957.1856633729933
2024-01-04 00:35:00+00:00,1957.1856633729933,1957.725164988238,1955.5276837219872,1956.0172381096481
2024-01-04 00:40:00+00:00,1956.0172381096481,1956.2141455796773,1954.2604317002176,1955.113901363544
2024-01-04 00:45:00+00:00,1955.113901363544,1955.3461441569077,1953.2007299705979,1954.1926372327262
2024-01-04 00:50:00+00:00,1954.1926372327262,1955.0745225513508,1953.3825714515306,1954.3975533555483
2024-01-04 00:55:00+00:00,1954.3975533555483,1955.176980527734,1953.7680947018605,1954.4270030091668
2024-01-04 01:00:00+00:00,1954.4270030091668,1954.8763666761408,1953.8820352139762,1954.6503682931934
2024-01-04 01:05:00+00:00,1954.6503682931934,1954.8041447562643,1953.7141790554404,1953.9014767582732
2024-01-04 01:10:00+00:00,1953.9014767582732,1954.5615890307151,1953.0143864422514,1954.2684582061993
2024-01-04 01:15:00+00:00,1954.2684582061993,1955.7142470556603,1953.6623587447725,1955.5156017986712
2024-01-04 01:20:00+00:00,1955.5156017986712,1955.971179745036,1953.5448763504453,1954.2979166242487
2024-01-04 01:25:00+00:00,1954.2979166242487,1954.8853864170653,1953.4707208650682,1954.1060515988027
2024-01-04 01:30:00+00:00,1954.1060515988027,1954.6056623739,1953.9775438576585,1954.3145080967704
2024-01-04 01:35:00+00:00,1954.3145080967704,1955.2018570961206,1953.9339777788628,1954.1827145200411
2024-01-04 01:40:00+00:00,1954.1827145200411,1955.136148801726,1953.7795951666642,1953.9905523888292
2024-01-04 01:45:00+00:00,1953.9905523888292,1956.0059105704984,1953.4017738873174,1955.5681431690691
2024-01-04 01:50:00+00:00,1955.5681431690691,1956.9623449256774,1955.0671631536056,1956.709057742603
2024-01-04 01:55:00+00:00,1956.709057742603,1958.3005443458867,1955.7503995562643,1957.459667635902
2024-01-04 02:00:00+00:00,1957.459667635902,1957.7619697394346,1956.3888143731692,1956.7607430982334
2024-01-04 02:05:00+00:00,1956.7607430982334,1959.528942450416,1956.372057698078,1958.7643448406698
2024-01-04 02:10:00+00:00,1958.7643448406698,1959.9150567907955,1958.5066116730463,1959.07621355666
2024-01-04 02:15:00+00:00,1959.07621355666,1959.242304434374,1957.9174278133341,1958.5430921527213
2024-01-04 02:20:00+00:00,1958.5430921527213,1958.678200734572,1958.0122840489566,1958.2265101690957
2024-01-04 02:25:00+00:00,1958.2265101690957,1958.5276703655784,1957.5445173911125,1957.7731726066281
2024-01-04 02:30:00+00:00,1957.7731726066281,1959.825775841091,1957.5387071140856,1959.6696144060459
2024-01-04 02:35:00+00:00,1959.6696144060459,1960.0848755329944,1959.2700574247465,1959.8422421290854
2024-01-04 02:40:00+00:00,1959.8422421290854,1960.8559776285613,1958.9768534216068,1959.8871899137428
2024-01-04 02:45:00+00:00,1959.8871899137428,1960.4888025095386,1956.9886238761467,1957.9377996654432
2024-01-04 02:50:00+00:00,1957.9377996654432,1958.7424414775016,1957.4039761535014,1958.5897902126578
2024-01-04 02:55:00+00:00,1958.5897902126578,1958.719032057944,1957.3153939126146,1957.6260057965242
2024-01-04 03:00:00+00:00,1957.6260057965242,1958.5137926623836,1955.7973026490552,1956.5979073964738
2024-01-04 03:05:00+00:00,1956.5979073964738,1957.554886729315,1956.4285404580462,1957.1380725200409
2024-01-04 03:10:00+00:00,1957.1380725200409,1957.4500769121655,1955.895804892658,1956.3498686750504
2024-01-04 03:15:00+00:00,1956.3498686750504,1957.5918809348082,1955.5814411022498,1957.0909845760616
2024-01-04 03:20:00+00:00,1957.0909845760616,1958.75729829554,1956.8936200291275,1958.089553425849
2024-01-04 03:25:00+00:00,1958.089553425849,1958.4250720537839,1956.298883259927,1956.4679636931191
2024-01-04 03:30:00+00:00,1956.4679636931191,1956.6392296254753,1955.6196572524457,1956.3343309825277
2024-01-04 03:35:00+00:00,1956.3343309825277,1956.5425432516797,1954.6083004384648,1954.906761756376
2024-01-04 03:40:00+00:00,1954.906761756376,1955.819911971485,1954.113806934728,1954.839888742789
2024-01-04 03:45:00+00:00,1954.839888742789,1956.0774819621272,1954.4183425314936,1955.6497351194691
2024-01-04 03:50:00+00:00,1955.6497351194691,1956.1479936059359,1953.709216772787,1954.411159311257
2024-01-04 03:55:00+00:00,1954.411159311257,1956.3147383088722,1953.6157363770917,1956.021972587103
2024-01-04 04:00:00+00:00,1956.021972587103,1956.2523004838008,1955.3067835051936,1955.7303656333704
2024-01-04 04:05:00+00:00,1955.7303656333704,1956.5203653747542,1954.1478336443831,1954.6531253096719
2024-01-04 04:10:00+00:00,1954.6531253096719,1954.9404007006376,1953.8364243016965,1954.528311014304
2024-01-04 04:15:00+00:00,1954.528311014304,1955.4160452960866,1953.849188344877,1955.22798021575
2024-01-04 04:20:00+00:00,1955.22798021575,1955.6211483304728,1953.3717915515906,1953.9749128208962
2024-01-04 04:25:00+00:00,1953.9749128208962,1954.1729618360457,1953.4494395471354,1953.9626466525124
2024-01-04 04:30:00+00:00,1953.9626466525124,1954.3305591873145,1952.265219740184,1952.7123892275945
2024-01-04 04:35:00+00:00,1952.7123892275945,1954.3630460135391,1952.4344975541019,1953.7817552287725
2024-01-04 04:40:00+00:00,1953.7817552287725,1954.1361387710463,1952.8702566463157,1953.9064159042057
2024-01-04 04:45:00+00:00,1953.9064159042057,1954.5229975339062,1952.8168849808226,1953.508575232286
2024-01-04 04:50:00+00:00,1953.508575232286,1955.0504440714344,1953.1030241085448,1954.4248893812692
2024-01-04 04:55:00+00:00,1954.4248893812692,1954.950899128729,1952.3632602253272,1953.2495161947495
2024-01-04 05:00:00+00:00,1953.2495161947495,1953.5960728148189,1952.4116916352411,1952.8795756527009
2024-01-04 05:05:00+00:00,1952.8795756527009,1955.2900027921048,1952.017715206895,1954.5249205602827
2024-01-04 05:10:00+00:00,1954.5249205602827,1955.3889578650878,1954.1391688162516,1954.396739640218
2024-01-04 05:15:00+00:00,1954.396739640218,1955.9871197910586,1953.6906418546814,1955.6011239254206
2024-01-04 05:20:00+00:00,1955.6011239254206,1955.901412199145,1955.4860237720652,1955.7598663532187
2024-01-04 05:25:00+00:00,1955.7598663532187,1956.7302433842165,1954.263231250801,1955.1127845852898
2024-01-04 05:30:00+00:00,1955.1127845852898,1955.9371295706694,1953.9974089275966,1954.8737666739523
2024-01-04 05:35:00+00:00,1954.8737666739523,1955.8297090065316,1953.8827185719051,1954.9255892591057
2024-01-04 05:40:00+00:00,1954.9255892591057,1955.603335494727,1953.5508238091145,1954.5391594878486
2024-01-04 05:45:00+00:00,1954.5391594878486,1954.6654245279226,1953.4577259447553,1953.7795111289643
2024-01-04 05:50:00+00:00,1953.7795111289643,1954.3072549195842,1952.6804930854157,1953.0579424416546
2024-01-04 05:55:00+00:00,1953.0579424416546,1953.1994500479548,1951.5562735745252,1951.7045057466232
2024-01-04 06:00:00+00:00,1951.7045057466232,1952.0409121056043,1951.1115624172,1951.7852837627024
2024-01-04 06:05:00+00:00,1951.7852837627024,1952.2751334419518,1950.8324989037146,1952.120742221329
2024-01-04 06:10:00+00:00,1952.120742221329,1953.291326205767,1951.2917758119222,1952.7758984564632
2024-01-04 06:15:00+00:00,1952.7758984564632,1953.2782420423484,1950.2001481781424,1951.131657783674
2024-01-04 06:20:00+00:00,1951.131657783674,1952.0773881361545,1950.9563328798422,1951.8377263064972
2024-01-04 06:25:00+00:00,1951.8377263064972,1952.7296308621758,1951.4279389696221,1951.8031190395393
2024-01-04 06:30:00+00:00,1951.8031190395393,1952.209482786605,1949.666099742933,1950.4981535064617
2024-01-04 06:35:00+00:00,1950.4981535064617,1951.474351530682,1949.6968903358709,1950.5669945563461
2024-01-04 06:40:00+00:00,1950.5669945563461,1951.7097440177229,1950.081237469672,1951.280919960152
2024-01-04 06:45:00+00:00,1951.280919960152,1952.722062747741,1951.0646286529816,1951.7318893170536
2024-01-04 06:50:00+00:00,1951.7318893170536,1952.467772969219,1951.584904558955,1952.3654751548384
2024-01-04 06:55:00+00:00,1952.3654751548384,1953.7996880588,1951.4607113528452,1953.1970680954278
2024-01-04 07:00:00+00:00,1953.1970680954278,1954.9070288190765,1952.5441587619728,1953.9842221988736
2024-01-04 07:05:00+00:00,1953.9842221988736,1954.7343321909655,1952.9547968216011,1953.9331103540592
2024-01-04 07:10:00+00:00,1953.9331103540592,1954.6279914170893,1951.7195704733087,1952.0398966306423
2024-01-04 07:15:00+00:00,1952.0398966306423,1953.0234906505116,1950.8195198007709,1951.3373826647676
2024-01-04 07:20:00+00:00,1951.3373826647676,1951.860451590395,1950.8985046301243,1951.6391142636955
2024-01-04 07:25:00+00:00,1951.6391142636955,1951.862804493817,1950.8579423058275,1951.197924423921
2024-01-04 07:30:00+00:00,1951.197924423921,1952.1576351402528,1951.065742420954,1951.7964647359397
2024-01-04 07:35:00+00:00,1951.7964647359397,1953.334278003815,1951.609198591746,1952.4961979800435
2024-01-04 07:40:00+00:00,1952.4961979800435,1952.8890992571485,1951.7286415978042,1952.5214156049365
2024-01-04 07:45:00+00:00,1952.5214156049365,1954.9450472022695,1952.2825124473002,1954.1952821968428
2024-01-04 07:50:00+00:00,1954.1952821968428,1954.8915098982075,1952.5322344974302,1953.2999013742995
2024-01-04 07:55:00+00:00,1953.2999013742995,1954.7391858555711,1953.1333181231407,1954.1204533235652
2024-01-04 08:00:00+00:00,1954.1204533235652,1954.2429306542863,1952.9273147775561,1953.6777259954667
2024-01-04 08:05:00+00:00,1953.6777259954667,1953.9318525963279,1952.4235492999262,1952.957907012854
2024-01-04 08:10:00+00:00,1952.957907012854,1954.4160210090317,1952.6493009959001,1953.4704420809524
2024-01-04 08:15:00+00:00,1953.4704420809524,1953.608408699621,1952.6612538597988,1952.8989916387793
2024-01-04 08:20:00+00:00,1952.8989916387793,1954.0098219613537,1952.6828749495257,1953.6549542976459
2024-01-04 08:25:00+00:00,1953.6549542976459,1953.8291817759673,1951.779335360437,1952.5878931795494
2024-01-04 08:30:00+00:00,1952.5878931795494,1953.033982120835,1952.3930151303673,1952.6025225456779
2024-01-04 08:35:00+00:00,1952.6025225456779,1952.8459457340593,1951.3998168395938,1951.826490066161
2024-01-04 08:40:00+00:00,1951.826490066161,1952.3443950595272,1950.6686142623325,1951.598064888141
2024-01-04 08:45:00+00:00,1951.598064888141,1952.5174562069392,1951.0201778782866,1951.2464003813684
2024-01-04 08:50:00+00:00,1951.2464003813684,1951.9325540459083,1949.5384345893924,1950.2138342641663
2024-01-04 08:55:00+00:00,1950.2138342641663,1951.746130877633,1949.8286164011392,1950.7870929147066
2024-01-04 09:00:00+00:00,1950.7870929147066,1950.9831036226558,1949.3720328344216,1949.649881303573
2024-01-04 09:05:00+00:00,1949.649881303573,1950.2736783755922,1947.7606428649929,1948.7513088943379
2024-01-04 09:10:00+00:00,1948.7513088943379,1950.3600930289097,1947.8433494911733,1949.537393772237
2024-01-04 09:15:00+00:00,1949.537393772237,1951.0591146619097,1949.2646861147755,1950.3972695393254
2024-01-04 09:20:00+00:00,1950.3972695393254,1951.5374190547373,1949.4758212837264,1950.9823803633917
2024-01-04 09:25:00+00:00,1950.9823803633917,1951.4644461245846,1950.6000722188753,1951.2728275966074
2024-01-04 09:30:00+00:00,1951.2728275966074,1953.7025879023456,1950.3972890224777,1953.30768420327
2024-01-04 09:35:00+00:00,1953.30768420327,1954.2775748650902,1951.7834548823569,1952.203631283548
2024-01-04 09:40:00+00:00,1952.203631283548,1952.7398080504206,1951.3012807283942,1951.5193544969143
2024-01-04 09:45:00+00:00,1951.5193544969143,1951.7041387758295,1949.6730307063972,1950.6098179899407
2024-01-04 09:50:00+00:00,1950.6098179899407,1952.079194468684,1950.238311666348,1951.403744765873
2024-01-04 09:55:00+00:00,1951.403744765873,1951.8057131464618,1950.5111812521413,1951.6482681699113
2024-01-04 10:00:00+00:00,1951.6482681699113,1952.8617812452171,1950.657478358601,1952.6334705862002
2024-01-04 10:05:00+00:00,1952.6334705862002,1953.8022120338533,1951.8353342605908,1953.494272387191
2024-01-04 10:10:00+00:00,1953.494272387191,1953.6649655402396,1952.8186541950045,1953.27742625223
2024-01-04 10:15:00+00:00,1953.27742625223,1953.5467211282328,1952.3347605052766,1952.5261862027194
2024-01-04 10:20:00+00:00,1952.5261862027194,1952.7816500060999,1951.118003960309,1951.619198811142
2024-01-04 10:25:00+00:00,1951.619198811142,1954.1375737414019,1950.788210221448,1953.595923353881
2024-01-04 10:30:00+00:00,1953.595923353881,1954.8019396203413,1953.109075940761,1954.4531831935415
2024-01-04 10:35:00+00:00,1954.4531831935415,1955.9192079821046,1953.8215168793736,1954.9735814542444
2024-01-04 10:40:00+00:00,1954.9735814542444,1955.45584293666,1954.1867326559639,1954.6553041339357
2024-01-04 10:45:00+00:00,1954.6553041339357,1955.1920742603722,1954.3536472669095,1954.463866482838
2024-01-04 10:50:00+00:00,1954.463866482838,1955.2139511172827,1953.731354485206,1954.141304888317
2024-01-04 10:55:00+00:00,1954.141304888317,1954.5642988582088,1953.1192033739528,1953.8370204953592
2024-01-04 11:00:00+00:00,1953.8370204953592,1954.6827778968889,1951.4962491314163,1951.66099364144
2024-01-04 11:05:00+00:00,1951.66099364144,1952.1848232310454,1951.2866931140804,1951.5930373693723
2024-01-04 11:10:00+00:00,1951.5930373693723,1951.8855042198684,1950.4429926420432,1951.23624089729
2024-01-04 11:15:00+00:00,1951.23624089729,1951.82788051472,1950.6253313124575,1951.484326041287
2024-01-04 11:20:00+00:00,1951.484326041287,1952.3929932239885,1950.5610485841667,1951.6603067262743
2024-01-04 11:25:00+00:00,1951.6603067262743,1953.3866649037323,1951.3857514506453,1952.4157786234803
2024-01-04 11:30:00+00:00,1952.4157786234803,1952.9694910824492,1951.992751949025,1952.391520599382
2024-01-04 11:35:00+00:00,1952.391520599382,1953.9561244717845,1951.551157577494,1953.0963361658003
2024-01-04 11:40:00+00:00,1953.0963361658003,1953.521928266892,1950.1157949226329,1950.7790650249076
2024-01-04 11:45:00+00:00,1950.7790650249076,1951.1086551413052,1949.047896146405,1949.7755838523162
2024-01-04 11:50:00+00:00,1949.7755838523162,1952.0062422146666,1949.574735053722,1951.3165111982762
2024-01-04 11:55:00+00:00,1951.3165111982762,1951.6291130196294,1949.2710673172521,1950.2069736440117
2024-01-04 12:00:00+00:00,1950.2069736440117,1950.3793991319824,1949.4087963479865,1949.9436294306488
2024-01-04 12:05:00+00:00,1949.9436294306488,1951.079897483923,1949.1521030152128,1950.5676033160719
2024-01-04 12:10:00+00:00,1950.5676033160719,1950.6677045719414,1949.1174069781089,1949.7611870037174
2024-01-04 12:15:00+00:00,1949.7611870037174,1950.8591146067602,1948.7792708408945,1950.3993560033832
2024-01-04 12:20:00+00:00,1950.3993560033832,1951.059014414591,1948.6960045364517,1949.1019577810678
2024-01-04 12:25:00+00:00,1949.1019577810678,1949.4119357263394,1947.2063683956678,1947.3678354198587
2024-01-04 12:30:00+00:00,1947.3678354198587,1947.4826230364408,1945.61620117999,1946.1593621779348
2024-01-04 12:35:00+00:00,1946.1593621779348,1946.724658730542,1944.0518389933957,1944.6589159596438
2024-01-04 12:40:00+00:00,1944.6589159596438,1945.5405094591292,1944.0152495251357,1944.6308776017142
2024-01-04 12:45:00+00:00,1944.6308776017142,1945.3640241636613,1944.20262206456,1944.3327679065362
2024-01-04 12:50:00+00:00,1944.3327679065362,1945.4021044299786,1944.1585660795806,1944.6162540683772
2024-01-04 12:55:00+00:00,1944.6162540683772,1945.4081316676686,1943.5405884820436,1943.671985999919
2024-01-04 13:00:00+00:00,1943.671985999919,1946.3114113811719,1943.1405090686644,1945.9485052139053
2024-01-04 13:05:00+00:00,1945.9485052139053,1946.8331818027798,1945.2879451003837,1945.8504846731862
2024-01-04 13:10:00+00:00,1945.8504846731862,1946.3565993941636,1945.0861898832775,1945.7971978532064
2024-01-04 13:15:00+00:00,1945.7971978532064,1947.1545867805594,1945.454741672007,1946.1953314304892
2024-01-04 13:20:00+00:00,1946.1953314304892,1946.4903105462693,1945.0745976927412,1945.964131732195
2024-01-04 13:25:00+00:00,1945.964131732195,1946.1295918914166,1944.7377235805704,1945.38380373172
2024-01-04 13:30:00+00:00,1945.38380373172,1945.9985659535262,1945.2175720869188,1945.449063750897
2024-01-04 13:35:00+00:00,1945.449063750897,1946.8241254208954,1944.454390772507,1946.2640055282195
2024-01-04 13:40:00+00:00,1946.2640055282195,1947.7867447283438,1945.3930465485776,1946.8512312554224
2024-01-04 13:45:00+00:00,1946.8512312554224,1948.3117292924105,1946.1784686361748,1947.6871467793064
2024-01-04 13:50:00+00:00,1947.6871467793064,1948.320085760157,1946.9342449372866,1947.1677879813835
2024-01-04 13:55:00+00:00,1947.1677879813835,1947.7378295188873,1945.6751058793552,1946.4589608963659
2024-01-04 14:00:00+00:00,1946.4589608963659,1948.3534565809512,1946.3064200248114,1948.2516563427023
2024-01-04 14:05:00+00:00,1948.2516563427023,1949.238275093183,1947.3858158661847,1948.0256012597338
2024-01-04 14:10:00+00:00,1948.0256012597338,1948.8704431353194,1947.8851573323623,1948.4453719618828
2024-01-04 14:15:00+00:00,1948.4453719618828,1949.5348431128855,1948.0638420241962,1949.0993485727404
2024-01-04 14:20:00+00:00,1949.0993485727404,1951.177406950516,1948.4338838579852,1950.36764827046
2024-01-04 14:25:00+00:00,1950.36764827046,1951.2431234384742,1948.9722772937885,1949.1413910663493
2024-01-04 14:30:00+00:00,1949.1413910663493,1949.3331291476695,1947.9498015094275,1948.699177591138
2024-01-04 14:35:00+00:00,1948.699177591138,1948.9148368696247,1947.5480572343881,1948.2990630728063
2024-01-04 14:40:00+00:00,1948.2990630728063,1949.0257614143409,1947.8744970765715,1948.017940535245
2024-01-04 14:45:00+00:00,1948.017940535245,1948.7955212237368,1945.5238973828789,1945.8367796378361
2024-01-04 14:50:00+00:00,1945.8367796378361,1946.0410541994295,1945.3010943689803,1945.7405944838456
2024-01-04 14:55:00+00:00,1945.7405944838456,1945.9797670097075,1942.7224557997176,1943.1265905001521
2024-01-04 15:00:00+00:00,1943.1265905001521,1944.0083976234287,1942.3282524131555,1943.385627139833
2024-01-04 15:05:00+00:00,1943.385627139833,1944.5234855304404,1942.5972602910556,1943.8604432902273
2024-01-04 15:10:00+00:00,1943.8604432902273,1944.6678041638256,1943.690754190122,1944.389777228021
2024-01-04 15:15:00+00:00,1944.389777228021,1945.2721522695554,1942.4511123963566,1943.2968581873674
2024-01-04 15:20:00+00:00,1943.2968581873674,1944.5521183153169,1943.1131474698088,1944.148056305773
2024-01-04 15:25:00+00:00,1944.148056305773,1944.5833024421888,1943.0942055710786,1943.3621954705015
2024-01-04 15:30:00+00:00,1943.3621954705015,1943.715188512488,1941.6052922471251,1942.249707365281
2024-01-04 15:35:00+00:00,1942.249707365281,1942.9921898556968,1940.4363562149372,1941.3595182464487
2024-01-04 15:40:00+00:00,1941.3595182464487,1941.9516708086724,1939.7130898266996,1940.5888413933017
2024-01-04 15:45:00+00:00,1940.5888413933017,1941.496497604088,1940.3785148879465,1940.7366580950875
2024-01-04 15:50:00+00:00,1940.7366580950875,1942.113957179295,1939.810585013204,1941.471726561091
2024-01-04 15:55:00+00:00,1941.471726561091,1941.6476858057295,1938.7165659547468,1939.573335577599
2024-01-04 16:00:00+00:00,1939.573335577599,1940.2443631597116,1938.8989612379237,1939.0796463262132
2024-01-04 16:05:00+00:00,1939.0796463262132,1940.1285479706546,1938.3716345198643,1939.8848815199647
2024-01-04 16:10:00+00:00,1939.8848815199647,1940.3349141328622,1939.5180864082415,1940.0621183011187
2024-01-04 16:15:00+00:00,1940.0621183011187,1941.1163805194822,1939.2422434346875,1940.5143762193838
2024-01-04 16:20:00+00:00,1940.5143762193838,1941.0850405342762,1938.573642207474,1939.1608349295816
2024-01-04 16:25:00+00:00,1939.1608349295816,1940.419373126844,1938.2667219069174,1940.015361809306
2024-01-04 16:30:00+00:00,1940.015361809306,1940.7162909970662,1938.00488232307,1938.6039758852367
2024-01-04 16:35:00+00:00,1938.6039758852367,1939.1429141694489,1938.2705438319883,1938.7757046609202
2024-01-04 16:40:00+00:00,1938.7757046609202,1940.1854706430677,1938.0875550317428,1940.0015013958548
2024-01-04 16:45:00+00:00,1940.0015013958548,1942.0913357840943,1939.491855587773,1941.6935824549305
2024-01-04 16:50:00+00:00,1941.6935824549305,1942.612985239094,1941.4132836315632,1942.154631683264
2024-01-04 16:55:00+00:00,1942.154631683264,1943.5294212279819,1941.556044716272,1942.9481709233962
2024-01-04 17:00:00+00:00,1942.9481709233962,1943.2535859354211,1942.1492626548984,1942.4031400360896
2024-01-04 17:05:00+00:00,1942.4031400360896,1943.2074591466578,1941.5409161971934,1941.9705085256032
2024-01-04 17:10:00+00:00,1941.9705085256032,1943.9849852441716,1941.296885721294,1943.0236583934563
2024-01-04 17:15:00+00:00,1943.0236583934563,1943.2153778555446,1942.594723069198,1943.025773596364
2024-01-04 17:20:00+00:00,1943.025773596364,1943.9776719631204,1942.3720594140257,1942.9118612386494
2024-01-04 17:25:00+00:00,1942.9118612386494,1943.2445508800818,1941.0676778139855,1941.6430296573196
2024-01-04 17:30:00+00:00,1941.6430296573196,1942.2292937177224,1940.7438467269988,1941.7792328713417
2024-01-04 17:35:00+00:00,1941.7792328713417,1943.0825657950143,1941.3280884882342,1942.3611818967108
2024-01-04 17:40:00+00:00,1942.3611818967108,1942.7203189479478,1940.678518981737,1941.6471019530675
2024-01-04 17:45:00+00:00,1941.6471019530675,1942.0095919101243,1940.6838391625079,1941.1914033220148
2024-01-04 17:50:00+00:00,1941.1914033220148,1942.7556088539277,1940.8212836140838,1942.614488092663
2024-01-04 17:55:00+00:00,1942.614488092663,1943.5221362048196,1941.8268476465892,1942.7756020862043
2024-01-04 18:00:00+00:00,1942.7756020862043,1943.263344025135,1942.012852387913,1942.5165428895632
2024-01-04 18:05:00+00:00,1942.5165428895632,1943.3590122754856,1941.1359922884672,1941.4939340886217
2024-01-04 18:10:00+00:00,1941.4939340886217,1942.487505277509,1940.6943255568772,1940.9369892950106
2024-01-04 18:15:00+00:00,1940.9369892950106,1941.8626882237181,1940.498515295748,1940.712669628693
2024-01-04 18:20:00+00:00,1940.712669628693,1942.4822198191857,1939.8920394841286,1941.9455622794835
2024-01-04 18:25:00+00:00,1941.9455622794835,1942.7225131491327,1941.1619124650717,1941.3967952608957
2024-01-04 18:30:00+00:00,1941.3967952608957,1943.400502327127,1940.9373279110062,1943.0123762864696
2024-01-04 18:35:00+00:00,1943.0123762864696,1943.899813275852,1941.5772375277015,1942.1772367111462
2024-01-04 18:40:00+00:00,1942.1772367111462,1942.3753092023521,1941.0747523625507,1941.8560886718135
2024-01-04 18:45:00+00:00,1941.8560886718135,1943.1757317786212,1941.0573283992737,1942.615958665022
2024-01-04 18:50:00+00:00,1942.615958665022,1943.1682157230978,1941.4093365878734,1942.4004645621674
2024-01-04 18:55:00+00:00,1942.4004645621674,1943.3480602364825,1941.4177291308515,1941.6539106842517
2024-01-04 19:00:00+00:00,1941.6539106842517,1942.5000960249406,1941.2161816040684,1941.5359341992414
2024-01-04 19:05:00+00:00,1941.5359341992414,1942.7864012874195,1941.3108708220116,1941.9404586537287
2024-01-04 19:10:00+00:00,1941.9404586537287,1942.8224129085363,1940.2095623638434,1940.396981695844
2024-01-04 19:15:00+00:00,1940.396981695844,1941.1766835453293,1940.0144165949164,1940.1739834452278
2024-01-04 19:20:00+00:00,1940.1739834452278,1940.706333975167,1939.8054317963604,1940.076265568857
2024-01-04 19:25:00+00:00,1940.076265568857,1940.3241177213874,1939.4779363538235,1939.7135782956377
2024-01-04 19:30:00+00:00,1939.7135782956377,1940.696962287384,1939.2254512161678,1940.3760850911708
2024-01-04 19:35:00+00:00,1940.3760850911708,1940.8297229834257,1939.2438468891655,1939.8650750994766
2024-01-04 19:40:00+00:00,1939.8650750994766,1940.4724594216666,1939.0991369391288,1939.5376993216971
2024-01-04 19:45:00+00:00,1939.5376993216971,1940.5378860354922,1939.404052613195,1939.57226586135
2024-01-04 19:50:00+00:00,1939.57226586135,1940.3546938430068,1938.6355926231608,1940.2289188823383
2024-01-04 19:55:00+00:00,1940.2289188823383,1941.146617261633,1939.8794361540554,1940.030561987638
2024-01-04 20:00:00+00:00,1940.030561987638,1941.833511328588,1939.8032302249603,1941.3961896177104
2024-01-04 20:05:00+00:00,1941.3961896177104,1941.94691945182,1940.2926173378542,1940.579933859028
2024-01-04 20:10:00+00:00,1940.579933859028,1942.477259187065,1940.278523366659,1941.7384881125456
2024-01-04 20:15:00+00:00,1941.7384881125456,1941.8774218215456,1940.66124097096,1940.9671406780412
2024-01-04 20:20:00+00:00,1940.9671406780412,1941.3060530074902,1939.882141815464,1940.8210734308363
2024-01-04 20:25:00+00:00,1940.8210734308363,1941.9238642776816,1940.4542749637687,1941.1494082093186
2024-01-04 20:30:00+00:00,1941.1494082093186,1943.2963647884392,1940.2437028232716,1942.9994579211818
2024-01-04 20:35:00+00:00,1942.9994579211818,1943.9842378273631,1942.7088874941267,1943.8063959149774
2024-01-04 20:40:00+00:00,1943.8063959149774,1944.0623746095148,1942.886509999493,1943.4418144372619
2024-01-04 20:45:00+00:00,1943.4418144372619,1944.7243123419935,1942.5070581338355,1944.6117173532584
2024-01-04 20:50:00+00:00,1944.6117173532584,1945.515116202159,1944.2203961011126,1944.4200792758963
2024-01-04 20:55:00+00:00,1944.4200792758963,1945.0098879697448,1943.189210874372,1943.708474967347
2024-01-04 21:00:00+00:00,1943.708474967347,1944.844463559058,1943.243060737662,1944.1129887771533
2024-01-04 21:05:00+00:00,1944.1129887771533,1944.343261963234,1943.7731769515483,1944.1987107526597
2024-01-04 21:10:00+00:00,1944.1987107526597,1945.8731989661771,1943.5896017850973,1945.0577093205513
2024-01-04 21:15:00+00:00,1945.0577093205513,1945.557829687576,1943.689566626145,1944.5636442552516
2024-01-04 21:20:00+00:00,1944.5636442552516,1945.206802559468,1943.8560496337234,1944.9076974906575
2024-01-04 21:25:00+00:00,1944.9076974906575,1946.2941120470348,1943.9350553687011,1945.4794926027978
2024-01-04 21:30:00+00:00,1945.4794926027978,1946.1082150442726,1945.2042112287752,1945.7304349440606
2024-01-04 21:35:00+00:00,1945.7304349440606,1945.8600430898846,1945.3715013254755,1945.7050517279238
2024-01-04 21:40:00+00:00,1945.7050517279238,1945.9323336279913,1944.5731162039558,1945.0778977790653
2024-01-04 21:45:00+00:00,1945.0778977790653,1946.1303594046828,1944.4134584642686,1945.8919776041866
2024-01-04 21:50:00+00:00,1945.8919776041866,1946.4211920292482,1945.625329925893,1946.0161834924477
2024-01-04 21:55:00+00:00,1946.0161834924477,1946.808836374063,1945.4946252264122,1946.4635615307636
2024-01-04 22:00:00+00:00,1946.4635615307636,1946.604504325171,1945.2454236301367,1946.148566202125
2024-01-04 22:05:00+00:00,1946.148566202125,1946.3754978680715,1945.7141116298285,1946.160982437007
2024-01-04 22:10:00+00:00,1946.160982437007,1947.1416554586015,1945.0798509816277,1945.228183582765
2024-01-04 22:15:00+00:00,1945.228183582765,1946.284477185827,1944.4647760870066,1945.3058633117578
2024-01-04 22:20:00+00:00,1945.3058633117578,1946.916644407069,1944.3445703807477,1945.9952601914952
2024-01-04 22:25:00+00:00,1945.9952601914952,1946.8864677939907,1945.1802258835255,1946.0796623624938
2024-01-04 22:30:00+00:00,1946.0796623624938,1947.1102224232602,1945.3491346620128,1946.853824730565
2024-01-04 22:35:00+00:00,1946.853824730565,1947.8591060236129,1946.6449919247204,1947.1361536281584
2024-01-04 22:40:00+00:00,1947.1361536281584,1948.7307231874427,1946.8951812623764,1948.364334683937
2024-01-04 22:45:00+00:00,1948.364334683937,1948.5603829091444,1947.3844969217419,1948.1940007288385
2024-01-04 22:50:00+00:00,1948.1940007288385,1948.3472673950635,1946.1459107443438,1946.7199448638582
2024-01-04 22:55:00+00:00,1946.7199448638582,1947.3913027462688,1945.9672890729812,1947.1098962340309
2024-01-04 23:00:00+00:00,1947.1098962340309,1947.848134253344,1946.713581278352,1946.9619382840146
2024-01-04 23:05:00+00:00,1946.9619382840146,1947.1846907395498,1945.1597679097888,1946.085787454112
2024-01-04 23:10:00+00:00,1946.085787454112,1947.444006654329,1945.3430831172966,1946.6726401154724
2024-01-04 23:15:00+00:00,1946.6726401154724,1947.8868036500382,1946.5413458641974,1946.9112508051096
2024-01-04 23:20:00+00:00,1946.9112508051096,1947.8517562531367,1946.4435534448771,1947.312770636237
2024-01-04 23:25:00+00:00,1947.312770636237,1947.9909919475206,1946.0615304553921,1947.0143479949932
2024-01-04 23:30:00+00:00,1947.0143479949932,1948.076102073147,1946.844100976646,1947.1924067823586
2024-01-04 23:35:00+00:00,1947.1924067823586,1947.7597615678865,1946.8201181407721,1947.422028886719
2024-01-04 23:40:00+00:00,1947.422028886719,1949.9280529538585,1946.6531051752597,1949.0199360723054
2024-01-04 23:45:00+00:00,1949.0199360723054,1949.6808391957204,1947.6910738536217,1948.4050904990695
2024-01-04 23:50:00+00:00,1948.4050904990695,1948.9137847064947,1947.7351519203298,1948.3963645593228
2024-01-04 23:55:00+00:00,1948.3963645593228,1949.2907688563228,1947.9739203455454,1948.7245578552986
2024-01-05 00:00:00+00:00,1948.7245578552986,1948.954190935597,1946.6517384741626,1947.172969711824
2024-01-05 00:05:00+00:00,1947.172969711824,1947.8905128317483,1945.4455613632706,1945.7310188962279
2024-01-05 00:10:00+00:00,1945.7310188962279,1948.56726928759,1945.1873405701892,1947.6809767701404
2024-01-05 00:15:00+00:00,1947.6809767701404,1948.3272378904794,1945.3658177875147,1946.0912916770906
2024-01-05 00:20:00+00:00,1946.0912916770906,1947.0683285956263,1945.664891689102,1946.6094504976043
2024-01-05 00:25:00+00:00,1946.6094504976043,1947.0765992486386,1945.6615363376936,1945.846770847548
2024-01-05 00:30:00+00:00,1945.846770847548,1946.0329647811272,1944.7416223326486,1945.160650595552
2024-01-05 00:35:00+00:00,1945.160650595552,1945.9441121514596,1943.0020647516953,1943.377102647265
2024-01-05 00:40:00+00:00,1943.377102647265,1943.739465956264,1942.2972616479042,1942.5671630228087
2024-01-05 00:45:00+00:00,1942.5671630228087,1943.3894285622277,1941.6600696368769,1943.2738294924764
2024-01-05 00:50:00+00:00,1943.2738294924764,1944.1831482208931,1941.0792375290341,1942.0246872764442
2024-01-05 00:55:00+00:00,1942.0246872764442,1942.8236649758162,1941.3590623273517,1942.5612984346226
2024-01-05 01:00:00+00:00,1942.5612984346226,1943.333692527486,1942.1553186307399,1942.843993999985
2024-01-05 01:05:00+00:00,1942.843993999985,1944.8500661570179,1941.8815114101758,1944.6611942854292
2024-01-05 01:10:00+00:00,1944.6611942854292,1945.6150864143576,1943.4961606026247,1944.2348429016024
2024-01-05 01:15:00+00:00,1944.2348429016024,1946.16243772908,1943.8061771801563,1945.372645003068
2024-01-05 01:20:00+00:00,1945.372645003068,1946.9722927040027,1945.055097837591,1946.173357153147
2024-01-05 01:25:00+00:00,1946.173357153147,1946.7259540702983,1945.7062666631298,1945.9160862939
2024-01-05 01:30:00+00:00,1945.9160862939,1946.657421888857,1943.5529431270456,1944.420157245275
2024-01-05 01:35:00+00:00,1944.420157245275,1946.2210976016138,1943.5088289953856,1945.7793855533987
2024-01-05 01:40:00+00:00,1945.7793855533987,1946.6389724012054,1943.8762393180643,1944.5521681297137
2024-01-05 01:45:00+00:00,1944.5521681297137,1944.7973306682745,1943.3960774307523,1944.1268269890052
2024-01-05 01:50:00+00:00,1944.1268269890052,1945.3310364446827,1943.9328614230992,1944.9224197167355
2024-01-05 01:55:00+00:00,1944.9224197167355,1946.1350384481386,1944.5907312790503,1945.927514195458
2024-01-05 02:00:00+00:00,1945.927514195458,1946.40131256354,1945.0062060662788,1945.1673472608022
2024-01-05 02:05:00+00:00,1945.1673472608022,1946.0438060363535,1944.5563294137014,1945.1392814604583
2024-01-05 02:10:00+00:00,1945.1392814604583,1945.8877371832752,1944.3924822630038,1944.9072972046388
2024-01-05 02:15:00+00:00,1944.9072972046388,1946.9432494745467,1944.3550789945823,1945.9714368897837
2024-01-05 02:20:00+00:00,1945.9714368897837,1949.1998265439174,1945.3656774228068,1948.2263445187455
2024-01-05 02:25:00+00:00,1948.2263445187455,1949.1780297402713,1946.4165350002872,1946.5801845930548
2024-01-05 02:30:00+00:00,1946.5801845930548,1948.1170724073254,1945.9666027117544,1947.405704054396
2024-01-05 02:35:00+00:00,1947.405704054396,1947.6536859033592,1944.0436132307605,1944.8340856826132
2024-01-05 02:40:00+00:00,1944.8340856826132,1945.2509821390672,1944.707780869446,1944.847485510073
2024-01-05 02:45:00+00:00,1944.847485510073,1945.7378105499233,1942.9931075770594,1943.8503201561084
2024-01-05 02:50:00+00:00,1943.8503201561084,1946.3507860146258,1943.504385401493,1945.6436984098752
2024-01-05 02:55:00+00:00,1945.6436984098752,1946.0807623692199,1945.3958286183295,1945.7941720530923
2024-01-05 03:00:00+00:00,1945.7941720530923,1946.1877555229064,1944.7571311196239,1945.1318200727562
2024-01-05 03:05:00+00:00,1945.1318200727562,1945.7780281615221,1943.940547095263,1944.6831817214204
2024-01-05 03:10:00+00:00,1944.6831817214204,1945.0743762471134,1943.5873541135932,1944.1661593875629
2024-01-05 03:15:00+00:00,1944.1661593875629,1944.5379731751677,1943.2482877435784,1944.3363843033278
2024-01-05 03:20:00+00:00,1944.3363843033278,1944.7304429198066,1943.9979911471885,1944.1947957731227
2024-01-05 03:25:00+00:00,1944.1947957731227,1945.5907874757731,1943.2503511486111,1944.7858385079207
2024-01-05 03:30:00+00:00,1944.7858385079207,1946.988869419161,1944.6695663189673,1946.172819824946
2024-01-05 03:35:00+00:00,1946.172819824946,1947.4879463378072,1945.5004969761394,1946.8048376355337
2024-01-05 03:40:00+00:00,1946.8048376355337,1947.7141247582188,1945.478468745633,1945.7021824860492
2024-01-05 03:45:00+00:00,1945.7021824860492,1945.8580403816636,1944.122921396661,1944.241504578739
2024-01-05 03:50:00+00:00,1944.241504578739,1944.4121852165072,1943.0881205201708,1943.5623758492545
2024-01-05 03:55:00+00:00,1943.5623758492545,1945.1468012140826,1942.58818081437,1944.5110190558169
2024-01-05 04:00:00+00:00,1944.5110190558169,1944.825126481375,1943.2529618456167,1944.2102258112798
2024-01-05 04:05:00+00:00,1944.2102258112798,1944.7540194512694,1943.0233254673553,1943.6101609929506
2024-01-05 04:10:00+00:00,1943.6101609929506,1944.7253654115798,1943.2697742864157,1943.735366638894
2024-01-05 04:15:00+00:00,1943.735366638894,1944.0370909770445,1941.8753820921434,1942.4621452532576
2024-01-05 04:20:00+00:00,1942.4621452532576,1942.676228116006,1940.787549424655,1941.4375028978297
2024-01-05 04:25:00+00:00,1941.4375028978297,1942.643658803722,1940.783988329641,1941.8975489996706
2024-01-05 04:30:00+00:00,1941.8975489996706,1942.7893734124227,1941.4128205704126,1941.6254647002836
2024-01-05 04:35:00+00:00,1941.6254647002836,1941.863244799933,1940.4362911481514,1941.2183065517108
2024-01-05 04:40:00+00:00,1941.2183065517108,1941.61209784004,1940.8979899271396,1941.5049331688824
2024-01-05 04:45:00+00:00,1941.5049331688824,1941.9227599653443,1940.6351401209317,1940.9793048054848
2024-01-05 04:50:00+00:00,1940.9793048054848,1941.165188599888,1939.8088723324468,1940.3623992081214
2024-01-05 04:55:00+00:00,1940.3623992081214,1940.8153932949574,1939.42118954716,1939.9493270314622
2024-01-05 05:00:00+00:00,1939.9493270314622,1940.8215023432792,1939.2029462100165,1940.492443156362
2024-01-05 05:05:00+00:00,1940.492443156362,1941.2810103513718,1939.9506265107593,1940.5470393182886
2024-01-05 05:10:00+00:00,1940.5470393182886,1941.0468422492572,1938.559193955368,1939.4726603369356
2024-01-05 05:15:00+00:00,1939.4726603369356,1940.4669253829447,1938.7773673927857,1939.200668583793
2024-01-05 05:20:00+00:00,1939.200668583793,1939.9174305690674,1938.9929036108417,1939.784830212611
2024-01-05 05:25:00+00:00,1939.784830212611,1941.6842789069983,1939.493036571045,1941.4692676815423
2024-01-05 05:30:00+00:00,1941.4692676815423,1941.6265934961048,1940.313795587331,1940.4419104338006
2024-01-05 05:35:00+00:00,1940.4419104338006,1941.4406212262857,1940.0754001709272,1940.7473541686907
2024-01-05 05:40:00+00:00,1940.7473541686907,1941.2292924448343,1939.7872163374507,1940.5152433148812
2024-01-05 05:45:00+00:00,1940.5152433148812,1941.526173412178,1939.7025341321162,1941.2589740284147
2024-01-05 05:50:00+00:00,1941.2589740284147,1942.1342820897896,1940.7393944001383,1941.6643373534798
2024-01-05 05:55:00+00:00,1941.6643373534798,1943.2973378645697,1941.0164889972823,1942.9900610410054
2024-01-05 06:00:00+00:00,1942.9900610410054,1944.1110458754606,1942.697624773132,1943.4583319486896
2024-01-05 06:05:00+00:00,1943.4583319486896,1944.0010104369785,1942.147927461095,1942.9684956883987
2024-01-05 06:10:00+00:00,1942.9684956883987,1943.0976161948365,1941.9241393823743,1942.4845281738305
2024-01-05 06:15:00+00:00,1942.4845281738305,1943.0080085996922,1941.8200357699898,1942.8502902434473
2024-01-05 06:20:00+00:00,1942.8502902434473,1943.4680830544614,1942.3521612480142,1943.2065067098788
2024-01-05 06:25:00+00:00,1943.2065067098788,1945.9483470574974,1942.8189947138787,1945.3654184717334
2024-01-05 06:30:00+00:00,1945.3654184717334,1947.765166351334,1944.979277862991,1946.8748867655381
2024-01-05 06:35:00+00:00,1946.8748867655381,1947.0521078103466,1945.019810718219,1945.8194357195846
2024-01-05 06:40:00+00:00,1945.8194357195846,1946.606081539375,1945.0768015572576,1946.1354081320428
2024-01-05 06:45:00+00:00,1946.1354081320428,1946.6248392861387,1944.7032636504714,1944.9382888781513
2024-01-05 06:50:00+00:00,1944.9382888781513,1945.6250290627822,1943.1512532785991,1943.4489510184221
2024-01-05 06:55:00+00:00,1943.4489510184221,1944.5481775591547,1942.8573701971375,1944.118914391217
2024-01-05 07:00:00+00:00,1944.118914391217,1945.149261781794,1943.6749316601008,1944.6162597675323
2024-01-05 07:05:00+00:00,1944.6162597675323,1945.1875819545405,1943.2537379133937,1943.6823219742816
2024-01-05 07:10:00+00:00,1943.6823219742816,1946.0040762120766,1943.53085040316,1945.162413885301
2024-01-05 07:15:00+00:00,1945.162413885301,1946.0061864974853,1943.945227567552,1944.2833754205599
2024-01-05 07:20:00+00:00,1944.2833754205599,1944.9569932617349,1942.5789791411455,1943.233194974415
2024-01-05 07:25:00+00:00,1943.233194974415,1944.8124578273814,1942.2613145851217,1943.8213270956583
2024-01-05 07:30:00+00:00,1943.8213270956583,1944.4819514633562,1943.3535743688176,1944.0209481338456
2024-01-05 07:35:00+00:00,1944.0209481338456,1944.1320457695958,1943.1624682175911,1943.877267905095
2024-01-05 07:40:00+00:00,1943.877267905095,1944.7600459373223,1942.826909295086,1943.8176862526839
2024-01-05 07:45:00+00:00,1943.8176862526839,1944.7911714764907,1943.0359189097653,1944.0198851870944
2024-01-05 07:50:00+00:00,1944.0198851870944,1944.5023961643813,1943.643072572736,1943.8950420472763
2024-01-05 07:55:00+00:00,1943.8950420472763,1944.2649421709077,1943.0333044502438,1943.7405671382576
2024-01-05 08:00:00+00:00,1943.7405671382576,1944.3443830864812,1941.7290225011848,1942.0349862159699
2024-01-05 08:05:00+00:00,1942.0349862159699,1942.146097175181,1940.696372953573,1940.8280017091515
2024-01-05 08:10:00+00:00,1940.8280017091515,1941.4804676547376,1940.0495285744355,1941.3786376701105
2024-01-05 08:15:00+00:00,1941.3786376701105,1942.1313584473155,1939.9565341131392,1940.745548841455
2024-01-05 08:20:00+00:00,1940.745548841455,1941.76950582295,1939.9747949924927,1941.2370053724803
2024-01-05 08:25:00+00:00,1941.2370053724803,1943.0204870766115,1940.8269561044715,1942.3497061047042
2024-01-05 08:30:00+00:00,1942.3497061047042,1942.590903222968,1941.2507381886185,1942.0310342088817
2024-01-05 08:35:00+00:00,1942.0310342088817,1943.2398451957242,1941.3091595114279,1942.2864914851496
2024-01-05 08:40:00+00:00,1942.2864914851496,1944.3884808255953,1941.8030576010437,1944.1561053853877
2024-01-05 08:45:00+00:00,1944.1561053853877,1945.0093468581401,1943.5718709441232,1944.7823331866853
2024-01-05 08:50:00+00:00,1944.7823331866853,1946.9280855809404,1944.3492006170482,1946.4408059826549
2024-01-05 08:55:00+00:00,1946.4408059826549,1948.3610724027399,1946.204815066741,1947.8216593045493
2024-01-05 09:00:00+00:00,1947.8216593045493,1949.0711026625079,1947.2642039020864,1948.500471217568
2024-01-05 09:05:00+00:00,1948.500471217568,1949.1900917160517,1947.425191559651,1948.4005550558147
2024-01-05 09:10:00+00:00,1948.4005550558147,1949.2690174590923,1947.484510992487,1947.6435497245088
2024-01-05 09:15:00+00:00,1947.6435497245088,1948.6273979025345,1945.983430930619,1946.6438110076228
2024-01-05 09:20:00+00:00,1946.6438110076228,1947.5851425833757,1946.4082444320293,1947.0822971475984
2024-01-05 09:25:00+00:00,1947.0822971475984,1948.0172277326044,1946.8245528542748,1947.5044529104462
2024-01-05 09:30:00+00:00,1947.5044529104462,1947.8151841270414,1946.4859109831336,1947.3480842721353
2024-01-05 09:35:00+00:00,1947.3480842721353,1948.841254337878,1946.353107966223,1948.11249598911
2024-01-05 09:40:00+00:00,1948.11249598911,1948.6748340870092,1947.461826276851,1947.5692051852761
2024-01-05 09:45:00+00:00,1947.5692051852761,1949.0755413075528,1947.3921759275768,1948.569195570729
2024-01-05 09:50:00+00:00,1948.569195570729,1949.0127049711218,1948.3094359397462,1948.6059957782677
2024-01-05 09:55:00+00:00,1948.6059957782677,1949.1294815170295,1948.02605810177,1948.5740963343746
2024-01-05 10:00:00+00:00,1948.5740963343746,1949.2340469820972,1948.456478495489,1948.5746454664804
2024-01-05 10:05:00+00:00,1948.5746454664804,1949.4168298765755,1948.0161357253337,1948.48670904184
2024-01-05 10:10:00+00:00,1948.48670904184,1951.3608990067044,1947.878855501434,1950.7269432508795
2024-01-05 10:15:00+00:00,1950.7269432508795,1951.4945483316153,1948.9885218048878,1949.2773723792684
2024-01-05 10:20:00+00:00,1949.2773723792684,1949.8979761199125,1948.6871702363528,1949.4376702683721
2024-01-05 10:25:00+00:00,1949.4376702683721,1951.179133232334,1948.7507240578686,1950.5581640635553
2024-01-05 10:30:00+00:00,1950.5581640635553,1952.1239614052447,1950.3116405721246,1951.204724660727
2024-01-05 10:35:00+00:00,1951.204724660727,1951.7328300157612,1950.8149798300851,1950.9336503611246
2024-01-05 10:40:00+00:00,1950.9336503611246,1952.7456035625287,1950.8214941964704,1952.5005593829324
2024-01-05 10:45:00+00:00,1952.5005593829324,1953.2932977237965,1950.7654490915097,1951.539716536034
2024-01-05 10:50:00+00:00,1951.539716536034,1952.1570126065449,1950.0817943870056,1950.3648513694561
2024-01-05 10:55:00+00:00,1950.3648513694561,1951.2493909573795,1949.9507250561635,1950.8769168513422
2024-01-05 11:00:00+00:00,1950.8769168513422,1951.1585789283538,1948.7219580423202,1949.5686966305575
2024-01-05 11:05:00+00:00,1949.5686966305575,1949.8940937392997,1946.97851363911,1947.429345078291
2024-01-05 11:10:00+00:00,1947.429345078291,1949.0653374915846,1946.53147899478,1948.2247469027272
2024-01-05 11:15:00+00:00,1948.2247469027272,1949.5895508982846,1947.2471367387993,1948.910766659645
2024-01-05 11:20:00+00:00,1948.910766659645,1950.1408803419145,1948.6543765334459,1949.570629936932
2024-01-05 11:25:00+00:00,1949.570629936932,1949.8413417761049,1948.2176890539909,1949.132711632432
2024-01-05 11:30:00+00:00,1949.132711632432,1950.1063751255308,1948.87052055652,1949.298169498146
2024-01-05 11:35:00+00:00,1949.298169498146,1949.8423422862727,1947.9781940069051,1948.4301825536
2024-01-05 11:40:00+00:00,1948.4301825536,1950.35422185587,1948.0616309502718,1949.9919062405013
2024-01-05 11:45:00+00:00,1949.9919062405013,1951.4082182217962,1949.3798891617967,1950.7046362928836
2024-01-05 11:50:00+00:00,1950.7046362928836,1952.0944629430935,1949.836027055819,1951.3734756091233
2024-01-05 11:55:00+00:00,1951.3734756091233,1951.6234450331767,1948.7349225148284,1949.6192988184919
2024-01-05 12:00:00+00:00,1949.6192988184919,1951.2248541734932,1948.6462951477333,1950.3466807593454
2024-01-05 12:05:00+00:00,1950.3466807593454,1952.1470369221026,1949.539032736433,1951.6920663054693
2024-01-05 12:10:00+00:00,1951.6920663054693,1953.0905225448435,1950.994567214232,1952.787513533971
2024-01-05 12:15:00+00:00,1952.787513533971,1953.861174415555,1952.5646304398936,1953.4985428126847
2024-01-05 12:20:00+00:00,1953.4985428126847,1954.4441204089833,1952.5402954498009,1953.4984939621334
2024-01-05 12:25:00+00:00,1953.4984939621334,1954.010300688645,1952.8187320761838,1953.1916576262572
2024-01-05 12:30:00+00:00,1953.1916576262572,1954.418623860182,1953.044220683513,1953.7339489950455
2024-01-05 12:35:00+00:00,1953.7339489950455,1954.636775554154,1953.5456674880131,1954.0792558920728
2024-01-05 12:40:00+00:00,1954.0792558920728,1955.2879203268162,1953.7919946489408,1954.2928080713077
2024-01-05 12:45:00+00:00,1954.2928080713077,1955.0473394604217,1953.1327820702093,1954.0153215261635
2024-01-05 12:50:00+00:00,1954.0153215261635,1956.3764655044522,1953.1138143499745,1955.5292687533404
2024-01-05 12:55:00+00:00,1955.5292687533404,1955.939530678961,1953.5034603959105,1954.4790267674862
2024-01-05 13:00:00+00:00,1954.4790267674862,1955.406394474041,1954.1592783228784,1954.4594751594557
2024-01-05 13:05:00+00:00,1954.4594751594557,1955.2653358074033,1953.4207207054726,1953.9381306012237
2024-01-05 13:10:00+00:00,1953.9381306012237,1955.6377232687212,1953.316746011577,1954.867788196862
2024-01-05 13:15:00+00:00,1954.867788196862,1957.0111882900917,1954.3990115207919,1956.1560410308614
2024-01-05 13:20:00+00:00,1956.1560410308614,1957.7920640458901,1955.858242072605,1957.2765410901036
2024-01-05 13:25:00+00:00,1957.2765410901036,1958.658514770447,1956.582684709626,1957.9572282812771
2024-01-05 13:30:00+00:00,1957.9572282812771,1958.838159128503,1956.4295740225382,1956.6957078551143
2024-01-05 13:35:00+00:00,1956.6957078551143,1958.9364553806677,1956.5466024949835,1958.5696392696532
2024-01-05 13:40:00+00:00,1958.5696392696532,1959.9124413493576,1958.2282811528705,1959.0354883530956
2024-01-05 13:45:00+00:00,1959.0354883530956,1959.8509053548148,1958.276644308362,1958.938694660502
2024-01-05 13:50:00+00:00,1958.938694660502,1959.793384333863,1958.7558747198802,1958.9588690499868
2024-01-05 13:55:00+00:00,1958.9588690499868,1959.6624589085206,1957.9238651369685,1958.6541263077602
2024-01-05 14:00:00+00:00,1958.6541263077602,1959.4880816517057,1957.8989682365245,1959.0364439263494
2024-01-05 14:05:00+00:00,1959.0364439263494,1959.9563418330465,1958.1406491160658,1959.316420681865
2024-01-05 14:10:00+00:00,1959.316420681865,1960.2291756931959,1958.5560012364188,1958.9931569940593
2024-01-05 14:15:00+00:00,1958.9931569940593,1959.7757988794958,1955.7342331278135,1956.6810816793336
2024-01-05 14:20:00+00:00,1956.6810816793336,1957.286740586646,1956.2134672031386,1956.6503000812409
2024-01-05 14:25:00+00:00,1956.6503000812409,1957.3965492653624,1955.9539116702736,1957.080280670385
2024-01-05 14:30:00+00:00,1957.080280670385,1958.4480172774158,1956.9546750142767,1957.5546605843947
2024-01-05 14:35:00+00:00,1957.5546605843947,1958.1220018995573,1956.7521486289418,1957.4173715623815
2024-01-05 14:40:00+00:00,1957.4173715623815,1958.1221702883638,1957.1541120934585,1957.8261849586615
2024-01-05 14:45:00+00:00,1957.8261849586615,1959.1670905833962,1956.8959690091388,1958.7525027338959
2024-01-05 14:50:00+00:00,1958.7525027338959,1959.1999013271538,1957.6060096254328,1958.3301088335077
2024-01-05 14:55:00+00:00,1958.3301088335077,1960.2776499981906,1957.4040207566934,1959.6505919533818
2024-01-05 15:00:00+00:00,1959.6505919533818,1959.767303997452,1956.9044644349262,1957.8917820858185
2024-01-05 15:05:00+00:00,1957.8917820858185,1958.1964606023284,1956.2553520846006,1956.757671634625
2024-01-05 15:10:00+00:00,1956.757671634625,1956.9301263730056,1955.5642128495351,1955.943875033519
2024-01-05 15:15:00+00:00,1955.943875033519,1956.9006626694172,1953.476176891204,1953.7446894743007
2024-01-05 15:20:00+00:00,1953.7446894743007,1954.2080671746278,1952.366690135698,1952.8457382197594
2024-01-05 15:25:00+00:00,1952.8457382197594,1954.4579400072416,1951.9744809426911,1953.9701087272983
2024-01-05 15:30:00+00:00,1953.9701087272983,1955.8244380075528,1953.1839627320326,1955.08832124057
2024-01-05 15:35:00+00:00,1955.08832124057,1955.8270041323208,1954.4837379637445,1955.176780836646
2024-01-05 15:40:00+00:00,1955.176780836646,1957.3466110922136,1954.8767441280675,1956.7265202114106
2024-01-05 15:45:00+00:00,1956.7265202114106,1957.5466652245232,1956.3303085886669,1956.942899639141
2024-01-05 15:50:00+00:00,1956.942899639141,1957.30894970933,1955.9765939502645,1956.4957077330432
2024-01-05 15:55:00+00:00,1956.4957077330432,1957.4074195550395,1955.53142492925,1956.7140149054228
2024-01-05 16:00:00+00:00,1956.7140149054228,1957.144554421779,1956.478835413678,1956.5914230611083
2024-01-05 16:05:00+00:00,1956.5914230611083,1958.0872933621972,1956.3652609120088,1957.2546039056497
2024-01-05 16:10:00+00:00,1957.2546039056497,1957.6340932321734,1955.167268282885,1955.902699685041
2024-01-05 16:15:00+00:00,1955.902699685041,1957.356245027579,1954.9192643174988,1956.8030151142866
2024-01-05 16:20:00+00:00,1956.8030151142866,1956.9442201481909,1956.140747613493,1956.3902836615425
2024-01-05 16:25:00+00:00,1956.3902836615425,1957.313314643498,1956.1275020800501,1957.1609176068057
2024-01-05 16:30:00+00:00,1957.1609176068057,1957.8121837176036,1954.8936377792593,1955.774825280626
2024-01-05 16:35:00+00:00,1955.774825280626,1955.9243296513869,1955.2063959557822,1955.398336971279
2024-01-05 16:40:00+00:00,1955.398336971279,1956.425319788667,1954.7179462953068,1955.4694389752322
2024-01-05 16:45:00+00:00,1955.4694389752322,1956.5928430560768,1954.7597554345348,1956.2815920720045
2024-01-05 16:50:00+00:00,1956.2815920720045,1956.8632950791175,1954.8671918208795,1955.1866604655445
2024-01-05 16:55:00+00:00,1955.1866604655445,1957.1014942406161,1954.5313185416114,1956.6882072767348
2024-01-05 17:00:00+00:00,1956.6882072767348,1957.2345483218148,1955.9048636301266,1957.1234520101889
2024-01-05 17:05:00+00:00,1957.1234520101889,1957.9761003157605,1956.4457443244723,1956.651102364655
2024-01-05 17:10:00+00:00,1956.651102364655,1958.4466286903582,1956.4870334087473,1957.747523051531
2024-01-05 17:15:00+00:00,1957.747523051531,1957.9424766667353,1956.9157870904376,1957.8408124534367
2024-01-05 17:20:00+00:00,1957.8408124534367,1959.3244969581528,1957.2546346760569,1958.8841298423401
2024-01-05 17:25:00+00:00,1958.8841298423401,1961.7489310041447,1958.1972588446554,1960.9758136015537
2024-01-05 17:30:00+00:00,1960.9758136015537,1962.3036438529994,1960.3155001500893,1961.6683404978658
2024-01-05 17:35:00+00:00,1961.6683404978658,1962.2909573077484,1960.6059645530263,1961.1951809621505
2024-01-05 17:40:00+00:00,1961.1951809621505,1961.4202298931123,1960.333643445053,1960.8128968768742
2024-01-05 17:45:00+00:00,1960.8128968768742,1961.5141648932934,1959.9121829957953,1961.338049020269
2024-01-05 17:50:00+00:00,1961.338049020269,1962.5421894076158,1960.4392949301812,1961.5980177523854
2024-01-05 17:55:00+00:00,1961.5980177523854,1961.9869666282398,1960.743343335777,1960.8491452669978
2024-01-05 18:00:00+00:00,1960.8491452669978,1961.18027928484,1959.3875023575497,1960.248701809823
2024-01-05 18:05:00+00:00,1960.248701809823,1961.2401204013136,1960.0035169984205,1960.8487613681434
2024-01-05 18:10:00+00:00,1960.8487613681434,1963.605230394023,1960.109530760958,1962.9616462589631
2024-01-05 18:15:00+00:00,1962.9616462589631,1963.44546974203,1959.821205070176,1960.5951725979087
2024-01-05 18:20:00+00:00,1960.5951725979087,1961.7552515515472,1960.0301867241806,1961.2475547291501
2024-01-05 18:25:00+00:00,1961.2475547291501,1961.6408667229343,1960.5297115982137,1961.0584704967096
2024-01-05 18:30:00+00:00,1961.0584704967096,1962.1233058037105,1960.142301541053,1961.760757596433
2024-01-05 18:35:00+00:00,1961.760757596433,1963.2298306418893,1961.6265763488047,1962.542566319127
2024-01-05 18:40:00+00:00,1962.542566319127,1962.9572053965087,1961.8873508363026,1962.590980703175
2024-01-05 18:45:00+00:00,1962.590980703175,1963.1945733371683,1961.2009590762145,1961.6774652434467
2024-01-05 18:50:00+00:00,1961.6774652434467,1962.3385476785236,1959.4255102063992,1960.4209798969637
2024-01-05 18:55:00+00:00,1960.4209798969637,1960.9645508983428,1957.8936110825298,1958.7350810599778
2024-01-05 19:00:00+00:00,1958.7350810599778,1960.6998992592164,1957.8353010176152,1959.8360547080151
2024-01-05 19:05:00+00:00,1959.8360547080151,1960.8137311640182,1958.9693617377372,1959.648185811738
2024-01-05 19:10:00+00:00,1959.648185811738,1960.1842757434133,1958.441717567053,1959.1628021990975
2024-01-05 19:15:00+00:00,1959.1628021990975,1959.6595937048269,1958.1488274457029,1958.9137192124142
2024-01-05 19:20:00+00:00,1958.9137192124142,1959.8489900261973,1957.3175012015508,1957.7090633739958
2024-01-05 19:25:00+00:00,1957.7090633739958,1958.4894024576088,1957.3612637030344,1957.9840822287813
2024-01-05 19:30:00+00:00,1957.9840822287813,1959.8116544037896,1957.004736575895,1959.1717799335156
2024-01-05 19:35:00+00:00,1959.1717799335156,1960.9681308503446,1958.5722911431203,1960.1972614845824
2024-01-05 19:40:00+00:00,1960.1972614845824,1960.436801516162,1958.26770873126,1958.7889099289284
2024-01-05 19:45:00+00:00,1958.7889099289284,1960.7602413784625,1958.287106936569,1960.0169388578856
2024-01-05 19:50:00+00:00,1960.0169388578856,1960.8276710130372,1958.8286285134031,1959.3299945112394
2024-01-05 19:55:00+00:00,1959.3299945112394,1959.7724228578415,1956.8226300865267,1957.6092069562062
2024-01-05 20:00:00+00:00,1957.6092069562062,1958.3288770769534,1955.586649244052,1956.5035520531003
2024-01-05 20:05:00+00:00,1956.5035520531003,1957.3065914267822,1955.4282643236363,1955.6345600868215
2024-01-05 20:10:00+00:00,1955.6345600868215,1956.0103163150898,1954.7885382345062,1955.6291783894353
2024-01-05 20:15:00+00:00,1955.6291783894353,1956.3234736750899,1954.191582526364,1954.7012724477459
2024-01-05 20:20:00+00:00,1954.7012724477459,1955.0252641176698,1952.42187653033,1953.34292414212
2024-01-05 20:25:00+00:00,1953.34292414212,1954.002105867464,1952.8647296490874,1953.105752744656
2024-01-05 20:30:00+00:00,1953.105752744656,1955.1175514590984,1952.6805624557635,1954.8381401524027
2024-01-05 20:35:00+00:00,1954.8381401524027,1955.4597969005972,1953.3050978904562,1954.2068988425635
2024-01-05 20:40:00+00:00,1954.2068988425635,1954.944051154412,1953.7084816354925,1954.625602115857
2024-01-05 20:45:00+00:00,1954.625602115857,1954.9630162579688,1953.7011117558857,1954.6984299984301
2024-01-05 20:50:00+00:00,1954.6984299984301,1958.0652558383363,1954.482177722049,1957.0915673007503
2024-01-05 20:55:00+00:00,1957.0915673007503,1957.2597512827533,1955.120474736362,1955.3840119416798
2024-01-05 21:00:00+00:00,1955.3840119416798,1956.943360672539,1954.4733872153026,1956.3707330338746
2024-01-05 21:05:00+00:00,1956.3707330338746,1956.98233271553,1954.3138014237304,1955.2183647724337
2024-01-05 21:10:00+00:00,1955.2183647724337,1956.0278259490603,1954.1588109427514,1954.6860699036731
2024-01-05 21:15:00+00:00,1954.6860699036731,1954.9889858949075,1954.221448631515,1954.5999359005548
2024-01-05 21:20:00+00:00,1954.5999359005548,1958.4652455975083,1954.3337107149737,1957.4682935921867
2024-01-05 21:25:00+00:00,1957.4682935921867,1958.4571779497976,1956.5565523855653,1956.7824695480235
2024-01-05 21:30:00+00:00,1956.7824695480235,1957.3333838728481,1954.6513431832045,1955.08335520627
2024-01-05 21:35:00+00:00,1955.08335520627,1956.9027220354246,1954.8406776866573,1956.2518644318254
2024-01-05 21:40:00+00:00,1956.2518644318254,1956.6868431951762,1954.7964712917005,1955.4974345446544
2024-01-05 21:45:00+00:00,1955.4974345446544,1955.8672586341522,1954.3904053739466,1955.2796624617374
2024-01-05 21:50:00+00:00,1955.2796624617374,1955.8899213585958,1954.8702643204858,1955.2589086815701
2024-01-05 21:55:00+00:00,1955.2589086815701,1955.6412145714833,1954.5184983549252,1955.3470830741535
2024-01-05 22:00:00+00:00,1955.3470830741535,1955.924115100002,1954.3723676311351,1955.1948434192711
2024-01-05 22:05:00+00:00,1955.1948434192711,1955.9816710459036,1954.629883021508,1955.4367099473648
2024-01-05 22:10:00+00:00,1955.4367099473648,1956.168136465202,1955.1197804431113,1955.7862199501722
2024-01-05 22:15:00+00:00,1955.7862199501722,1956.7384544687745,1954.8259187057397,1956.5556374724415
2024-01-05 22:20:00+00:00,1956.5556374724415,1957.182349550534,1955.8730411582712,1956.172015261083
2024-01-05 22:25:00+00:00,1956.172015261083,1957.129108450937,1954.7218977217117,1955.499046368093
2024-01-05 22:30:00+00:00,1955.499046368093,1956.3566129082321,1953.5806630086088,1954.5427399784005
2024-01-05 22:35:00+00:00,1954.5427399784005,1955.2936449274735,1953.7331073198864,1955.0770674747384
2024-01-05 22:40:00+00:00,1955.0770674747384,1955.4427606497823,1954.722725260014,1955.036289255326
2024-01-05 22:45:00+00:00,1955.036289255326,1956.0546266727727,1954.6672753811552,1955.535064105953
2024-01-05 22:50:00+00:00,1955.535064105953,1956.680792132608,1954.7997512636312,1956.0203320850076
2024-01-05 22:55:00+00:00,1956.0203320850076,1958.0841575496117,1955.2203929138836,1957.5385133115249
2024-01-05 23:00:00+00:00,1957.5385133115249,1958.433704732477,1956.714515599622,1957.7261605091117
2024-01-05 23:05:00+00:00,1957.7261605091117,1958.53137011463,1956.9845723971378,1958.4041879307874
2024-01-05 23:10:00+00:00,1958.4041879307874,1959.0093166784404,1956.9482956351326,1957.3227509488547
2024-01-05 23:15:00+00:00,1957.3227509488547,1958.035395461742,1955.9850115505865,1956.3513739270948
2024-01-05 23:20:00+00:00,1956.3513739270948,1957.2849416250099,1955.9377475524445,1956.0717050677597
2024-01-05 23:25:00+00:00,1956.0717050677597,1956.3928414483962,1954.8326643182318,1954.9775548964938
2024-01-05 23:30:00+00:00,1954.9775548964938,1955.744443093449,1954.3426032837872,1955.5990851545512
2024-01-05 23:35:00+00:00,1955.5990851545512,1956.1978265136058,1953.566240099367,1954.4002346322277
2024-01-05 23:40:00+00:00,1954.4002346322277,1955.0517641387034,1953.982483964813,1954.4626769612912
2024-01-05 23:45:00+00:00,1954.4626769612912,1955.1312973219406,1951.391291313287,1952.2512891392214
2024-01-05 23:50:00+00:00,1952.2512891392214,1952.4777835842006,1950.562884980676,1951.2578862505143
2024-01-05 23:55:00+00:00,1951.2578862505143,1951.6273773388727,1950.8312631950846,1950.9536539353082
2024-01-06 00:00:00+00:00,1950.9536539353082,1951.8937157049058,1949.8447878224456,1950.7214183296435
2024-01-06 00:05:00+00:00,1950.7214183296435,1951.6059980465063,1948.7185118433467,1949.109837898206
2024-01-06 00:10:00+00:00,1949.109837898206,1949.92547963731,1948.2626823187534,1949.2085414320597
2024-01-06 00:15:00+00:00,1949.2085414320597,1950.908127089708,1948.9472209924097,1950.086821045641
2024-01-06 00:20:00+00:00,1950.086821045641,1951.1086317696438,1949.6712402069618,1950.6711400231816
2024-01-06 00:25:00+00:00,1950.6711400231816,1951.5977887202587,1949.3794132354421,1950.079318503092
2024-01-06 00:30:00+00:00,1950.079318503092,1950.230059359853,1949.0222493308663,1949.5516552117233
2024-01-06 00:35:00+00:00,1949.5516552117233,1949.7843319470333,1947.621940547519,1948.4848894462548
2024-01-06 00:40:00+00:00,1948.4848894462548,1949.2109416369813,1947.7735177342956,1949.0526037545446
2024-01-06 00:45:00+00:00,1949.0526037545446,1950.6057529967404,1948.1476967026847,1950.3510024467387
2024-01-06 00:50:00+00:00,1950.3510024467387,1951.1872063632127,1948.8913510777818,1949.8785488820838
2024-01-06 00:55:00+00:00,1949.8785488820838,1950.7543019498494,1948.0166231780408,1948.3514196102042
2024-01-06 01:00:00+00:00,1948.3514196102042,1949.2500310585654,1947.574543581208,1948.5323310420004
2024-01-06 01:05:00+00:00,1948.5323310420004,1949.815812050088,1948.1956139106198,1949.170231762226
2024-01-06 01:10:00+00:00,1949.170231762226,1949.9552844524612,1946.1862519341464,1946.7212291610815
2024-01-06 01:15:00+00:00,1946.7212291610815,1947.576105610978,1946.0325601932357,1946.8466590854364
2024-01-06 01:20:00+00:00,1946.8466590854364,1949.745724030194,1946.0456205440503,1948.7955174809135
2024-01-06 01:25:00+00:00,1948.7955174809135,1950.444319749322,1948.042098676585,1949.5350110682425
2024-01-06 01:30:00+00:00,1949.5350110682425,1950.296374015207,1948.6070188791916,1950.0313353529932
2024-01-06 01:35:00+00:00,1950.0313353529932,1951.1148692986337,1949.6133898443231,1950.3941564915845
2024-01-06 01:40:00+00:00,1950.3941564915845,1952.1583867320319,1950.133870285922,1951.3507780448263
2024-01-06 01:45:00+00:00,1951.3507780448263,1952.1094606097329,1949.556675607822,1950.504640755555
2024-01-06 01:50:00+00:00,1950.504640755555,1951.3531328981487,1949.101777098672,1949.7447505975947
2024-01-06 01:55:00+00:00,1949.7447505975947,1950.8533923091168,1948.9007764014914,1950.1124774649106
2024-01-06 02:00:00+00:00,1950.1124774649106,1950.953214589257,1948.9817485311733,1949.4965961692585
2024-01-06 02:05:00+00:00,1949.4965961692585,1950.4475286173254,1948.637275669167,1949.7303440869193
2024-01-06 02:10:00+00:00,1949.7303440869193,1950.270864814208,1947.322979950889,1948.0099542161975
2024-01-06 02:15:00+00:00,1948.0099542161975,1949.099873776563,1947.885570824327,1948.6930304031644
2024-01-06 02:20:00+00:00,1948.6930304031644,1950.339156538737,1947.834725192515,1949.4562222888462
2024-01-06 02:25:00+00:00,1949.4562222888462,1949.6521187999062,1948.7250821611726,1949.4964506405136
2024-01-06 02:30:00+00:00,1949.4964506405136,1950.1809305122106,1949.0634214400345,1949.645350152405
2024-01-06 02:35:00+00:00,1949.645350152405,1951.351750873488,1948.965974811779,1951.1048556194742
2024-01-06 02:40:00+00:00,1951.1048556194742,1951.2862508722344,1949.4804349220888,1950.1309905693947
2024-01-06 02:45:00+00:00,1950.1309905693947,1950.4782461864138,1948.480302277607,1949.3100703188306
2024-01-06 02:50:00+00:00,1949.3100703188306,1949.8145416289187,1948.026647871251,1948.3265660194772
2024-01-06 02:55:00+00:00,1948.3265660194772,1949.2114665716092,1947.0559208410236,1947.945230855596
2024-01-06 03:00:00+00:00,1947.945230855596,1948.6207486772423,1946.406203701483,1947.0361185420154
2024-01-06 03:05:00+00:00,1947.0361185420154,1947.3075867973457,1946.5790119230492,1947.0703854118906
2024-01-06 03:10:00+00:00,1947.0703854118906,1948.0598166185896,1945.9292081441074,1946.4856461519746
2024-01-06 03:15:00+00:00,1946.4856461519746,1946.7234843131623,1945.0691862568435,1945.182336434846
2024-01-06 03:20:00+00:00,1945.182336434846,1945.865089674845,1942.885786451606,1943.7881015879282
2024-01-06 03:25:00+00:00,1943.7881015879282,1945.503331425582,1943.4075949616197,1944.879518724839
2024-01-06 03:30:00+00:00,1944.879518724839,1945.2298819569266,1944.1759246086674,1944.8184541544767
2024-01-06 03:35:00+00:00,1944.8184541544767,1945.8125598535355,1944.0981644756253,1944.6147771034493
2024-01-06 03:40:00+00:00,1944.6147771034493,1945.1921929689129,1944.4914628057497,1944.639617346264
2024-01-06 03:45:00+00:00,1944.639617346264,1945.2558520657035,1944.1381817270405,1944.5664196830346
2024-01-06 03:50:00+00:00,1944.5664196830346,1945.9905125044013,1944.001641121405,1945.247850191167
2024-01-06 03:55:00+00:00,1945.247850191167,1945.8760867455317,1945.0514036909715,1945.754812807729
2024-01-06 04:00:00+00:00,1945.754812807729,1946.0844533610289,1944.7179677218726,1945.225005952275
2024-01-06 04:05:00+00:00,1945.225005952275,1945.843859389644,1943.862902033274,1944.4847623421258
2024-01-06 04:10:00+00:00,1944.4847623421258,1944.858602071442,1942.6240193606832,1943.5076449988417
2024-01-06 04:15:00+00:00,1943.5076449988417,1943.8132583290458,1941.4896934477767,1942.38255882375
2024-01-06 04:20:00+00:00,1942.38255882375,1944.2387203274593,1941.4054091957062,1943.6454225163905
2024-01-06 04:25:00+00:00,1943.6454225163905,1944.0418531593068,1941.955660776249,1942.8214704468478
2024-01-06 04:30:00+00:00,1942.8214704468478,1943.6082229821964,1940.6839627005181,1941.0052630993937
2024-01-06 04:35:00+00:00,1941.0052630993937,1941.7079203296068,1939.5985834454434,1940.2470615755333
2024-01-06 04:40:00+00:00,1940.2470615755333,1940.9221745789146,1938.843286457974,1939.5384711675424
2024-01-06 04:45:00+00:00,1939.5384711675424,1939.9510388223102,1939.1898846954884,1939.836273362254
2024-01-06 04:50:00+00:00,1939.836273362254,1940.2931482763936,1938.5197965092318,1939.039825402093
2024-01-06 04:55:00+00:00,1939.039825402093,1939.6418449958003,1938.7640390194815,1939.52204015455
2024-01-06 05:00:00+00:00,1939.52204015455,1940.5350679228532,1939.3762177721221,1939.8726520488935
2024-01-06 05:05:00+00:00,1939.8726520488935,1941.1782405189267,1939.6680041471755,1941.0137368574053
2024-01-06 05:10:00+00:00,1941.0137368574053,1943.898488380006,1940.488055256819,1942.9649694959298
2024-01-06 05:15:00+00:00,1942.9649694959298,1945.727897069882,1942.4263462952463,1945.5299227009843
2024-01-06 05:20:00+00:00,1945.5299227009843,1947.5179757210074,1945.1336910030873,1946.7466139970934
2024-01-06 05:25:00+00:00,1946.7466139970934,1947.4929785389418,1944.79190928508,1945.7038244505372
2024-01-06 05:30:00+00:00,1945.7038244505372,1946.2059996400294,1944.7685921691452,1945.3409863645068
2024-01-06 05:35:00+00:00,1945.3409863645068,1945.961341373092,1944.4503037002576,1945.564809885966
2024-01-06 05:40:00+00:00,1945.564809885966,1948.1989873598588,1945.1910462579872,1947.42706725739
2024-01-06 05:45:00+00:00,1947.42706725739,1948.7546774895866,1946.6665375208272,1948.0369687996329
2024-01-06 05:50:00+00:00,1948.0369687996329,1949.253171344582,1947.7443178892224,1949.120947831759
2024-01-06 05:55:00+00:00,1949.120947831759,1949.6610092096023,1948.1315662896084,1948.96533563137
2024-01-06 06:00:00+00:00,1948.96533563137,1949.859979709415,1948.833174696893,1949.4975367961893
2024-01-06 06:05:00+00:00,1949.4975367961893,1950.4790254857119,1948.7333350609542,1950.1448555697805
2024-01-06 06:10:00+00:00,1950.1448555697805,1950.9228050765114,1949.3078039466607,1949.7351242921595
2024-01-06 06:15:00+00:00,1949.7351242921595,1951.0709133120195,1949.46934189902,1950.4356664528227
2024-01-06 06:20:00+00:00,1950.4356664528227,1952.2249667577573,1950.1573350022857,1951.4003436056287
2024-01-06 06:25:00+00:00,1951.4003436056287,1951.9256605175674,1951.0252222380018,1951.258762687879
2024-01-06 06:30:00+00:00,1951.258762687879,1952.701894790691,1950.8759455520722,1952.1760434371943
2024-01-06 06:35:00+00:00,1952.1760434371943,1954.155667111502,1951.5190513897955,1953.660152170169
2024-01-06 06:40:00+00:00,1953.660152170169,1954.2811896514418,1953.057308384852,1953.7207722335631
2024-01-06 06:45:00+00:00,1953.7207722335631,1953.8423856191093,1953.304449815891,1953.7220129374052
2024-01-06 06:50:00+00:00,1953.7220129374052,1953.8839481953182,1952.4797572987454,1953.4443087408026
2024-01-06 06:55:00+00:00,1953.4443087408026,1953.6633182832525,1952.1064705741426,1952.8878822234783
2024-01-06 07:00:00+00:00,1952.8878822234783,1953.6563393132747,1951.918019269067,1953.0293708745369
2024-01-06 07:05:00+00:00,1953.0293708745369,1953.8590629351133,1951.7238070686242,1952.659679952048
2024-01-06 07:10:00+00:00,1952.659679952048,1953.0471930258902,1951.7912642989686,1952.3798512287212
2024-01-06 07:15:00+00:00,1952.3798512287212,1952.8683798584207,1950.7513374217294,1951.6846635762888
2024-01-06 07:20:00+00:00,1951.6846635762888,1951.9886268194846,1949.5014652029415,1950.303175405717
2024-01-06 07:25:00+00:00,1950.303175405717,1950.9486014846184,1948.531145368315,1949.4606114676312
2024-01-06 07:30:00+00:00,1949.4606114676312,1949.9014478839006,1948.6416303322812,1949.7576655241387
2024-01-06 07:35:00+00:00,1949.7576655241387,1949.9913071004778,1948.4579254308053,1948.693797982229
2024-01-06 07:40:00+00:00,1948.693797982229,1949.5233132717033,1947.1478676045588,1948.1115790977178
2024-01-06 07:45:00+00:00,1948.1115790977178,1950.0070697878757,1947.7748142803728,1949.5904814567537
2024-01-06 07:50:00+00:00,1949.5904814567537,1951.594908019153,1949.094520769168,1950.6053045146418
2024-01-06 07:55:00+00:00,1950.6053045146418,1951.2638883182312,1949.103482029046,1949.9821895624505
2024-01-06 08:00:00+00:00,1949.9821895624505,1950.8883997496687,1949.5610859412902,1950.5261911665632
2024-01-06 08:05:00+00:00,1950.5261911665632,1951.197631236979,1949.6985549795488,1949.9418945615998
2024-01-06 08:10:00+00:00,1949.9418945615998,1952.3729998680035,1949.642551396018,1951.4076861817089
2024-01-06 08:15:00+00:00,1951.4076861817089,1951.5374020270194,1949.98710468467,1950.8815238511545
2024-01-06 08:20:00+00:00,1950.8815238511545,1951.890155463457,1949.898928237925,1950.9560315018068
2024-01-06 08:25:00+00:00,1950.9560315018068,1952.9914948825415,1950.6052217461338,1952.2033225018374
2024-01-06 08:30:00+00:00,1952.2033225018374,1953.13928890948,1951.1404803926873,1951.4591972887836
2024-01-06 08:35:00+00:00,1951.4591972887836,1953.4499620165232,1951.0844205707524,1952.6342425712203
2024-01-06 08:40:00+00:00,1952.6342425712203,1953.6229454062793,1951.2365894741165,1951.899501486246
2024-01-06 08:45:00+00:00,1951.899501486246,1952.3707357707951,1951.372423928618,1952.1148434023476
2024-01-06 08:50:00+00:00,1952.1148434023476,1952.850377771574,1951.6069809583105,1951.849756549583
2024-01-06 08:55:00+00:00,1951.849756549583,1952.0301552591939,1950.7765375666324,1951.771069012514
2024-01-06 09:00:00+00:00,1951.771069012514,1952.4369837782367,1951.6357927647307,1951.9161179034927
2024-01-06 09:05:00+00:00,1951.9161179034927,1952.854983873307,1951.2966015277098,1951.8501761966709
2024-01-06 09:10:00+00:00,1951.8501761966709,1952.7431898928012,1950.4298147504962,1950.9355449995685
2024-01-06 09:15:00+00:00,1950.9355449995685,1952.3641829682742,1950.3510020725096,1951.716436336823
2024-01-06 09:20:00+00:00,1951.716436336823,1952.8431577478536,1950.8479575335268,1952.3658918541423
2024-01-06 09:25:00+00:00,1952.3658918541423,1954.3979049584932,1951.7698170240162,1953.5277154722953
2024-01-06 09:30:00+00:00,1953.5277154722953,1955.2457130769214,1953.008662372254,1954.7751401848632
2024-01-06 09:35:00+00:00,1954.7751401848632,1954.8934584468252,1953.444058956008,1953.5665411377151
2024-01-06 09:40:00+00:00,1953.5665411377151,1955.0236858544765,1953.241553732523,1954.7244739171865
2024-01-06 09:45:00+00:00,1954.7244739171865,1956.4892281294224,1954.2180338217838,1955.8934083702447
2024-01-06 09:50:00+00:00,1955.8934083702447,1956.4081832753334,1955.163691968474,1955.4153633677768
2024-01-06 09:55:00+00:00,1955.4153633677768,1957.3191207039038,1955.1053308682863,1956.350002009872
2024-01-06 10:00:00+00:00,1956.350002009872,1958.1408071916926,1955.549203406786,1957.672385186198
2024-01-06 10:05:00+00:00,1957.672385186198,1958.220429605452,1956.5740399509193,1957.1884089800117
2024-01-06 10:10:00+00:00,1957.1884089800117,1957.5506914431962,1955.8134160427692,1955.948501937757
2024-01-06 10:15:00+00:00,1955.948501937757,1956.2679364536823,1955.028629079928,1955.6258960612927
2024-01-06 10:20:00+00:00,1955.6258960612927,1958.2808684142715,1955.2734908847451,1958.1403100414666
2024-01-06 10:25:00+00:00,1958.1403100414666,1958.5882038708528,1957.679469759916,1958.3539226962678
2024-01-06 10:30:00+00:00,1958.3539226962678,1959.310008379227,1956.3236497215141,1957.2621130620566
2024-01-06 10:35:00+00:00,1957.2621130620566,1957.7009685749824,1956.8530645082126,1957.0354400143276
2024-01-06 10:40:00+00:00,1957.0354400143276,1957.3366066173242,1955.2676317140438,1956.141773143706
2024-01-06 10:45:00+00:00,1956.141773143706,1956.7382659486589,1955.0074710235212,1955.7834013550644
2024-01-06 10:50:00+00:00,1955.7834013550644,1956.3969447378145,1954.7843986944629,1955.870012434437
2024-01-06 10:55:00+00:00,1955.870012434437,1956.6068692363865,1952.8285247071638,1953.565557127739
2024-01-06 11:00:00+00:00,1953.565557127739,1954.8677000081402,1952.766514390684,1953.8909004538984
2024-01-06 11:05:00+00:00,1953.8909004538984,1955.4841681293901,1953.564557419629,1955.1650863751327
2024-01-06 11:10:00+00:00,1955.1650863751327,1955.7680257538389,1954.0675362844866,1954.988438323305
2024-01-06 11:15:00+00:00,1954.988438323305,1955.3870097423412,1953.7503477216512,1954.6449973907527
2024-01-06 11:20:00+00:00,1954.6449973907527,1956.5093722835709,1954.018248281421,1955.6302139152165
2024-01-06 11:25:00+00:00,1955.6302139152165,1955.9308930638351,1953.8545464382853,1954.4912248999815
2024-01-06 11:30:00+00:00,1954.4912248999815,1955.1949160208683,1953.1222993387464,1953.3709101102804
2024-01-06 11:35:00+00:00,1953.3709101102804,1953.7506182386321,1951.5268176749012,1952.1204146522284
2024-01-06 11:40:00+00:00,1952.1204146522284,1952.986869967137,1951.009829926852,1951.9797621145021
2024-01-06 11:45:00+00:00,1951.9797621145021,1952.4860560713862,1951.7511182645765,1952.3353746428888
2024-01-06 11:50:00+00:00,1952.3353746428888,1953.117369784964,1952.1382477891864,1952.254847866844
2024-01-06 11:55:00+00:00,1952.254847866844,1953.4559771211466,1951.6122069030296,1952.7506359664997
2024-01-06 12:00:00+00:00,1952.7506359664997,1954.390863170511,1952.2117768844168,1953.4992985702313
2024-01-06 12:05:00+00:00,1953.4992985702313,1954.0633196346948,1953.2499463722766,1953.9472160596194
2024-01-06 12:10:00+00:00,1953.9472160596194,1954.3620345506201,1952.700496178315,1953.220419007654
2024-01-06 12:15:00+00:00,1953.220419007654,1953.416528624301,1952.1875976416766,1952.9801320864312
2024-01-06 12:20:00+00:00,1952.9801320864312,1954.873233020931,1952.0132852927152,1954.1045471861985
2024-01-06 12:25:00+00:00,1954.1045471861985,1955.018233678616,1952.4347825129503,1953.1635225014534
2024-01-06 12:30:00+00:00,1953.1635225014534,1953.814662105031,1952.1437447996864,1952.9364350416504
2024-01-06 12:35:00+00:00,1952.9364350416504,1953.05538047806,1952.109953922364,1952.5618831086645
2024-01-06 12:40:00+00:00,1952.5618831086645,1953.2718478019633,1951.8513901863578,1952.40079843999
2024-01-06 12:45:00+00:00,1952.40079843999,1953.0936387986096,1950.7011513721654,1951.4336925469
2024-01-06 12:50:00+00:00,1951.4336925469,1952.164675942624,1949.2630211609853,1950.2202887691183
2024-01-06 12:55:00+00:00,1950.2202887691183,1953.1089214588444,1949.8108006564091,1952.5216533505177
2024-01-06 13:00:00+00:00,1952.5216533505177,1954.3201086045315,1952.3754464963633,1953.3739619517996
2024-01-06 13:05:00+00:00,1953.3739619517996,1953.524294376455,1952.4127387423353,1952.7336046901014
2024-01-06 13:10:00+00:00,1952.7336046901014,1953.5486873000862,1951.7012510453267,1952.6815350861634
2024-01-06 13:15:00+00:00,1952.6815350861634,1953.924379135009,1952.068628237892,1953.2915722498649
2024-01-06 13:20:00+00:00,1953.2915722498649,1954.1889295435872,1952.7311829425232,1952.9832774938868
2024-01-06 13:25:00+00:00,1952.9832774938868,1954.2441971893666,1952.3616966036875,1953.5391494533385
2024-01-06 13:30:00+00:00,1953.5391494533385,1953.6450529768506,1952.4052726738987,1952.9863946045314
2024-01-06 13:35:00+00:00,1952.9863946045314,1953.8101916984988,1951.7980729094904,1952.6647203699436
2024-01-06 13:40:00+00:00,1952.6647203699436,1953.3452814513478,1952.004518779546,1952.5894311150146
2024-01-06 13:45:00+00:00,1952.5894311150146,1952.8133286118546,1951.2648035284112,1952.1786884057394
2024-01-06 13:50:00+00:00,1952.1786884057394,1952.8250678822897,1949.7569016634573,1949.972152039662
2024-01-06 13:55:00+00:00,1949.972152039662,1950.594386142128,1949.0769712344122,1949.9921934158515
2024-01-06 14:00:00+00:00,1949.9921934158515,1951.1276140874058,1949.677100555024,1950.2286583556477
2024-01-06 14:05:00+00:00,1950.2286583556477,1951.512072952451,1949.4504829398404,1950.658240928012
2024-01-06 14:10:00+00:00,1950.658240928012,1951.6225043897514,1949.5628111723258,1949.7646607963404
2024-01-06 14:15:00+00:00,1949.7646607963404,1950.9576681625954,1949.1844873406951,1950.075490426252
2024-01-06 14:20:00+00:00,1950.075490426252,1950.7119041645092,1949.8463622308404,1950.2706285804065
2024-01-06 14:25:00+00:00,1950.2706285804065,1950.9698691467026,1947.972717359025,1948.6797007471719
2024-01-06 14:30:00+00:00,1948.6797007471719,1948.8053877489012,1946.0415311842546,1946.698967848368
2024-01-06 14:35:00+00:00,1946.698967848368,1947.9449361930492,1946.0441799266064,1947.128800875728
2024-01-06 14:40:00+00:00,1947.128800875728,1947.8126982382355,1945.6456361546022,1946.2710441994418
2024-01-06 14:45:00+00:00,1946.2710441994418,1948.1655885339287,1946.1481563578893,1947.1740406458446
2024-01-06 14:50:00+00:00,1947.1740406458446,1949.440182082726,1946.921481654624,1949.1013861889644
2024-01-06 14:55:00+00:00,1949.1013861889644,1949.2520398455554,1948.434398937715,1948.5779439750952
2024-01-06 15:00:00+00:00,1948.5779439750952,1948.8358021262222,1947.569868971549,1947.958501320904
2024-01-06 15:05:00+00:00,1947.958501320904,1948.9192571677286,1947.3522019785592,1947.9489880599845
2024-01-06 15:10:00+00:00,1947.9489880599845,1949.3652081571895,1947.5400962996384,1948.557273945916
2024-01-06 15:15:00+00:00,1948.557273945916,1948.9292811150324,1947.3300774649895,1947.53606915548
2024-01-06 15:20:00+00:00,1947.53606915548,1949.617059855351,1946.6768164518096,1948.6580087787183
2024-01-06 15:25:00+00:00,1948.6580087787183,1950.5313599525343,1947.7197408742143,1949.551123950539
2024-01-06 15:30:00+00:00,1949.551123950539,1950.94968072113,1948.7480048135553,1950.1471361580936
2024-01-06 15:35:00+00:00,1950.1471361580936,1950.7751409137259,1949.3896013646836,1949.6622962780177
2024-01-06 15:40:00+00:00,1949.6622962780177,1950.8120820098661,1948.773065240802,1950.4879857914807
2024-01-06 15:45:00+00:00,1950.4879857914807,1951.9271834760764,1950.3250833284064,1951.2604956177897
2024-01-06 15:50:00+00:00,1951.2604956177897,1951.5147103266556,1949.9506778436157,1950.1806406866929
2024-01-06 15:55:00+00:00,1950.1806406866929,1952.2518780275586,1949.3217578416097,1952.0628260585383
2024-01-06 16:00:00+00:00,1952.0628260585383,1952.2811960790125,1951.3733813968045,1951.793371586596
2024-01-06 16:05:00+00:00,1951.793371586596,1952.2459369195046,1951.0018195967402,1952.1266597159843
2024-01-06 16:10:00+00:00,1952.1266597159843,1952.3988084966372,1951.3993918890917,1951.655941200681
2024-01-06 16:15:00+00:00,1951.655941200681,1952.7405676802405,1950.8392606554694,1952.003370297814
2024-01-06 16:20:00+00:00,1952.003370297814,1953.7845239100288,1951.5987409806962,1953.0484671014754
2024-01-06 16:25:00+00:00,1953.0484671014754,1953.892214710684,1951.7296683069283,1952.3228585621914
2024-01-06 16:30:00+00:00,1952.3228585621914,1952.6450804347573,1950.096094667787,1950.8339991593098
2024-01-06 16:35:00+00:00,1950.8339991593098,1950.9816405963516,1949.8393125604696,1950.4300367244011
2024-01-06 16:40:00+00:00,1950.4300367244011,1951.0272993189474,1948.924570864881,1949.2556204409073
2024-01-06 16:45:00+00:00,1949.2556204409073,1949.996344001496,1947.6210902557677,1948.5739307396093
2024-01-06 16:50:00+00:00,1948.5739307396093,1948.9737507264679,1948.2732449044704,1948.461122413199
2024-01-06 16:55:00+00:00,1948.461122413199,1949.1779746881646,1947.5509495208942,1948.4044077541866
2024-01-06 17:00:00+00:00,1948.4044077541866,1950.5233606436352,1947.7186266662088,1949.5670914493628
2024-01-06 17:05:00+00:00,1949.5670914493628,1949.7847533497813,1948.4421204322684,1948.6548011868608
2024-01-06 17:10:00+00:00,1948.6548011868608,1949.5652392847253,1947.8103295737099,1948.9732676286455
2024-01-06 17:15:00+00:00,1948.9732676286455,1949.578878945239,1948.1128377334721,1948.5174864247358
2024-01-06 17:20:00+00:00,1948.5174864247358,1949.901877106355,1948.2567978122368,1949.747067885162
2024-01-06 17:25:00+00:00,1949.747067885162,1952.9578641124476,1948.9944650928362,1952.023027285107
2024-01-06 17:30:00+00:00,1952.023027285107,1952.4160683479306,1951.646149835946,1952.2971544262812
2024-01-06 17:35:00+00:00,1952.2971544262812,1954.715974559364,1951.6127718989871,1953.8049583765867
2024-01-06 17:40:00+00:00,1953.8049583765867,1954.2367241199693,1952.8733821273786,1953.3288059733702
2024-01-06 17:45:00+00:00,1953.3288059733702,1954.2298265875122,1951.407906465577,1951.890373369614
2024-01-06 17:50:00+00:00,1951.890373369614,1952.5666362262239,1950.2800912918728,1950.7480485844494
2024-01-06 17:55:00+00:00,1950.7480485844494,1951.68365298304,1948.3853969061754,1949.3279021450421
2024-01-06 18:00:00+00:00,1949.3279021450421,1949.966388762793,1948.2701699170273,1948.4696628845427
2024-01-06 18:05:00+00:00,1948.4696628845427,1948.653670212364,1947.379170060596,1948.2545018052201
2024-01-06 18:10:00+00:00,1948.2545018052201,1949.720753317389,1947.8249304919286,1949.2906312854727
2024-01-06 18:15:00+00:00,1949.2906312854727,1950.3606101948437,1949.1418549931966,1949.9215414911648
2024-01-06 18:20:00+00:00,1949.9215414911648,1950.944584844896,1948.9234979341911,1950.339966577696
2024-01-06 18:25:00+00:00,1950.339966577696,1950.482766341475,1949.4313374025423,1949.9596423696273
2024-01-06 18:30:00+00:00,1949.9596423696273,1950.6661209301976,1949.0952848000338,1949.3109601612882
2024-01-06 18:35:00+00:00,1949.3109601612882,1950.3369828597915,1949.1283329889231,1949.3419378563078
2024-01-06 18:40:00+00:00,1949.3419378563078,1949.8851906269263,1949.1585795234482,1949.4668780435986
2024-01-06 18:45:00+00:00,1949.4668780435986,1950.442237644948,1948.6762828040858,1949.6985088871234
2024-01-06 18:50:00+00:00,1949.6985088871234,1950.91506120164,1949.4077944176877,1950.0339435790565
2024-01-06 18:55:00+00:00,1950.0339435790565,1950.3968212531367,1949.1422286627776,1949.9291330273818
2024-01-06 19:00:00+00:00,1949.9291330273818,1950.6213133423853,1947.5986390389185,1948.1979849917316
2024-01-06 19:05:00+00:00,1948.1979849917316,1948.6256882643956,1946.886804203023,1947.1953131191449
2024-01-06 19:10:00+00:00,1947.1953131191449,1948.1176168953568,1946.0070843464914,1946.4533040961749
2024-01-06 19:15:00+00:00,1946.4533040961749,1948.2618533428122,1945.8564549156329,1947.9814080365068
2024-01-06 19:20:00+00:00,1947.9814080365068,1948.6571397532991,1946.7259980821436,1947.5979079425524
2024-01-06 19:25:00+00:00,1947.5979079425524,1948.322204215518,1947.0190124954795,1948.2064844150239
2024-01-06 19:30:00+00:00,1948.2064844150239,1950.0530050285083,1947.7818781590727,1949.5253454247388
2024-01-06 19:35:00+00:00,1949.5253454247388,1950.0741763043618,1948.5383031502454,1949.8264197165165
2024-01-06 19:40:00+00:00,1949.8264197165165,1950.1445037574838,1949.2394793790645,1949.4739549392903
2024-01-06 19:45:00+00:00,1949.4739549392903,1950.164289293497,1948.7877860745969,1949.2111042877746
2024-01-06 19:50:00+00:00,1949.2111042877746,1949.4172401688581,1947.4859524036742,1948.2919997515862
2024-01-06 19:55:00+00:00,1948.2919997515862,1948.9599187096046,1948.0997785470229,1948.5689342625328
2024-01-06 20:00:00+00:00,1948.5689342625328,1950.1052480332717,1947.7004144764294,1949.5852472124918
2024-01-06 20:05:00+00:00,1949.5852472124918,1950.2373343054728,1948.6317945559247,1950.0991282391287
2024-01-06 20:10:00+00:00,1950.0991282391287,1951.0785760672968,1949.5582368987157,1950.7943650712675
2024-01-06 20:15:00+00:00,1950.7943650712675,1952.1268898211697,1949.9384691349953,1951.4413299340015
2024-01-06 20:20:00+00:00,1951.4413299340015,1953.994394383878,1951.1096786808355,1953.2460033250936
2024-01-06 20:25:00+00:00,1953.2460033250936,1953.866612854431,1952.4200561179523,1952.676624788228
2024-01-06 20:30:00+00:00,1952.676624788228,1953.208054404015,1951.8420892083138,1952.8194501372197
2024-01-06 20:35:00+00:00,1952.8194501372197,1953.914563367438,1951.8403256298013,1953.455433077582
2024-01-06 20:40:00+00:00,1953.455433077582,1955.1296549964834,1952.862982550274,1954.579027893935
2024-01-06 20:45:00+00:00,1954.579027893935,1955.2410194050588,1952.1849676068505,1952.3952054612905
2024-01-06 20:50:00+00:00,1952.3952054612905,1953.2269488732475,1951.7780252625073,1951.9261544028734
2024-01-06 20:55:00+00:00,1951.9261544028734,1952.3861613729882,1951.3733223240513,1951.7395671057043
2024-01-06 21:00:00+00:00,1951.7395671057043,1952.1367567995542,1949.978618146085,1950.8141464539708
2024-01-06 21:05:00+00:00,1950.8141464539708,1951.8790852371612,1950.411907281843,1951.5776256071786
2024-01-06 21:10:00+00:00,1951.5776256071786,1952.5329746264024,1951.2945739771862,1951.7757750541916
2024-01-06 21:15:00+00:00,1951.7757750541916,1952.6965157732263,1950.611285493314,1951.4200298922533
2024-01-06 21:20:00+00:00,1951.4200298922533,1952.1192066178567,1949.5137904908015,1949.9503815786761
2024-01-06 21:25:00+00:00,1949.9503815786761,1950.6502382519716,1947.8850985110837,1948.7600472446738
2024-01-06 21:30:00+00:00,1948.7600472446738,1949.0033780586368,1946.9993186143543,1947.8743073874894
2024-01-06 21:35:00+00:00,1947.8743073874894,1948.6874804211418,1947.4490101813183,1948.2847002243752
2024-01-06 21:40:00+00:00,1948.2847002243752,1948.8822216490737,1946.4945718754936,1947.1884280435208
2024-01-06 21:45:00+00:00,1947.1884280435208,1948.0278987080078,1944.6715617149912,1945.3270062251486
2024-01-06 21:50:00+00:00,1945.3270062251486,1946.112980718315,1943.52976368134,1944.0208043413486
2024-01-06 21:55:00+00:00,1944.0208043413486,1944.1930193059645,1942.6749494766818,1943.4891028431725
2024-01-06 22:00:00+00:00,1943.4891028431725,1945.5399001467379,1942.8719604983078,1944.996116004307
2024-01-06 22:05:00+00:00,1944.996116004307,1947.6850094398662,1944.0070123378273,1947.24891918459
2024-01-06 22:10:00+00:00,1947.24891918459,1948.194016680722,1945.8567530478495,1946.8167445842366
2024-01-06 22:15:00+00:00,1946.8167445842366,1947.8042644734628,1946.6178934585294,1947.667284131824
2024-01-06 22:20:00+00:00,1947.667284131824,1949.388463487123,1947.0003424621111,1948.9294416516582
2024-01-06 22:25:00+00:00,1948.9294416516582,1950.8853534694763,1948.2267143834465,1950.0865977034448
2024-01-06 22:30:00+00:00,1950.0865977034448,1950.5247876386672,1949.23795925568,1949.9825594767958
2024-01-06 22:35:00+00:00,1949.9825594767958,1950.2534340983293,1948.6522867989145,1948.8117576147927
2024-01-06 22:40:00+00:00,1948.8117576147927,1948.9305815308926,1948.1394413585792,1948.3733538256402
2024-01-06 22:45:00+00:00,1948.3733538256402,1948.6488477427993,1946.5484893111388,1946.698640451464
2024-01-06 22:50:00+00:00,1946.698640451464,1947.447869499122,1946.2014437669025,1946.9144839536912
2024-01-06 22:55:00+00:00,1946.9144839536912,1947.9812916570106,1946.0593732124294,1947.6153005564547
2024-01-06 23:00:00+00:00,1947.6153005564547,1948.121743825992,1945.1946360500685,1945.9126817665074
2024-01-06 23:05:00+00:00,1945.9126817665074,1946.4164145162129,1944.9413585452817,1945.867117724158
2024-01-06 23:10:00+00:00,1945.867117724158,1947.1107623541063,1945.2233236826391,1946.1313117253828
2024-01-06 23:15:00+00:00,1946.1313117253828,1947.3575579479755,1945.805971453499,1947.2567750341711
2024-01-06 23:20:00+00:00,1947.2567750341711,1948.6423208039657,1947.0639632515768,1948.4986109731103
2024-01-06 23:25:00+00:00,1948.4986109731103,1949.9191220268197,1948.0007903704948,1949.2208332797118
2024-01-06 23:30:00+00:00,1949.2208332797118,1950.2164607323703,1948.4459100546612,1948.6038490039005
2024-01-06 23:35:00+00:00,1948.6038490039005,1948.7241104695358,1947.3786273335727,1948.273413118207
2024-01-06 23:40:00+00:00,1948.273413118207,1950.2441059853377,1948.1431556712168,1949.358354176129
2024-01-06 23:45:00+00:00,1949.358354176129,1949.537984748875,1947.8911264783173,1948.8141165442664
2024-01-06 23:50:00+00:00,1948.8141165442664,1949.0240147443972,1948.1225675135815,1948.7771723077294
2024-01-06 23:55:00+00:00,1948.7771723077294,1950.4944193488484,1948.1764036855516,1950.1829813004106
2024-01-07 00:00:00+00:00,1950.1829813004106,1950.4409250598806,1949.493576301322,1950.2991548203665
2024-01-07 00:05:00+00:00,1950.2991548203665,1950.8356797307997,1948.3610977987007,1949.0631717926804
2024-01-07 00:10:00+00:00,1949.0631717926804,1949.7239925270126,1948.534879546149,1948.798222414048
2024-01-07 00:15:00+00:00,1948.798222414048,1949.5935011499216,1948.6498183673966,1949.374694192615
2024-01-07 00:20:00+00:00,1949.374694192615,1950.1271089389577,1948.8741981762673,1949.2044789983386
2024-01-07 00:25:00+00:00,1949.2044789983386,1951.233130706445,1948.920242453337,1950.2507431263277
2024-01-07 00:30:00+00:00,1950.2507431263277,1951.9044645694116,1950.1260089235623,1951.405635614476
2024-01-07 00:35:00+00:00,1951.405635614476,1951.515683245142,1950.6353205346059,1950.8209839757972
2024-01-07 00:40:00+00:00,1950.8209839757972,1951.0739624683563,1949.4850525868217,1950.3687762772072
2024-01-07 00:45:00+00:00,1950.3687762772072,1951.050997060751,1949.730774587212,1950.275986101745
2024-01-07 00:50:00+00:00,1950.275986101745,1951.2639646252146,1948.4268204024327,1949.1954849197145
2024-01-07 00:55:00+00:00,1949.1954849197145,1949.806480225102,1948.8344758230824,1949.5366084125865
2024-01-07 01:00:00+00:00,1949.5366084125865,1949.6991562139626,1948.4846210251956,1949.3754916376192
2024-01-07 01:05:00+00:00,1949.3754916376192,1950.5866418434332,1948.8499256979264,1950.083263051811
2024-01-07 01:10:00+00:00,1950.083263051811,1950.835009763724,1948.7914990743818,1949.5442588551834
2024-01-07 01:15:00+00:00,1949.5442588551834,1950.2963594448931,1948.080206427285,1948.753558354781
2024-01-07 01:20:00+00:00,1948.753558354781,1950.745418762614,1947.9347100031848,1950.4086536396883
2024-01-07 01:25:00+00:00,1950.4086536396883,1950.8100069070163,1948.9629449001636,1949.6183508838621
2024-01-07 01:30:00+00:00,1949.6183508838621,1950.2866722458898,1948.3815325393493,1949.0923818124995
2024-01-07 01:35:00+00:00,1949.0923818124995,1949.302505204501,1948.0487583693225,1948.4342349863143
2024-01-07 01:40:00+00:00,1948.4342349863143,1949.265196942272,1947.7396117989786,1948.1611662563607
2024-01-07 01:45:00+00:00,1948.1611662563607,1948.6509740005317,1946.3824692385442,1947.3378178716882
2024-01-07 01:50:00+00:00,1947.3378178716882,1947.5179688788028,1947.156385684745,1947.2984241589347
2024-01-07 01:55:00+00:00,1947.2984241589347,1947.6058741026584,1946.0800930546152,1946.6651299520663
2024-01-07 02:00:00+00:00,1946.6651299520663,1946.8247397733132,1945.8426803669058,1946.2910374871105
2024-01-07 02:05:00+00:00,1946.2910374871105,1947.1619723345714,1945.676069499043,1946.6186694396915
2024-01-07 02:10:00+00:00,1946.6186694396915,1947.7054923811966,1946.3518160182452,1947.251188567255
2024-01-07 02:15:00+00:00,1947.251188567255,1948.074321241259,1947.0513192786993,1947.672558350072
2024-01-07 02:20:00+00:00,1947.672558350072,1948.5292599660932,1946.5021634748007,1947.0111961685218
2024-01-07 02:25:00+00:00,1947.0111961685218,1947.5378396933509,1946.0130186586628,1947.3697423923818
2024-01-07 02:30:00+00:00,1947.3697423923818,1947.9215519027794,1946.4440272772495,1947.2624246763883
2024-01-07 02:35:00+00:00,1947.2624246763883,1947.815909149295,1946.3239471013242,1947.1678314280734
2024-01-07 02:40:00+00:00,1947.1678314280734,1948.0387387739684,1944.791181266886,1945.6187992689947
2024-01-07 02:45:00+00:00,1945.6187992689947,1946.5876014637715,1944.9551994347055,1946.2240855242965
2024-01-07 02:50:00+00:00,1946.2240855242965,1946.5145155991038,1945.6943612928817,1946.0995420610418
2024-01-07 02:55:00+00:00,1946.0995420610418,1948.3302882907956,1945.618897986778,1947.6362847752187
2024-01-07 03:00:00+00:00,1947.6362847752187,1948.5267204510315,1947.082706001562,1948.2134791407427
2024-01-07 03:05:00+00:00,1948.2134791407427,1948.3373161790648,1946.7053130454842,1947.209716776049
2024-01-07 03:10:00+00:00,1947.209716776049,1947.3799955011316,1945.2310677785056,1945.9758464518939
2024-01-07 03:15:00+00:00,1945.9758464518939,1947.2097600325249,1945.6258024655356,1947.012831570174
2024-01-07 03:20:00+00:00,1947.012831570174,1947.5795187689564,1945.9670061991626,1946.2265525938499
2024-01-07 03:25:00+00:00,1946.2265525938499,1947.4670773887203,1945.6633492623832,1946.843700443781
2024-01-07 03:30:00+00:00,1946.843700443781,1947.6684213806786,1946.4459144657624,1946.5741130367633
2024-01-07 03:35:00+00:00,1946.5741130367633,1949.294268402339,1945.5881301919437,1948.468671311267
2024-01-07 03:40:00+00:00,1948.468671311267,1948.6790422044935,1947.6249590891143,1948.5419530383583
2024-01-07 03:45:00+00:00,1948.5419530383583,1950.299045700887,1948.3684884718482,1949.9072571800184
2024-01-07 03:50:00+00:00,1949.9072571800184,1951.5271700649773,1949.366741893227,1951.1090985225958
2024-01-07 03:55:00+00:00,1951.1090985225958,1951.3638113612155,1949.959795031954,1950.6952574222794
2024-01-07 04:00:00+00:00,1950.6952574222794,1951.4938733125082,1949.7192069738078,1950.4029210946094
2024-01-07 04:05:00+00:00,1950.4029210946094,1952.2511180133497,1950.025044688227,1951.7445927047224
2024-01-07 04:10:00+00:00,1951.7445927047224,1951.9287209189417,1951.2898486662236,1951.752074453384
2024-01-07 04:15:00+00:00,1951.752074453384,1952.5116780308842,1950.057846855687,1950.9785751731201
2024-01-07 04:20:00+00:00,1950.9785751731201,1952.8060608991254,1950.7907873310348,1952.0719794295867
2024-01-07 04:25:00+00:00,1952.0719794295867,1954.8137660290265,1951.9159237530898,1954.3994545486576
2024-01-07 04:30:00+00:00,1954.3994545486576,1955.1206308666176,1953.6664725075343,1954.3794189890657
2024-01-07 04:35:00+00:00,1954.3794189890657,1955.8150986352846,1953.9231608242073,1955.657104712359
2024-01-07 04:40:00+00:00,1955.657104712359,1955.8491407299541,1954.6933707838489,1955.532350420463
2024-01-07 04:45:00+00:00,1955.532350420463,1957.417070814878,1954.969423944861,1956.776502573534
2024-01-07 04:50:00+00:00,1956.776502573534,1956.9573511519066,1955.7654183988013,1956.5872967162222
2024-01-07 04:55:00+00:00,1956.5872967162222,1958.46139851155,1955.7123067664868,1957.8156803830425
2024-01-07 05:00:00+00:00,1957.8156803830425,1958.8735846179823,1957.4115546224714,1958.3368757969247
2024-01-07 05:05:00+00:00,1958.3368757969247,1959.198754036821,1957.5045997586617,1958.2058240530255
2024-01-07 05:10:00+00:00,1958.2058240530255,1958.5613691196231,1958.0093124925413,1958.4552268548346
2024-01-07 05:15:00+00:00,1958.4552268548346,1958.640770577093,1957.7805827131451,1958.0057024273476
2024-01-07 05:20:00+00:00,1958.0057024273476,1958.284796347128,1956.6575801324373,1957.032491886084
2024-01-07 05:25:00+00:00,1957.032491886084,1957.3915922295237,1955.4889784511245,1956.1240376657258
2024-01-07 05:30:00+00:00,1956.1240376657258,1957.1202465500205,1955.8596731836421,1956.117409518328
2024-01-07 05:35:00+00:00,1956.117409518328,1956.2409774901153,1954.5768998615838,1955.2119532658025
2024-01-07 05:40:00+00:00,1955.2119532658025,1956.4154659945466,1954.5086959029666,1955.6571933737516
2024-01-07 05:45:00+00:00,1955.6571933737516,1956.3983895888096,1955.0731923659848,1956.1868423464186
2024-01-07 05:50:00+00:00,1956.1868423464186,1956.9467878169814,1955.5588269834811,1956.663838751879
2024-01-07 05:55:00+00:00,1956.663838751879,1956.8676332242358,1955.2963717881698,1956.2717129919038
2024-01-07 06:00:00+00:00,1956.2717129919038,1956.8268033546703,1956.1636612729483,1956.3793546369354
2024-01-07 06:05:00+00:00,1956.3793546369354,1956.7965438101596,1955.709272954732,1956.41428294846
2024-01-07 06:10:00+00:00,1956.41428294846,1957.8656712060458,1955.4198586394452,1957.6640280193449
2024-01-07 06:15:00+00:00,1957.6640280193449,1958.5086796221658,1956.5089962095674,1956.9974800976538
2024-01-07 06:20:00+00:00,1956.9974800976538,1957.8841543048193,1956.3196540084793,1956.7118087576746
2024-01-07 06:25:00+00:00,1956.7118087576746,1957.1767848767388,1955.8308472426104,1956.5626955272285
2024-01-07 06:30:00+00:00,1956.5626955272285,1956.795685600379,1956.3568803041353,1956.4958538989074
2024-01-07 06:35:00+00:00,1956.4958538989074,1956.6305021996466,1955.2261377918842,1955.8834796080478
2024-01-07 06:40:00+00:00,1955.8834796080478,1956.1556596379055,1954.769966326907,1955.3800851840545
2024-01-07 06:45:00+00:00,1955.3800851840545,1957.1195122755403,1955.1938872889953,1956.3578215696587
2024-01-07 06:50:00+00:00,1956.3578215696587,1957.2786652211635,1955.6970459984323,1955.84661404113
2024-01-07 06:55:00+00:00,1955.84661404113,1957.1897492118812,1955.4431055185837,1956.7362531209858
2024-01-07 07:00:00+00:00,1956.7362531209858,1959.2600459086768,1956.0236222156173,1958.6326858678453
2024-01-07 07:05:00+00:00,1958.6326858678453,1960.5867450638664,1958.0780786243977,1959.8481432250962
2024-01-07 07:10:00+00:00,1959.8481432250962,1960.3864805913004,1957.6240687917077,1958.285126904247
2024-01-07 07:15:00+00:00,1958.285126904247,1959.7412038008222,1957.4047126968571,1959.046465463564
2024-01-07 07:20:00+00:00,1959.046465463564,1960.064967644491,1958.6948235814837,1959.5422250500515
2024-01-07 07:25:00+00:00,1959.5422250500515,1960.758839594065,1959.2687160621738,1960.097423628459
2024-01-07 07:30:00+00:00,1960.097423628459,1960.3043700118822,1957.8232883848632,1958.6981143502537
2024-01-07 07:35:00+00:00,1958.6981143502537,1960.2477368301347,1958.5389250296691,1959.4464484939801
2024-01-07 07:40:00+00:00,1959.4464484939801,1960.042752371201,1958.1874477458705,1958.5303774872207
2024-01-07 07:45:00+00:00,1958.5303774872207,1960.0423409353223,1958.2822914817223,1959.7596170973245
2024-01-07 07:50:00+00:00,1959.7596170973245,1961.2809507179973,1959.617418574823,1960.78804362681
2024-01-07 07:55:00+00:00,1960.78804362681,1963.9454345108784,1960.4384560481963,1963.1459239980934
2024-01-07 08:00:00+00:00,1963.1459239980934,1963.6515452458132,1962.6056828821932,1962.859752381837
2024-01-07 08:05:00+00:00,1962.859752381837,1963.5281167953992,1960.5969200460402,1961.5479937954628
2024-01-07 08:10:00+00:00,1961.5479937954628,1962.7568578543082,1961.0489711559285,1962.5519908863619
2024-01-07 08:15:00+00:00,1962.5519908863619,1963.786175287425,1961.8677532871263,1963.398347204035
2024-01-07 08:20:00+00:00,1963.398347204035,1963.9316555295395,1962.6502493529015,1963.1127405570173
2024-01-07 08:25:00+00:00,1963.1127405570173,1965.011207967817,1962.9083433222938,1964.3962946646227
2024-01-07 08:30:00+00:00,1964.3962946646227,1965.2030521309534,1963.973433295973,1965.0748807452046
2024-01-07 08:35:00+00:00,1965.0748807452046,1965.3056467502383,1963.478338558863,1963.973299105801
2024-01-07 08:40:00+00:00,1963.973299105801,1964.8152325138105,1963.1583368356146,1963.7144331385564
2024-01-07 08:45:00+00:00,1963.7144331385564,1964.1187021019355,1962.4553624316031,1963.3702492286268
2024-01-07 08:50:00+00:00,1963.3702492286268,1964.0866346519053,1962.3491198479683,1963.3286785449786
2024-01-07 08:55:00+00:00,1963.3286785449786,1963.9622058024222,1962.4679311856448,1963.558584724638
2024-01-07 09:00:00+00:00,1963.558584724638,1963.726556757594,1962.7860910130544,1962.9891463075019
2024-01-07 09:05:00+00:00,1962.9891463075019,1963.238632372744,1962.583969234368,1962.868057495525
2024-01-07 09:10:00+00:00,1962.868057495525,1963.5796990075626,1962.614248174429,1963.455416268008
2024-01-07 09:15:00+00:00,1963.455416268008,1963.9016977294257,1962.6004481149607,1963.4454172436037
2024-01-07 09:20:00+00:00,1963.4454172436037,1963.7219460548029,1962.4243350662,1963.2582574739429
2024-01-07 09:25:00+00:00,1963.2582574739429,1964.0664333318193,1962.5919531661934,1963.0400210504433
2024-01-07 09:30:00+00:00,1963.0400210504433,1963.1881185181169,1962.0513244840229,1963.0056352183638
2024-01-07 09:35:00+00:00,1963.0056352183638,1963.7492117498539,1961.0164318894897,1961.337178163433
2024-01-07 09:40:00+00:00,1961.337178163433,1962.2415528478057,1961.1744770746877,1961.537267674974
2024-01-07 09:45:00+00:00,1961.537267674974,1962.0795981799042,1960.506407117305,1960.667044803412
2024-01-07 09:50:00+00:00,1960.667044803412,1961.3429912794986,1959.7476919332007,1960.818146404766
2024-01-07 09:55:00+00:00,1960.818146404766,1961.0810953110215,1958.7755504434529,1959.5485663148313
2024-01-07 10:00:00+00:00,1959.5485663148313,1960.8305249266061,1959.409111778716,1960.434175237216
2024-01-07 10:05:00+00:00,1960.434175237216,1961.5026440798792,1960.1822645931093,1960.7030061558817
2024-01-07 10:10:00+00:00,1960.7030061558817,1960.9771268522986,1959.2017084871777,1959.5423174267723
2024-01-07 10:15:00+00:00,1959.5423174267723,1960.4733600335985,1959.0927629123312,1959.8114250958886
2024-01-07 10:20:00+00:00,1959.8114250958886,1960.5835471858486,1958.6638420709492,1959.1832564266974
2024-01-07 10:25:00+00:00,1959.1832564266974,1961.7974219853988,1958.4908395161349,1960.8603335722992
2024-01-07 10:30:00+00:00,1960.8603335722992,1961.5018886592427,1959.9208855993384,1961.3582085281582
2024-01-07 10:35:00+00:00,1961.3582085281582,1961.9442532452863,1960.05266504946,1960.6971746976856
2024-01-07 10:40:00+00:00,1960.6971746976856,1961.1419743479712,1960.528305036633,1960.956175132491
2024-01-07 10:45:00+00:00,1960.956175132491,1961.881552592821,1960.4945311149252,1960.9836884986055
2024-01-07 10:50:00+00:00,1960.9836884986055,1963.0774134089347,1960.8105206909954,1962.1194141378023
2024-01-07 10:55:00+00:00,1962.1194141378023,1962.6490218388922,1961.9583516244195,1962.4987204397805
2024-01-07 11:00:00+00:00,1962.4987204397805,1963.2090251627885,1962.2534699170114,1963.0197237596444
2024-01-07 11:05:00+00:00,1963.0197237596444,1963.5316169535974,1961.76330589524,1962.0721564110786
2024-01-07 11:10:00+00:00,1962.0721564110786,1963.6425833749756,1961.709518549435,1962.8451446838885
2024-01-07 11:15:00+00:00,1962.8451446838885,1965.4446088738298,1962.2316863043582,1964.79018338896
2024-01-07 11:20:00+00:00,1964.79018338896,1965.822950284028,1964.3807916934945,1965.4244020135836
2024-01-07 11:25:00+00:00,1965.4244020135836,1966.0870582721789,1965.3224528797653,1965.4499012306217
2024-01-07 11:30:00+00:00,1965.4499012306217,1966.476886334328,1964.9719019644751,1965.6587201655661
2024-01-07 11:35:00+00:00,1965.6587201655661,1966.5880690207111,1964.1985725901916,1964.862473328094
2024-01-07 11:40:00+00:00,1964.862473328094,1965.316150252155,1964.467265199254,1965.0916584144509
2024-01-07 11:45:00+00:00,1965.0916584144509,1965.9503767892447,1964.0089492271975,1964.1649158919213
2024-01-07 11:50:00+00:00,1964.1649158919213,1964.9498041723555,1963.5257782266613,1964.2666848695037
2024-01-07 11:55:00+00:00,1964.2666848695037,1964.8493583404343,1963.6484420142633,1963.9795731847078
2024-01-07 12:00:00+00:00,1963.9795731847078,1964.476272453515,1962.383610112982,1963.2941642823305
2024-01-07 12:05:00+00:00,1963.2941642823305,1964.4388613409928,1962.2948535436726,1963.87913728168
2024-01-07 12:10:00+00:00,1963.87913728168,1964.3919898007878,1962.088805952822,1962.6010993419554
2024-01-07 12:15:00+00:00,1962.6010993419554,1963.331287894056,1962.3316840628047,1962.6276662663295
2024-01-07 12:20:00+00:00,1962.6276662663295,1963.5484945325068,1961.3493834092067,1961.497991241768
2024-01-07 12:25:00+00:00,1961.497991241768,1963.521708400947,1961.2222932647371,1963.2085143599895
2024-01-07 12:30:00+00:00,1963.2085143599895,1965.1514421468746,1963.0112369380333,1965.0495842025668
2024-01-07 12:35:00+00:00,1965.0495842025668,1965.998183481801,1964.6405264792277,1965.8750012393841
2024-01-07 12:40:00+00:00,1965.8750012393841,1968.5667695848201,1965.1110541297041,1967.646242621126
2024-01-07 12:45:00+00:00,1967.646242621126,1969.1796040765155,1967.2251711387341,1968.2436546469823
2024-01-07 12:50:00+00:00,1968.2436546469823,1969.6828558905313,1967.297167590186,1968.79522178974
2024-01-07 12:55:00+00:00,1968.79522178974,1969.41944759991,1968.0883591722404,1968.4755290862606
2024-01-07 13:00:00+00:00,1968.4755290862606,1969.1022197919763,1967.469429156713,1967.7324908979192
2024-01-07 13:05:00+00:00,1967.7324908979192,1968.3737882979058,1967.2899818929907,1967.9102690496882
2024-01-07 13:10:00+00:00,1967.9102690496882,1968.314306771517,1967.175021040158,1967.490861639577
2024-01-07 13:15:00+00:00,1967.490861639577,1968.4307622150377,1966.939195534569,1967.15908436722
2024-01-07 13:20:00+00:00,1967.15908436722,1968.45476223888,1966.2518523819094,1967.8774573855712
2024-01-07 13:25:00+00:00,1967.8774573855712,1968.2251458060623,1966.8533980342033,1967.824574250202
2024-01-07 13:30:00+00:00,1967.824574250202,1968.516077995039,1965.632220134036,1966.4814988686755
2024-01-07 13:35:00+00:00,1966.4814988686755,1966.6639927810058,1966.215439084818,1966.3478483730946
2024-01-07 13:40:00+00:00,1966.3478483730946,1967.0631680635645,1965.3827209036897,1965.7215805284372
2024-01-07 13:45:00+00:00,1965.7215805284372,1966.0667510449605,1965.3597871005475,1965.5168603283055
2024-01-07 13:50:00+00:00,1965.5168603283055,1966.2415632528657,1964.3717211206956,1964.5890038464934
2024-01-07 13:55:00+00:00,1964.5890038464934,1966.2628292914103,1964.4889851780783,1965.7290943077478
2024-01-07 14:00:00+00:00,1965.7290943077478,1968.3765314210043,1964.9142350110887,1967.5014662202595
2024-01-07 14:05:00+00:00,1967.5014662202595,1968.2824254644638,1966.4204542977795,1966.5605987738072
2024-01-07 14:10:00+00:00,1966.5605987738072,1968.1887087185323,1965.9707910629288,1967.2037742777197
2024-01-07 14:15:00+00:00,1967.2037742777197,1968.4238406896054,1966.8091247539705,1967.8012358119547
2024-01-07 14:20:00+00:00,1967.8012358119547,1968.6448289681612,1966.5281478356517,1966.8933346683523
2024-01-07 14:25:00+00:00,1966.8933346683523,1967.7361367071057,1966.2650195359931,1967.0432942938112
2024-01-07 14:30:00+00:00,1967.0432942938112,1969.1351566569635,1966.8510277495136,1968.372094088717
2024-01-07 14:35:00+00:00,1968.372094088717,1970.098698458757,1967.6660424182985,1969.192802465279
2024-01-07 14:40:00+00:00,1969.192802465279,1971.0897280211427,1968.866513126979,1970.7080939542473
2024-01-07 14:45:00+00:00,1970.7080939542473,1971.524650791668,1968.9174166358196,1969.7121060293005
2024-01-07 14:50:00+00:00,1969.7121060293005,1970.6462601277408,1968.507364155629,1969.0968803776896
2024-01-07 14:55:00+00:00,1969.0968803776896,1970.4051728055179,1968.9098175635602,1969.41505980487
2024-01-07 15:00:00+00:00,1969.41505980487,1970.0204035273707,1968.8140153634163,1969.7891672834464
2024-01-07 15:05:00+00:00,1969.7891672834464,1970.2185812318965,1969.5932850389934,1969.8654758682594
2024-01-07 15:10:00+00:00,1969.8654758682594,1970.3476868542434,1968.9849740643544,1969.5707315412153
2024-01-07 15:15:00+00:00,1969.5707315412153,1970.0134957947585,1968.4727684299653,1969.2539110062285
2024-01-07 15:20:00+00:00,1969.2539110062285,1970.1976332287422,1967.939623816706,1968.75876039551
2024-01-07 15:25:00+00:00,1968.75876039551,1969.3382322237953,1967.8184575423052,1969.2156164081434
2024-01-07 15:30:00+00:00,1969.2156164081434,1970.1224555929748,1966.5045651931086,1966.7820271033536
2024-01-07 15:35:00+00:00,1966.7820271033536,1968.4476037280906,1966.0575958431016,1968.2712269957517
2024-01-07 15:40:00+00:00,1968.2712269957517,1969.2150175238166,1967.4645812203757,1967.8448808280662
2024-01-07 15:45:00+00:00,1967.8448808280662,1968.7740472205348,1966.4533895951915,1966.605345446341
2024-01-07 15:50:00+00:00,1966.605345446341,1967.6764666313165,1966.3147668011532,1967.1424165940002
2024-01-07 15:55:00+00:00,1967.1424165940002,1967.399197415684,1965.0377010456561,1965.923916556454
2024-01-07 16:00:00+00:00,1965.923916556454,1966.5891555649598,1965.8207387756643,1966.316824721305
2024-01-07 16:05:00+00:00,1966.316824721305,1966.65029579432,1965.0058679686506,1965.9997755737172
2024-01-07 16:10:00+00:00,1965.9997755737172,1967.4390613939552,1965.235818404766,1966.575035786815
2024-01-07 16:15:00+00:00,1966.575035786815,1967.9148496129383,1966.2747732630853,1967.3281753414365
2024-01-07 16:20:00+00:00,1967.3281753414365,1969.422546139772,1966.409473019483,1968.5352039913669
2024-01-07 16:25:00+00:00,1968.5352039913669,1969.3143907762985,1967.8495132221294,1968.1302386814511
2024-01-07 16:30:00+00:00,1968.1302386814511,1969.1011721741988,1967.061733923672,1967.908177659605
2024-01-07 16:35:00+00:00,1967.908177659605,1968.631498582435,1967.6148589501413,1967.9362593399203
2024-01-07 16:40:00+00:00,1967.9362593399203,1968.189299278029,1966.218959750302,1966.701367642359
2024-01-07 16:45:00+00:00,1966.701367642359,1967.8650827326303,1966.3964860921992,1967.27283764039
2024-01-07 16:50:00+00:00,1967.27283764039,1968.1912370008185,1966.6283435073358,1967.4258815373557
2024-01-07 16:55:00+00:00,1967.4258815373557,1967.8479955253292,1965.8929573228122,1966.255898304707
2024-01-07 17:00:00+00:00,1966.255898304707,1968.3811506407899,1965.85891531998,1967.3813509191878
2024-01-07 17:05:00+00:00,1967.3813509191878,1968.9418456535016,1966.8247122584544,1968.646309166178
2024-01-07 17:10:00+00:00,1968.646309166178,1969.5802765280341,1967.109114494596,1967.4961699051346
2024-01-07 17:15:00+00:00,1967.4961699051346,1968.5868969188073,1967.1663868609187,1968.0459565064625
2024-01-07 17:20:00+00:00,1968.0459565064625,1970.0663655643975,1967.938046811635,1969.2060682327578
2024-01-07 17:25:00+00:00,1969.2060682327578,1970.5756883950874,1968.7747719048598,1969.9961215628919
2024-01-07 17:30:00+00:00,1969.9961215628919,1970.5916732455883,1969.0061967309382,1969.1468400503807
2024-01-07 17:35:00+00:00,1969.1468400503807,1969.8832962018782,1967.132707756221,1967.9223491861212
2024-01-07 17:40:00+00:00,1967.9223491861212,1968.4940137399424,1966.9648008896022,1967.8509586064145
2024-01-07 17:45:00+00:00,1967.8509586064145,1968.3545818068476,1966.593993582648,1967.436465448049
2024-01-07 17:50:00+00:00,1967.436465448049,1967.6676906792823,1967.290973515577,1967.46081480235
2024-01-07 17:55:00+00:00,1967.46081480235,1968.1662679497829,1966.8899751169802,1967.3992287046444
2024-01-07 18:00:00+00:00,1967.3992287046444,1968.8684883272444,1966.7862316157568,1967.9044492544201
2024-01-07 18:05:00+00:00,1967.9044492544201,1968.8528125429457,1966.6181532272522,1967.4299535276502
2024-01-07 18:10:00+00:00,1967.4299535276502,1967.5722301216365,1966.9052541770984,1967.3138643471584
2024-01-07 18:15:00+00:00,1967.3138643471584,1970.5072795261406,1966.537043369138,1970.0142385823365
2024-01-07 18:20:00+00:00,1970.0142385823365,1970.6503897204357,1969.138241318758,1969.9259679538075
2024-01-07 18:25:00+00:00,1969.9259679538075,1970.805704870012,1969.1207599087318,1970.6168323728107
2024-01-07 18:30:00+00:00,1970.6168323728107,1971.6434251219944,1970.2090763678107,1970.903855470445
2024-01-07 18:35:00+00:00,1970.903855470445,1971.616940977357,1970.7388668320448,1971.1269142743686
2024-01-07 18:40:00+00:00,1971.1269142743686,1971.3437597110626,1970.0433269678429,1970.3324129221205
2024-01-07 18:45:00+00:00,1970.3324129221205,1971.1238757899357,1969.4029122173756,1970.8324927647482
2024-01-07 18:50:00+00:00,1970.8324927647482,1970.9490014623213,1970.0103882758933,1970.81131125635
2024-01-07 18:55:00+00:00,1970.81131125635,1971.8789346330746,1970.4619165168212,1971.5718381448917
2024-01-07 19:00:00+00:00,1971.5718381448917,1974.172756774275,1970.8176496646388,1973.4422832427294
2024-01-07 19:05:00+00:00,1973.4422832427294,1974.1764327361782,1972.975035175441,1973.6323855673477
2024-01-07 19:10:00+00:00,1973.6323855673477,1974.6516884546113,1972.7803892991872,1974.3412825864473
2024-01-07 19:15:00+00:00,1974.3412825864473,1974.668760088197,1972.7148929054247,1973.443429896463
2024-01-07 19:20:00+00:00,1973.443429896463,1974.09762180019,1973.2481598043917,1973.5716318166583
2024-01-07 19:25:00+00:00,1973.5716318166583,1975.7506683898207,1972.922482904854,1974.9907019357397
2024-01-07 19:30:00+00:00,1974.9907019357397,1975.9712385294758,1974.4237957721048,1974.9592778841975
2024-01-07 19:35:00+00:00,1974.9592778841975,1975.5081387274042,1973.9104750585432,1974.4082506552452
2024-01-07 19:40:00+00:00,1974.4082506552452,1975.1150682775567,1974.151299498688,1974.6161221981595
2024-01-07 19:45:00+00:00,1974.6161221981595,1975.0573581251685,1973.5231221655104,1974.4718343296618
2024-01-07 19:50:00+00:00,1974.4718343296618,1975.3112208603102,1973.778079300976,1974.2770748533796
2024-01-07 19:55:00+00:00,1974.2770748533796,1974.8956088081854,1973.6525733368037,1973.9633164505856
2024-01-07 20:00:00+00:00,1973.9633164505856,1976.6970245194602,1973.0497978158594,1975.7727958865728
2024-01-07 20:05:00+00:00,1975.7727958865728,1976.366187389506,1974.4230999589238,1975.0102702945428
2024-01-07 20:10:00+00:00,1975.0102702945428,1975.2892976201176,1974.3753650364179,1974.6599245794507
2024-01-07 20:15:00+00:00,1974.6599245794507,1974.8545283464473,1973.5712294372524,1974.1677402804983
2024-01-07 20:20:00+00:00,1974.1677402804983,1975.8891107967481,1973.3642504968648,1975.3048732846564
2024-01-07 20:25:00+00:00,1975.3048732846564,1975.5764717141203,1974.1028717709398,1975.074829842598
2024-01-07 20:30:00+00:00,1975.074829842598,1976.9982565262078,1974.2059820875118,1976.2695771016058
2024-01-07 20:35:00+00:00,1976.2695771016058,1977.244914987994,1975.5278576341973,1976.4402096372517
2024-01-07 20:40:00+00:00,1976.4402096372517,1977.2398705924843,1976.07656279169,1976.4398738521493
2024-01-07 20:45:00+00:00,1976.4398738521493,1976.9054892824302,1974.5161930653387,1975.145818284791
2024-01-07 20:50:00+00:00,1975.145818284791,1976.8523641303123,1974.1731061664943,1976.2566029419286
2024-01-07 20:55:00+00:00,1976.2566029419286,1977.067939726205,1975.4164306740677,1976.7639407216147
2024-01-07 21:00:00+00:00,1976.7639407216147,1977.7159168207404,1976.3358730161615,1977.148882687641
2024-01-07 21:05:00+00:00,1977.148882687641,1977.984414418026,1976.7185687491135,1977.0635622417558
2024-01-07 21:10:00+00:00,1977.0635622417558,1977.7388519656295,1976.1330919488687,1976.7088793219607
2024-01-07 21:15:00+00:00,1976.7088793219607,1977.4093239752453,1974.868246113955,1975.5879199065544
2024-01-07 21:20:00+00:00,1975.5879199065544,1977.4199217551452,1974.6285777781357,1976.459397223082
2024-01-07 21:25:00+00:00,1976.459397223082,1977.0798331319247,1976.3219882815945,1976.721745765566
2024-01-07 21:30:00+00:00,1976.721745765566,1977.4063594314914,1976.0802842484043,1976.4188392051258
2024-01-07 21:35:00+00:00,1976.4188392051258,1977.3150282834274,1975.1612621849065,1975.8718208361354
2024-01-07 21:40:00+00:00,1975.8718208361354,1976.39554518698,1975.158310984918,1975.9965737712732
2024-01-07 21:45:00+00:00,1975.9965737712732,1976.141978183522,1975.352056142612,1975.9351216204202
2024-01-07 21:50:00+00:00,1975.9351216204202,1977.7993986514741,1975.5618907688256,1977.434064442366
2024-01-07 21:55:00+00:00,1977.434064442366,1978.5118249558654,1976.7778060133744,1978.1509735683826
2024-01-07 22:00:00+00:00,1978.1509735683826,1978.5094917022416,1977.1301719968149,1977.6349640025717
2024-01-07 22:05:00+00:00,1977.6349640025717,1978.2078117668686,1976.102423849646,1976.6604345528222
2024-01-07 22:10:00+00:00,1976.6604345528222,1977.2665663028345,1976.0825430817054,1976.468669456272
2024-01-07 22:15:00+00:00,1976.468669456272,1976.9153028745786,1975.2787291723782,1975.668875426673
2024-01-07 22:20:00+00:00,1975.668875426673,1976.147888771005,1975.3072317614667,1975.7580909438898
2024-01-07 22:25:00+00:00,1975.7580909438898,1976.714037655936,1975.3826799339076,1976.142790189786
2024-01-07 22:30:00+00:00,1976.142790189786,1977.493866809306,1976.0233577293,1976.7368110954374
2024-01-07 22:35:00+00:00,1976.7368110954374,1977.262485798084,1976.6136746123584,1977.1332449008573
2024-01-07 22:40:00+00:00,1977.1332449008573,1977.9764064975966,1976.636612583284,1976.9843123182636
2024-01-07 22:45:00+00:00,1976.9843123182636,1977.7669786986285,1976.448137741342,1977.5477878369863
2024-01-07 22:50:00+00:00,1977.5477878369863,1978.4635499566443,1975.8716195530633,1976.771215827858
2024-01-07 22:55:00+00:00,1976.771215827858,1977.3146219537416,1976.3679529337041,1976.7249262787996
2024-01-07 23:00:00+00:00,1976.7249262787996,1978.0887634544924,1976.582863068658,1977.4809337381362
2024-01-07 23:05:00+00:00,1977.4809337381362,1978.7481633969069,1976.5723890992472,1977.7654216910191
2024-01-07 23:10:00+00:00,1977.7654216910191,1978.6729181345029,1975.673805192081,1976.6471430214547
2024-01-07 23:15:00+00:00,1976.6471430214547,1977.1477217273427,1975.3461018831288,1975.633811881274
2024-01-07 23:20:00+00:00,1975.633811881274,1975.9158668741077,1973.2681869459439,1974.2070723508734
2024-01-07 23:25:00+00:00,1974.2070723508734,1976.4942563519362,1973.3152859308866,1975.8580814047855
2024-01-07 23:30:00+00:00,1975.8580814047855,1975.9942475556754,1974.0847163308033,1974.4911492460476
2024-01-07 23:35:00+00:00,1974.4911492460476,1974.6515149868803,1973.8629450484996,1974.3951774487812
2024-01-07 23:40:00+00:00,1974.3951774487812,1976.3806211335086,1973.9236375654655,1976.0769563379624
2024-01-07 23:45:00+00:00,1976.0769563379624,1977.5516722359391,1975.0894961550741,1977.075697072621
2024-01-07 23:50:00+00:00,1977.075697072621,1979.0152223215803,1976.6474929276685,1978.2908877149955
2024-01-07 23:55:00+00:00,1978.2908877149955,1978.4799090336887,1977.0513483968514,1977.8718901607542
2024-01-08 00:00:00+00:00,1977.8718901607542,1979.4368284620846,1977.5409653058782,1978.5674600314978
2024-01-08 00:05:00+00:00,1978.5674600314978,1981.8438856620542,1977.9352431491952,1981.3390857366103
2024-01-08 00:10:00+00:00,1981.3390857366103,1981.6136117947638,1980.8316438927386,1981.3372617484993
2024-01-08 00:15:00+00:00,1981.3372617484993,1982.6186540056087,1981.064589839844,1981.7406497318198
2024-01-08 00:20:00+00:00,1981.7406497318198,1982.4624407349017,1980.8223436745575,1981.4884759658553
2024-01-08 00:25:00+00:00,1981.4884759658553,1982.3823101834612,1981.2768215431963,1981.5084523664232
2024-01-08 00:30:00+00:00,1981.5084523664232,1982.8455712268758,1981.079844157925,1981.8769391908272
2024-01-08 00:35:00+00:00,1981.8769391908272,1983.9950841347954,1981.4020559745295,1983.1574418030011
2024-01-08 00:40:00+00:00,1983.1574418030011,1983.5661490188954,1982.2440357495504,1982.3797796968333
2024-01-08 00:45:00+00:00,1982.3797796968333,1983.3679255205002,1980.5349270667514,1981.1269960610905
2024-01-08 00:50:00+00:00,1981.1269960610905,1981.9609760251406,1980.2580636590274,1981.1832493101053
2024-01-08 00:55:00+00:00,1981.1832493101053,1982.2385718565424,1980.5918868503304,1981.4014431263736
2024-01-08 01:00:00+00:00,1981.4014431263736,1983.133552982236,1981.1247925495452,1982.7052122387097
2024-01-08 01:05:00+00:00,1982.7052122387097,1984.021924118912,1982.1795643298656,1983.3848708738396
2024-01-08 01:10:00+00:00,1983.3848708738396,1984.0449703904162,1982.7109299919057,1982.8568434423128
2024-01-08 01:15:00+00:00,1982.8568434423128,1983.750411278788,1982.046528687404,1983.4009550397823
2024-01-08 01:20:00+00:00,1983.4009550397823,1984.9707329720977,1982.9890705107232,1984.4396033044086
2024-01-08 01:25:00+00:00,1984.4396033044086,1985.0757925703188,1983.6397659176623,1984.7313598048888
2024-01-08 01:30:00+00:00,1984.7313598048888,1985.0905140265281,1983.659849466807,1984.4596994091523
2024-01-08 01:35:00+00:00,1984.4596994091523,1985.7916820717728,1983.741471863717,1985.1028510478513
2024-01-08 01:40:00+00:00,1985.1028510478513,1985.2207734875833,1984.3473792056136,1984.817484791597
2024-01-08 01:45:00+00:00,1984.817484791597,1985.5998560040844,1982.3100119473581,1983.1708316300183
2024-01-08 01:50:00+00:00,1983.1708316300183,1984.9387430651216,1982.9446829136045,1984.4022070285082
2024-01-08 01:55:00+00:00,1984.4022070285082,1984.6152928499357,1982.3038510528427,1983.274562493696
2024-01-08 02:00:00+00:00,1983.274562493696,1983.8092732913537,1982.7994856253965,1983.0059145051623
2024-01-08 02:05:00+00:00,1983.0059145051623,1983.4438079543884,1981.7895175311905,1982.7535414152248
2024-01-08 02:10:00+00:00,1982.7535414152248,1983.6401179971901,1981.5704842246753,1982.4833049683964
2024-01-08 02:15:00+00:00,1982.4833049683964,1983.188945721162,1981.6034255781249,1982.257958848393
2024-01-08 02:20:00+00:00,1982.257958848393,1982.5600834170589,1980.8245688058073,1980.9920628094694
2024-01-08 02:25:00+00:00,1980.9920628094694,1982.4190756319201,1980.7390776090576,1981.4949807412274
2024-01-08 02:30:00+00:00,1981.4949807412274,1982.427950453042,1980.9313667405356,1981.548751898902
2024-01-08 02:35:00+00:00,1981.548751898902,1982.2015817896295,1981.274640198113,1981.6126200794047
2024-01-08 02:40:00+00:00,1981.6126200794047,1982.773705058764,1980.7330490724662,1982.6052577345426
2024-01-08 02:45:00+00:00,1982.6052577345426,1984.319257366753,1982.3761864469875,1983.6223591107712
2024-01-08 02:50:00+00:00,1983.6223591107712,1985.3351515472102,1983.2090554630533,1984.8544125635976
2024-01-08 02:55:00+00:00,1984.8544125635976,1987.210926785881,1984.208666999644,1986.5466457058649
2024-01-08 03:00:00+00:00,1986.5466457058649,1987.1694658301035,1985.8110961369082,1986.9810748965795
2024-01-08 03:05:00+00:00,1986.9810748965795,1987.1845375977173,1985.0195701262016,1985.6231635374872
2024-01-08 03:10:00+00:00,1985.6231635374872,1986.076001377309,1985.3280335643717,1985.8411040500584
2024-01-08 03:15:00+00:00,1985.8411040500584,1986.4729730130982,1985.558424151962,1985.879120425401
2024-01-08 03:20:00+00:00,1985.879120425401,1986.7169081358377,1984.9217837177378,1985.9675846476632
2024-01-08 03:25:00+00:00,1985.9675846476632,1986.380166269902,1984.5130288769756,1985.4536329772313
2024-01-08 03:30:00+00:00,1985.4536329772313,1985.6376046928779,1984.22764609752,1984.6800426073255
2024-01-08 03:35:00+00:00,1984.6800426073255,1985.6715844718876,1983.8505946733494,1985.4232233349219
2024-01-08 03:40:00+00:00,1985.4232233349219,1986.7098054398691,1984.654338332797,1986.3225791397108
2024-01-08 03:45:00+00:00,1986.3225791397108,1987.0278881191307,1984.8247554391478,1985.342968630329
2024-01-08 03:50:00+00:00,1985.342968630329,1986.2593765993238,1984.3657266730836,1985.8550102762554
2024-01-08 03:55:00+00:00,1985.8550102762554,1986.594852051563,1984.7955801886926,1985.7293183100267
2024-01-08 04:00:00+00:00,1985.7293183100267,1986.6395736510476,1984.5081221452133,1985.4066922157285
2024-01-08 04:05:00+00:00,1985.4066922157285,1986.4338106963958,1985.1351804315443,1986.0488692186816
2024-01-08 04:10:00+00:00,1986.0488692186816,1986.53526179441,1985.9122437552833,1986.028911472975
2024-01-08 04:15:00+00:00,1986.028911472975,1986.5167745860786,1985.0431686193763,1985.555997541365
2024-01-08 04:20:00+00:00,1985.555997541365,1986.1148208254422,1984.8664307191075,1985.6316850789287
2024-01-08 04:25:00+00:00,1985.6316850789287,1986.286371490792,1983.6558264524547,1983.859662703825
2024-01-08 04:30:00+00:00,1983.859662703825,1984.7042807941332,1982.6738252614423,1983.3508547022045
2024-01-08 04:35:00+00:00,1983.3508547022045,1983.9673268037102,1982.1043942700833,1982.9786250913755
2024-01-08 04:40:00+00:00,1982.9786250913755,1983.4341310695918,1981.2802239036675,1981.7429836589024
2024-01-08 04:45:00+00:00,1981.7429836589024,1982.5490917240786,1981.4294825808383,1981.9239678921867
2024-01-08 04:50:00+00:00,1981.9239678921867,1983.1021280811658,1981.1185152415642,1982.1865168368345
2024-01-08 04:55:00+00:00,1982.1865168368345,1982.4753064594317,1980.666217763437,1981.6636832986292
2024-01-08 05:00:00+00:00,1981.6636832986292,1982.1480799191163,1981.4099106556987,1981.528413169833
2024-01-08 05:05:00+00:00,1981.528413169833,1982.8853137381475,1980.844372199651,1982.1511540902393
2024-01-08 05:10:00+00:00,1982.1511540902393,1983.663949062295,1981.4371292154544,1983.121012149639
2024-01-08 05:15:00+00:00,1983.121012149639,1983.2457848184604,1981.6236720520885,1982.4521680316514
2024-01-08 05:20:00+00:00,1982.4521680316514,1983.1488235408722,1981.8062465612186,1982.7716869007984
2024-01-08 05:25:00+00:00,1982.7716869007984,1984.167643844883,1982.6566984815856,1983.7186771672616
2024-01-08 05:30:00+00:00,1983.7186771672616,1984.2878005401733,1983.3408180055903,1983.7041353192394
2024-01-08 05:35:00+00:00,1983.7041353192394,1984.1857288759074,1982.5948188389987,1983.0213495306512
2024-01-08 05:40:00+00:00,1983.0213495306512,1983.749907636951,1981.6460702029954,1982.3419762804565
2024-01-08 05:45:00+00:00,1982.3419762804565,1983.002337020221,1981.6116324174507,1982.0616911096777
2024-01-08 05:50:00+00:00,1982.0616911096777,1982.7728747573394,1980.865358396834,1981.1407905845922
2024-01-08 05:55:00+00:00,1981.1407905845922,1983.2265838184308,1980.7740948120138,1982.960155485485
2024-01-08 06:00:00+00:00,1982.960155485485,1983.8945486267844,1982.3141823493552,1982.454225817507
2024-01-08 06:05:00+00:00,1982.454225817507,1983.438563122946,1982.0095682637875,1982.8008789827402
2024-01-08 06:10:00+00:00,1982.8008789827402,1983.3207817086086,1982.1308791390854,1982.9713570754868
2024-01-08 06:15:00+00:00,1982.9713570754868,1984.4611577697908,1982.4854571199346,1983.54956184928
2024-01-08 06:20:00+00:00,1983.54956184928,1984.223263199066,1982.628299787168,1983.2069636213625
2024-01-08 06:25:00+00:00,1983.2069636213625,1984.1665409675754,1981.1851133079585,1982.0414395301752
2024-01-08 06:30:00+00:00,1982.0414395301752,1984.0507498833197,1981.6947078778337,1983.5184943202323
2024-01-08 06:35:00+00:00,1983.5184943202323,1984.2497166733958,1983.0817137756728,1983.4500364868722
2024-01-08 06:40:00+00:00,1983.4500364868722,1984.0541113775498,1983.0475861144687,1983.556644980125
2024-01-08 06:45:00+00:00,1983.556644980125,1984.1151838121884,1982.95753475148,1983.7382799764732
2024-01-08 06:50:00+00:00,1983.7382799764732,1985.6069143996747,1982.8105288861343,1984.8751029027637
2024-01-08 06:55:00+00:00,1984.8751029027637,1985.8942642102961,1984.0258721152863,1985.568576028089
2024-01-08 07:00:00+00:00,1985.568576028089,1987.1823455547171,1984.7149264517948,1986.6265465743925
2024-01-08 07:05:00+00:00,1986.6265465743925,1987.944191362266,1986.436867872166,1987.3684094271312
2024-01-08 07:10:00+00:00,1987.3684094271312,1988.0833381203863,1986.5714868013765,1987.5081853718164
2024-01-08 07:15:00+00:00,1987.5081853718164,1988.0202321375662,1987.1213274449656,1987.7392418256795
2024-01-08 07:20:00+00:00,1987.7392418256795,1988.6290094789867,1986.5325546915665,1987.0729683605157
2024-01-08 07:25:00+00:00,1987.0729683605157,1987.7156923053308,1984.3523716065365,1985.3308431657547
2024-01-08 07:30:00+00:00,1985.3308431657547,1985.8305625478922,1984.7204757749053,1985.118168260951
2024-01-08 07:35:00+00:00,1985.118168260951,1985.89953540733,1983.1952850199584,1984.1552866557988
2024-01-08 07:40:00+00:00,1984.1552866557988,1986.8369153963793,1983.7276996126877,1986.4863798997942
2024-01-08 07:45:00+00:00,1986.4863798997942,1988.5827256916698,1985.85074568716,1987.892077706389
2024-01-08 07:50:00+00:00,1987.892077706389,1989.3871807433952,1987.1330664568914,1988.9483637249239
2024-01-08 07:55:00+00:00,1988.9483637249239,1989.4265723531062,1987.6990675621005,1988.455419857434
2024-01-08 08:00:00+00:00,1988.455419857434,1990.732959358365,1987.4806802709,1990.311025563709
2024-01-08 08:05:00+00:00,1990.311025563709,1990.8918677895495,1988.0107169472747,1988.779976457132
2024-01-08 08:10:00+00:00,1988.779976457132,1989.5241480937227,1987.4753961161084,1987.6950971031556
2024-01-08 08:15:00+00:00,1987.6950971031556,1988.0443675733381,1986.0563356729613,1986.995028441072
2024-01-08 08:20:00+00:00,1986.995028441072,1987.4954036641793,1985.4414119616936,1986.1355434384093
2024-01-08 08:25:00+00:00,1986.1355434384093,1986.8815431211867,1985.4803911841936,1986.2575314205465
2024-01-08 08:30:00+00:00,1986.2575314205465,1986.8336826117118,1985.5996989546534,1986.434721755439
2024-01-08 08:35:00+00:00,1986.434721755439,1988.4770529923803,1985.6523562503023,1988.1564381134617
2024-01-08 08:40:00+00:00,1988.1564381134617,1990.0340358519516,1987.3450927556719,1989.056808610095
2024-01-08 08:45:00+00:00,1989.056808610095,1990.8242635995568,1988.3764150552447,1990.15833544742
2024-01-08 08:50:00+00:00,1990.15833544742,1991.348722984411,1989.9708640819827,1990.5376873167068
2024-01-08 08:55:00+00:00,1990.5376873167068,1990.791369436688,1989.6216578177623,1990.4079214036535
2024-01-08 09:00:00+00:00,1990.4079214036535,1991.007913870608,1988.824709582135,1989.7929090961138
2024-01-08 09:05:00+00:00,1989.7929090961138,1990.0663322529865,1987.744230853414,1988.4374368510446
2024-01-08 09:10:00+00:00,1988.4374368510446,1989.0186513186716,1987.4450463045202,1987.6574381515848
2024-01-08 09:15:00+00:00,1987.6574381515848,1988.221363983135,1986.3567797133471,1987.3174181006887
2024-01-08 09:20:00+00:00,1987.3174181006887,1988.3118137905444,1986.6574213702247,1988.006710391545
2024-01-08 09:25:00+00:00,1988.006710391545,1988.2888190668195,1985.8703760786414,1986.4916617193462
2024-01-08 09:30:00+00:00,1986.4916617193462,1987.4233413710408,1984.3839583839979,1985.2647515087858
2024-01-08 09:35:00+00:00,1985.2647515087858,1986.3328282503537,1984.7529988558679,1985.4650418377528
2024-01-08 09:40:00+00:00,1985.4650418377528,1985.928397799579,1983.9313507927698,1984.5237286067172
2024-01-08 09:45:00+00:00,1984.5237286067172,1985.0526809932508,1983.8912836936827,1984.8283188915782
2024-01-08 09:50:00+00:00,1984.8283188915782,1985.2134649621908,1983.5807586574215,1984.4604956525268
2024-01-08 09:55:00+00:00,1984.4604956525268,1985.0425641699103,1983.4540047479638,1983.7865733432739
2024-01-08 10:00:00+00:00,1983.7865733432739,1984.327035251157,1982.0325251437378,1982.5894958101426
2024-01-08 10:05:00+00:00,1982.5894958101426,1983.2875259344328,1981.5161632846791,1982.5076015709592
2024-01-08 10:10:00+00:00,1982.5076015709592,1982.747169643674,1981.3355011502376,1981.854421018825
2024-01-08 10:15:00+00:00,1981.854421018825,1982.5153316962371,1980.417813053805,1981.3053767701608
2024-01-08 10:20:00+00:00,1981.3053767701608,1982.002831563552,1979.7790985260897,1980.7344013205889
2024-01-08 10:25:00+00:00,1980.7344013205889,1981.5531691307986,1979.8240597398944,1980.904650441412
2024-01-08 10:30:00+00:00,1980.904650441412,1981.4485070899266,1980.0997663424225,1981.0402960405322
2024-01-08 10:35:00+00:00,1981.0402960405322,1981.9940615528717,1978.9938886474717,1979.5000065033005
2024-01-08 10:40:00+00:00,1979.5000065033005,1979.6889059815733,1978.4307236254435,1979.3569058267499
2024-01-08 10:45:00+00:00,1979.3569058267499,1980.4983092867074,1978.9776221994675,1979.7171061794675
2024-01-08 10:50:00+00:00,1979.7171061794675,1981.1241137744018,1978.9446874935552,1980.6539631974988
2024-01-08 10:55:00+00:00,1980.6539631974988,1982.2579001671274,1980.2487048521068,1981.3602545011609
2024-01-08 11:00:00+00:00,1981.3602545011609,1981.7798408347064,1980.4405242114601,1981.5501865935455
2024-01-08 11:05:00+00:00,1981.5501865935455,1982.4760135276265,1979.6097136556402,1980.5233253014935
2024-01-08 11:10:00+00:00,1980.5233253014935,1980.7050923102029,1979.578073859991,1979.8317234160188
2024-01-08 11:15:00+00:00,1979.8317234160188,1981.1355689813743,1979.4830258729878,1980.6561619283311
2024-01-08 11:20:00+00:00,1980.6561619283311,1980.8573437348803,1979.2306360731038,1980.0255575252575
2024-01-08 11:25:00+00:00,1980.0255575252575,1981.8808239884077,1979.6063894721995,1980.950541471287
2024-01-08 11:30:00+00:00,1980.950541471287,1982.4748201773582,1980.6660089134978,1982.0984586420288
2024-01-08 11:35:00+00:00,1982.0984586420288,1982.7049653130848,1980.7994137372632,1981.1438472962272
2024-01-08 11:40:00+00:00,1981.1438472962272,1982.4905902252071,1980.5363496954265,1981.5417481594675
2024-01-08 11:45:00+00:00,1981.5417481594675,1982.1174979924122,1980.5918144788568,1981.442230619312
2024-01-08 11:50:00+00:00,1981.442230619312,1983.3838383513953,1980.4552290533431,1983.268512819814
2024-01-08 11:55:00+00:00,1983.268512819814,1984.8340796112977,1982.9625431640225,1984.0241037264645
2024-01-08 12:00:00+00:00,1984.0241037264645,1984.1514655279257,1982.6614364038558,1983.5660404382063
2024-01-08 12:05:00+00:00,1983.5660404382063,1984.32761455233,1983.4083096512131,1983.9339688505706
2024-01-08 12:10:00+00:00,1983.9339688505706,1984.2328913340823,1982.8111322118482,1983.1094049056223
2024-01-08 12:15:00+00:00,1983.1094049056223,1983.4420672231906,1982.6544183438275,1982.9744226785192
2024-01-08 12:20:00+00:00,1982.9744226785192,1983.4988586492984,1982.1530898052165,1983.1602658234606
2024-01-08 12:25:00+00:00,1983.1602658234606,1984.0958119558131,1982.894399925554,1983.2960533060627
2024-01-08 12:30:00+00:00,1983.2960533060627,1984.0648039992575,1982.4437626128206,1983.574398901677
2024-01-08 12:35:00+00:00,1983.574398901677,1983.9550103441654,1982.639926544156,1982.7595071498365
2024-01-08 12:40:00+00:00,1982.7595071498365,1983.116308556667,1980.1615551486357,1981.0929105322698
2024-01-08 12:45:00+00:00,1981.0929105322698,1981.827614834475,1980.3100557570594,1980.7676430190725
2024-01-08 12:50:00+00:00,1980.7676430190725,1981.5365001297378,1979.4997021479517,1979.9658779779686
2024-01-08 12:55:00+00:00,1979.9658779779686,1980.5252951096552,1979.0319681159322,1979.3370693013314
2024-01-08 13:00:00+00:00,1979.3370693013314,1982.023205202314,1978.4271323276666,1981.2620293890839
2024-01-08 13:05:00+00:00,1981.2620293890839,1983.1885862068877,1980.9996241839613,1982.3099868712081
2024-01-08 13:10:00+00:00,1982.3099868712081,1982.8437690584753,1981.6928522136525,1982.154339748539
2024-01-08 13:15:00+00:00,1982.154339748539,1982.4546250655558,1980.0799738221904,1980.8656073710479
2024-01-08 13:20:00+00:00,1980.8656073710479,1981.7657562710735,1979.2619013723886,1979.6985913338294
2024-01-08 13:25:00+00:00,1979.6985913338294,1980.9170942792468,1979.527306894496,1980.025028596705
2024-01-08 13:30:00+00:00,1980.025028596705,1981.5201323628148,1979.758665191941,1980.988803951465
2024-01-08 13:35:00+00:00,1980.988803951465,1981.2959653073647,1980.2031783107036,1980.7305025585542
2024-01-08 13:40:00+00:00,1980.7305025585542,1981.1412122390836,1980.3983981027593,1980.853454930476
2024-01-08 13:45:00+00:00,1980.853454930476,1981.4757399608359,1980.2262093363456,1981.0841433848425
2024-01-08 13:50:00+00:00,1981.0841433848425,1982.6376352000234,1980.8514449398374,1982.0450811775177
2024-01-08 13:55:00+00:00,1982.0450811775177,1983.0395559462343,1979.614718499262,1980.3540215082446
2024-01-08 14:00:00+00:00,1980.3540215082446,1981.3848633749774,1979.6864569513366,1980.4957437346513
2024-01-08 14:05:00+00:00,1980.4957437346513,1981.1997852314942,1979.5709096044347,1980.862087376078
2024-01-08 14:10:00+00:00,1980.862087376078,1981.9223023647696,1980.105691035654,1981.7185366845622
2024-01-08 14:15:00+00:00,1981.7185366845622,1982.5679617900641,1980.9017366003432,1982.0764279241773
2024-01-08 14:20:00+00:00,1982.0764279241773,1982.719133698095,1980.8563169187676,1981.0871683916566
2024-01-08 14:25:00+00:00,1981.0871683916566,1981.9743735219436,1980.3165986081583,1980.5660384704317
2024-01-08 14:30:00+00:00,1980.5660384704317,1980.8410396646361,1978.3337765739857,1979.1956430574874
2024-01-08 14:35:00+00:00,1979.1956430574874,1979.6078272980367,1978.6261261257157,1979.370894832385
2024-01-08 14:40:00+00:00,1979.370894832385,1980.1248473012465,1979.2347864016108,1979.54538903459
2024-01-08 14:45:00+00:00,1979.54538903459,1980.333192881222,1978.7719360057736,1980.0074082885458
2024-01-08 14:50:00+00:00,1980.0074082885458,1980.8113782831704,1978.3576263830153,1979.135894921764
2024-01-08 14:55:00+00:00,1979.135894921764,1979.9863616140979,1977.674559076661,1978.1110593540764
2024-01-08 15:00:00+00:00,1978.1110593540764,1980.4413902089675,1977.8947559032172,1979.485470726821
2024-01-08 15:05:00+00:00,1979.485470726821,1980.2768364822332,1978.7358341891222,1979.6508079140865
2024-01-08 15:10:00+00:00,1979.6508079140865,1981.8128733185379,1979.2454101406013,1981.2235849151507
2024-01-08 15:15:00+00:00,1981.2235849151507,1981.8955585259455,1980.3350219782274,1981.620459195649
2024-01-08 15:20:00+00:00,1981.620459195649,1981.9179759582275,1979.9828986998925,1980.3062979281456
2024-01-08 15:25:00+00:00,1980.3062979281456,1981.7907986395517,1980.2045739061325,1981.0325488294734
2024-01-08 15:30:00+00:00,1981.0325488294734,1982.5076067048203,1980.042375867926,1982.145542548641
2024-01-08 15:35:00+00:00,1982.145542548641,1982.775527759086,1980.991956657108,1981.7412685034394
2024-01-08 15:40:00+00:00,1981.7412685034394,1982.0156914271738,1979.2274829236258,1980.010453391059
2024-01-08 15:45:00+00:00,1980.010453391059,1981.0632381216556,1979.1946705085657,1980.6105489259937
2024-01-08 15:50:00+00:00,1980.6105489259937,1981.6051988896884,1979.7791152642242,1980.4856105336567
2024-01-08 15:55:00+00:00,1980.4856105336567,1981.2563455727363,1979.9895690918881,1980.7368237856151
2024-01-08 16:00:00+00:00,1980.7368237856151,1981.066600062154,1977.8000910149947,1978.320343221552
2024-01-08 16:05:00+00:00,1978.320343221552,1979.7029877730436,1978.1220310637852,1978.73313657558
2024-01-08 16:10:00+00:00,1978.73313657558,1979.6369398369977,1975.2623881760683,1976.2590537721392
2024-01-08 16:15:00+00:00,1976.2590537721392,1977.031465135602,1974.8308878510209,1975.4797701183904
2024-01-08 16:20:00+00:00,1975.4797701183904,1977.1081645361282,1974.8287538537195,1976.2784640637615
2024-01-08 16:25:00+00:00,1976.2784640637615,1976.4570636976232,1973.9989246812581,1974.63781792404
2024-01-08 16:30:00+00:00,1974.63781792404,1974.8941727902472,1972.1458833484548,1972.9617794106077
2024-01-08 16:35:00+00:00,1972.9617794106077,1973.0699177474987,1972.0754874876352,1972.558362864659
2024-01-08 16:40:00+00:00,1972.558362864659,1974.2777470292529,1972.1288749117805,1974.0417421086072
2024-01-08 16:45:00+00:00,1974.0417421086072,1976.339395987401,1973.4842646554478,1975.4972149526097
2024-01-08 16:50:00+00:00,1975.4972149526097,1976.113943700654,1974.6976375464803,1974.951147103653
2024-01-08 16:55:00+00:00,1974.951147103653,1976.3431221082524,1974.1041051751242,1975.8521046069866
2024-01-08 17:00:00+00:00,1975.8521046069866,1976.7961204239514,1974.8832791402142,1976.374516799016
2024-01-08 17:05:00+00:00,1976.374516799016,1976.8110674775062,1976.0458232629244,1976.6107885848785
2024-01-08 17:10:00+00:00,1976.6107885848785,1977.4372811335775,1976.0757315709202,1976.9311269275763
2024-01-08 17:15:00+00:00,1976.9311269275763,1977.270466005253,1975.9232463655521,1976.2790185307745
2024-01-08 17:20:00+00:00,1976.2790185307745,1977.8496170903843,1976.1187348596509,1977.000448357766
2024-01-08 17:25:00+00:00,1977.000448357766,1978.7278453493407,1976.1975207805763,1977.9558104847342
2024-01-08 17:30:00+00:00,1977.9558104847342,1981.1754134840842,1977.793002619636,1980.3871218375864
2024-01-08 17:35:00+00:00,1980.3871218375864,1982.1653971352548,1980.241313720492,1981.212190387474
2024-01-08 17:40:00+00:00,1981.212190387474,1982.1857644363613,1978.202165887711,1979.0043353008477
2024-01-08 17:45:00+00:00,1979.0043353008477,1979.6614631619123,1977.4600570350567,1977.919336982433
2024-01-08 17:50:00+00:00,1977.919336982433,1978.7772650866518,1977.325369775776,1978.2178251099467
2024-01-08 17:55:00+00:00,1978.2178251099467,1978.6737477054853,1978.0406398644423,1978.2777818680686
2024-01-08 18:00:00+00:00,1978.2777818680686,1978.6410256344218,1975.861873467285,1976.601208502917
2024-01-08 18:05:00+00:00,1976.601208502917,1977.2012634638224,1975.609284191679,1976.4730343251035
2024-01-08 18:10:00+00:00,1976.4730343251035,1977.0364259572452,1975.8141333728965,1976.1479863924872
2024-01-08 18:15:00+00:00,1976.1479863924872,1976.9837589536426,1975.9599385528245,1976.1005326041106
2024-01-08 18:20:00+00:00,1976.1005326041106,1976.9271639721424,1975.6697556466022,1975.987391290355
2024-01-08 18:25:00+00:00,1975.987391290355,1977.1894174644744,1975.446189411581,1976.8129327237173
2024-01-08 18:30:00+00:00,1976.8129327237173,1978.3516955034013,1976.304673673886,1978.1278851350612
2024-01-08 18:35:00+00:00,1978.1278851350612,1978.9704205378757,1977.7837305713963,1978.7400586147432
2024-01-08 18:40:00+00:00,1978.7400586147432,1979.0370869786634,1977.1050012198152,1977.737691695622
2024-01-08 18:45:00+00:00,1977.737691695622,1978.4640887770604,1976.3211421224019,1976.9577332295148
2024-01-08 18:50:00+00:00,1976.9577332295148,1977.1263274812309,1975.812097626777,1976.3588841960707
2024-01-08 18:55:00+00:00,1976.3588841960707,1977.21376047176,1975.405835427365,1976.3054357177725
2024-01-08 19:00:00+00:00,1976.3054357177725,1977.0552121589758,1975.1747996821302,1975.918744999098
2024-01-08 19:05:00+00:00,1975.918744999098,1976.893293838578,1975.2930245336763,1975.6011837581268
2024-01-08 19:10:00+00:00,1975.6011837581268,1976.0139670847616,1974.3505441070429,1974.7684120015965
2024-01-08 19:15:00+00:00,1974.7684120015965,1976.2819193983141,1974.1000089732565,1975.6202457014683
2024-01-08 19:20:00+00:00,1975.6202457014683,1976.8740805618913,1974.9902098054995,1976.3841143880313
2024-01-08 19:25:00+00:00,1976.3841143880313,1977.4605359823547,1976.1032602113523,1977.2408816021032
2024-01-08 19:30:00+00:00,1977.2408816021032,1977.8012961630402,1976.4354576148037,1977.1663624241635
2024-01-08 19:35:00+00:00,1977.1663624241635,1978.3005682601272,1976.880988048841,1977.5735600723835
2024-01-08 19:40:00+00:00,1977.5735600723835,1977.9208893497353,1975.8437592228836,1976.751463658061
2024-01-08 19:45:00+00:00,1976.751463658061,1977.5254235735922,1975.1522375611723,1975.838766413062
2024-01-08 19:50:00+00:00,1975.838766413062,1976.7234910015138,1974.9189158252852,1975.3473443899757
2024-01-08 19:55:00+00:00,1975.3473443899757,1976.650265145024,1974.6315540885084,1975.8718198546062
2024-01-08 20:00:00+00:00,1975.8718198546062,1976.2385633316974,1974.9338813252452,1975.7360619059527
2024-01-08 20:05:00+00:00,1975.7360619059527,1976.683448404964,1974.2133844501482,1974.7065598535858
2024-01-08 20:10:00+00:00,1974.7065598535858,1975.2986689395823,1974.5537001539917,1974.7889493309067
2024-01-08 20:15:00+00:00,1974.7889493309067,1975.8021813703635,1973.8619378949688,1975.1682288032068
2024-01-08 20:20:00+00:00,1975.1682288032068,1976.1916216527843,1974.2265157578965,1975.3139371984132
2024-01-08 20:25:00+00:00,1975.3139371984132,1975.6713573524194,1974.009714322299,1974.7132144303619
2024-01-08 20:30:00+00:00,1974.7132144303619,1975.1369790962326,1974.1273843481852,1974.7705031797636
2024-01-08 20:35:00+00:00,1974.7705031797636,1975.7129736760596,1973.744527515525,1974.3904123189589
2024-01-08 20:40:00+00:00,1974.3904123189589,1975.0496526744305,1973.7505052713593,1974.0968159390666
2024-01-08 20:45:00+00:00,1974.0968159390666,1974.9152312669014,1973.7625880158093,1974.0157080554395
2024-01-08 20:50:00+00:00,1974.0157080554395,1975.3825083010865,1973.5079399914696,1974.693358921017
2024-01-08 20:55:00+00:00,1974.693358921017,1976.5515015340795,1974.0522702576231,1976.3357359349998
2024-01-08 21:00:00+00:00,1976.3357359349998,1977.859494143133,1975.7554832763549,1977.7382233529224
2024-01-08 21:05:00+00:00,1977.7382233529224,1978.711440705603,1976.9762070553363,1978.303710570405
2024-01-08 21:10:00+00:00,1978.303710570405,1978.9059435509935,1977.78525181949,1977.9437037770924
2024-01-08 21:15:00+00:00,1977.9437037770924,1978.6569735646337,1977.469641328623,1977.6660991149538
2024-01-08 21:20:00+00:00,1977.6660991149538,1978.4847982907445,1976.5974464095914,1977.4272031655466
2024-01-08 21:25:00+00:00,1977.4272031655466,1978.8866798304798,1976.5987374880278,1978.4645607020004
2024-01-08 21:30:00+00:00,1978.4645607020004,1979.4243221779145,1975.4686300221592,1975.9771947019697
2024-01-08 21:35:00+00:00,1975.9771947019697,1976.8341833291352,1975.0691832452712,1976.2106383365103
2024-01-08 21:40:00+00:00,1976.2106383365103,1976.6419834668322,1973.5106643923268,1974.4188205274927
2024-01-08 21:45:00+00:00,1974.4188205274927,1974.6842418562928,1974.035122838127,1974.4167606685476
2024-01-08 21:50:00+00:00,1974.4167606685476,1976.3767564531697,1973.8024601871373,1975.610275072645
2024-01-08 21:55:00+00:00,1975.610275072645,1976.2894608835259,1974.2508684812124,1974.7918527167408
2024-01-08 22:00:00+00:00,1974.7918527167408,1975.2831103566396,1972.2755770502358,1972.7386969107695
2024-01-08 22:05:00+00:00,1972.7386969107695,1974.390838705335,1972.4108339261093,1973.9075313331157
2024-01-08 22:10:00+00:00,1973.9075313331157,1975.4216289646263,1973.1041948080576,1975.2641979196299
2024-01-08 22:15:00+00:00,1975.2641979196299,1975.9657728396323,1974.525613022546,1975.7143443248237
2024-01-08 22:20:00+00:00,1975.7143443248237,1977.7033153953535,1975.3920100445894,1976.845513467367
2024-01-08 22:25:00+00:00,1976.845513467367,1977.2293590075367,1975.5068976843743,1976.124700968701
2024-01-08 22:30:00+00:00,1976.124700968701,1977.3812132619855,1975.4802685426198,1977.1814833899334
2024-01-08 22:35:00+00:00,1977.1814833899334,1979.03209224358,1976.6862820742485,1978.7134747234347
2024-01-08 22:40:00+00:00,1978.7134747234347,1979.6030680004658,1978.2122531357784,1979.291065939979
2024-01-08 22:45:00+00:00,1979.291065939979,1980.3639222182358,1979.0902405844504,1979.5454545102823
2024-01-08 22:50:00+00:00,1979.5454545102823,1981.4263106501874,1978.930529314965,1980.7018454441775
2024-01-08 22:55:00+00:00,1980.7018454441775,1981.8811698628188,1979.8573014809624,1981.7220302911687
2024-01-08 23:00:00+00:00,1981.7220302911687,1982.5539084422078,1980.6557166686323,1981.0495183202315
2024-01-08 23:05:00+00:00,1981.0495183202315,1983.1979704956582,1980.2035452798889,1982.2749756081691
2024-01-08 23:10:00+00:00,1982.2749756081691,1983.9092466952745,1982.1014235382472,1982.946567252304
2024-01-08 23:15:00+00:00,1982.946567252304,1983.259425256092,1982.757041968789,1983.0908271190294
2024-01-08 23:20:00+00:00,1983.0908271190294,1984.8276017817425,1982.7779430286473,1984.2656093016942
2024-01-08 23:25:00+00:00,1984.2656093016942,1985.8628613516053,1984.0148156157466,1985.0999523527726
2024-01-08 23:30:00+00:00,1985.0999523527726,1986.0655789125553,1984.3046312208166,1985.7727298459947
2024-01-08 23:35:00+00:00,1985.7727298459947,1986.6672102195491,1984.3897182422945,1985.3171035226508
2024-01-08 23:40:00+00:00,1985.3171035226508,1986.342974687463,1984.9901349110748,1986.068668360331
2024-01-08 23:45:00+00:00,1986.068668360331,1986.641199853724,1984.4602571340874,1985.0724436940473
2024-01-08 23:50:00+00:00,1985.0724436940473,1985.8765161329516,1984.3992089839364,1984.9600784134193
2024-01-08 23:55:00+00:00,1984.9600784134193,1985.6187761906724,1982.6468972054674,1983.4375828190764
2024-01-09 00:00:00+00:00,1983.4375828190764,1983.9953820578387,1981.7709704013523,1981.905070289454
2024-01-09 00:05:00+00:00,1981.905070289454,1982.9827260365369,1981.2757855684436,1982.305261587546
2024-01-09 00:10:00+00:00,1982.305261587546,1983.1756493649957,1981.8719638532586,1982.2328969881219
2024-01-09 00:15:00+00:00,1982.2328969881219,1982.8496412126492,1981.893383813486,1982.3106180044997
2024-01-09 00:20:00+00:00,1982.3106180044997,1982.9851189424419,1981.6665197805441,1982.8448156639085
2024-01-09 00:25:00+00:00,1982.8448156639085,1984.081213076251,1982.7165977649304,1983.1612442883395
2024-01-09 00:30:00+00:00,1983.1612442883395,1983.5605457509105,1981.5929130697098,1982.364942302479
2024-01-09 00:35:00+00:00,1982.364942302479,1982.753760913963,1981.583261045781,1982.432475462533
2024-01-09 00:40:00+00:00,1982.432475462533,1983.1802055148187,1981.8193334762716,1982.3735574560474
2024-01-09 00:45:00+00:00,1982.3735574560474,1983.016925312882,1981.4969648919543,1981.9070298938523
2024-01-09 00:50:00+00:00,1981.9070298938523,1982.4305080197555,1981.2969597179108,1981.7963827288715
2024-01-09 00:55:00+00:00,1981.7963827288715,1982.5673930327239,1981.015432826456,1981.468955363067
2024-01-09 01:00:00+00:00,1981.468955363067,1981.9681293359135,1980.2708231202485,1980.886205090149
2024-01-09 01:05:00+00:00,1980.886205090149,1981.3749089810813,1980.2022252662073,1980.58681888454
2024-01-09 01:10:00+00:00,1980.58681888454,1981.0850808482887,1979.6005007554838,1980.799751860993
2024-01-09 01:15:00+00:00,1980.799751860993,1983.281038946485,1980.0765929507074,1982.6581042194573
2024-01-09 01:20:00+00:00,1982.6581042194573,1983.1166930318846,1981.0311574654047,1981.9242701975313
2024-01-09 01:25:00+00:00,1981.9242701975313,1982.6895453095437,1981.3648952122876,1982.395446627368
2024-01-09 01:30:00+00:00,1982.395446627368,1983.0049444354756,1980.8331752580218,1981.081702180489
2024-01-09 01:35:00+00:00,1981.081702180489,1982.7264795175165,1980.3412593808425,1982.514176577248
2024-01-09 01:40:00+00:00,1982.514176577248,1983.1480947350462,1981.9445915145227,1982.2155914633302
2024-01-09 01:45:00+00:00,1982.2155914633302,1982.8713533051869,1982.0925080767997,1982.3420328626153
2024-01-09 01:50:00+00:00,1982.3420328626153,1984.332326648415,1981.7794394345015,1983.4931640585646
2024-01-09 01:55:00+00:00,1983.4931640585646,1984.7797929618105,1982.8791556763997,1984.3835280440303
2024-01-09 02:00:00+00:00,1984.3835280440303,1985.316112758394,1982.599403776793,1983.0423097833975
2024-01-09 02:05:00+00:00,1983.0423097833975,1984.1044278596348,1982.1457748140747,1983.5434391732624
2024-01-09 02:10:00+00:00,1983.5434391732624,1984.003114912202,1982.4918813468892,1983.3402425559489
2024-01-09 02:15:00+00:00,1983.3402425559489,1984.6890377471768,1982.6449404597995,1983.8989108067717
2024-01-09 02:20:00+00:00,1983.8989108067717,1984.6145013164626,1983.7604935340873,1984.0375144379136
2024-01-09 02:25:00+00:00,1984.0375144379136,1984.8203153355232,1983.8216767046968,1984.70140809116
2024-01-09 02:30:00+00:00,1984.70140809116,1985.8708744783833,1983.7446610674094,1984.965627098186
2024-01-09 02:35:00+00:00,1984.965627098186,1985.4497002754408,1983.8780640945279,1984.8412177571674
2024-01-09 02:40:00+00:00,1984.8412177571674,1986.1413798328629,1984.143185033902,1985.9019590296784
2024-01-09 02:45:00+00:00,1985.9019590296784,1986.4974896694462,1983.8637539723743,1984.5137779154156
2024-01-09 02:50:00+00:00,1984.5137779154156,1984.9349945862566,1983.622039964952,1984.1254852775257
2024-01-09 02:55:00+00:00,1984.1254852775257,1984.9334508894403,1982.851613346651,1983.2669082250613
2024-01-09 03:00:00+00:00,1983.2669082250613,1983.51790603834,1982.5070264916742,1983.1388865196584
2024-01-09 03:05:00+00:00,1983.1388865196584,1984.0765456051527,1981.9412473463137,1982.7534013702154
2024-01-09 03:10:00+00:00,1982.7534013702154,1983.236246131975,1981.8829398243183,1982.6216221073887
2024-01-09 03:15:00+00:00,1982.6216221073887,1983.065630149886,1981.4758055860007,1982.181692286941
2024-01-09 03:20:00+00:00,1982.181692286941,1982.6471984107877,1981.3788948357442,1981.7605192636065
2024-01-09 03:25:00+00:00,1981.7605192636065,1982.1916485641682,1979.4603377580543,1980.2823386228915
2024-01-09 03:30:00+00:00,1980.2823386228915,1981.2034036624982,1979.5777979585173,1980.2499025066752
2024-01-09 03:35:00+00:00,1980.2499025066752,1981.3741518820798,1979.5816038645332,1980.5288439836286
2024-01-09 03:40:00+00:00,1980.5288439836286,1981.4187525841055,1979.087678447383,1979.9935941293363
2024-01-09 03:45:00+00:00,1979.9935941293363,1980.7469005095454,1978.5157946212944,1979.4038186323528
2024-01-09 03:50:00+00:00,1979.4038186323528,1979.9468826279092,1978.0861102055442,1978.8251687436507
2024-01-09 03:55:00+00:00,1978.8251687436507,1980.8186446634,1978.642991189019,1980.3377751155092
2024-01-09 04:00:00+00:00,1980.3377751155092,1981.4976020793772,1980.1296364097796,1980.5084613215781
2024-01-09 04:05:00+00:00,1980.5084613215781,1981.3666579190706,1980.296538596167,1980.8588978064722
2024-01-09 04:10:00+00:00,1980.8588978064722,1981.5996552857387,1980.059464756761,1980.5900040936867
2024-01-09 04:15:00+00:00,1980.5900040936867,1981.422246151898,1979.9678793583441,1980.1415255836098
2024-01-09 04:20:00+00:00,1980.1415255836098,1981.0219984391447,1978.4462204327851,1979.3522766818876
2024-01-09 04:25:00+00:00,1979.3522766818876,1981.4488307943752,1978.9435592653851,1980.7416650026241
2024-01-09 04:30:00+00:00,1980.7416650026241,1981.165708386035,1978.7788539900846,1979.2127517365334
2024-01-09 04:35:00+00:00,1979.2127517365334,1979.9871720180531,1978.5260651360895,1979.4841995488418
2024-01-09 04:40:00+00:00,1979.4841995488418,1980.3332017730957,1978.783350912818,1979.4640373214745
2024-01-09 04:45:00+00:00,1979.4640373214745,1980.0034059754585,1978.6382816978644,1979.2354530645594
2024-01-09 04:50:00+00:00,1979.2354530645594,1980.160229908837,1977.2085499012696,1977.8271627238103
2024-01-09 04:55:00+00:00,1977.8271627238103,1977.946034272637,1976.3709512849407,1976.7171168957898
2024-01-09 05:00:00+00:00,1976.7171168957898,1978.4875905551253,1976.5868076027323,1977.602092830775
2024-01-09 05:05:00+00:00,1977.602092830775,1978.258025054858,1976.6735199187244,1976.979211453426
2024-01-09 05:10:00+00:00,1976.979211453426,1978.6108338348881,1975.9897806064685,1977.7718784349051
2024-01-09 05:15:00+00:00,1977.7718784349051,1978.7563990748909,1977.1995604913918,1978.3761138207512
2024-01-09 05:20:00+00:00,1978.3761138207512,1979.605552232919,1977.5529929805057,1978.899039323275
2024-01-09 05:25:00+00:00,1978.899039323275,1980.380379565405,1978.7632293531678,1979.5858624731595
2024-01-09 05:30:00+00:00,1979.5858624731595,1980.542196534047,1977.939826557126,1978.4981039841798
2024-01-09 05:35:00+00:00,1978.4981039841798,1979.4956415452777,1977.3781119085231,1978.0729323010924
2024-01-09 05:40:00+00:00,1978.0729323010924,1979.1613109741743,1977.2037952448823,1978.6851556972747
2024-01-09 05:45:00+00:00,1978.6851556972747,1979.1152346499714,1976.9309124432032,1977.550512955118
2024-01-09 05:50:00+00:00,1977.550512955118,1979.9823107793652,1977.4419571822168,1979.0501371399084
2024-01-09 05:55:00+00:00,1979.0501371399084,1980.0484675945577,1978.2664364583097,1978.5479471217814
2024-01-09 06:00:00+00:00,1978.5479471217814,1979.409915217096,1977.7353295074884,1978.4915521036173
2024-01-09 06:05:00+00:00,1978.4915521036173,1979.375743404494,1976.791342297084,1977.570424552253
2024-01-09 06:10:00+00:00,1977.570424552253,1978.7729439323793,1976.6957253270527,1977.9011389006255
2024-01-09 06:15:00+00:00,1977.9011389006255,1978.495869279452,1976.6986276718676,1977.2421996632968
2024-01-09 06:20:00+00:00,1977.2421996632968,1977.9594624278354,1976.378469551639,1977.0254352411546
2024-01-09 06:25:00+00:00,1977.0254352411546,1977.7552427935752,1975.8193488611876,1976.0020725946708
2024-01-09 06:30:00+00:00,1976.0020725946708,1977.8468782065681,1975.5184457456262,1977.076142584146
2024-01-09 06:35:00+00:00,1977.076142584146,1977.6774387336072,1974.6706833614282,1975.6082680341615
2024-01-09 06:40:00+00:00,1975.6082680341615,1976.1789067094767,1974.9804495232845,1976.0157654737977
2024-01-09 06:45:00+00:00,1976.0157654737977,1977.048251072876,1975.0833227807916,1976.230619425024
2024-01-09 06:50:00+00:00,1976.230619425024,1977.1740734312307,1975.9163669394638,1976.6261300875688
2024-01-09 06:55:00+00:00,1976.6261300875688,1976.752761196169,1974.7748625124932,1975.7090350601836
2024-01-09 07:00:00+00:00,1975.7090350601836,1977.2944229635614,1975.1735151695646,1976.640894448482
2024-01-09 07:05:00+00:00,1976.640894448482,1978.00608796611,1976.3397913499673,1977.5103361840333
2024-01-09 07:10:00+00:00,1977.5103361840333,1978.3674672064496,1977.3907497762443,1977.6554534264596
2024-01-09 07:15:00+00:00,1977.6554534264596,1978.1038218324777,1977.1943865649455,1977.9383435616587
2024-01-09 07:20:00+00:00,1977.9383435616587,1978.377847268515,1976.8973123542253,1977.7982154317817
2024-01-09 07:25:00+00:00,1977.7982154317817,1979.2958605148297,1976.9602983991088,1978.378456655766
2024-01-09 07:30:00+00:00,1978.378456655766,1978.9812328984428,1976.7490790330028,1977.6408738608914
2024-01-09 07:35:00+00:00,1977.6408738608914,1978.3434504259944,1977.0371697148794,1978.1417415670471
2024-01-09 07:40:00+00:00,1978.1417415670471,1979.3692938457716,1977.2322447500283,1978.5089330567762
2024-01-09 07:45:00+00:00,1978.5089330567762,1979.416892437307,1976.9357927083033,1977.241405781254
2024-01-09 07:50:00+00:00,1977.241405781254,1978.1961941229647,1974.3522943484086,1974.8812592872948
2024-01-09 07:55:00+00:00,1974.8812592872948,1975.801156229003,1974.3635227770471,1974.777251912324
2024-01-09 08:00:00+00:00,1974.777251912324,1975.043593872798,1974.211650753835,1974.6333480543515
2024-01-09 08:05:00+00:00,1974.6333480543515,1976.5440459982337,1973.8632959729193,1975.7310946678174
2024-01-09 08:10:00+00:00,1975.7310946678174,1976.6200840443055,1975.5056253398686,1975.7844332311734
2024-01-09 08:15:00+00:00,1975.7844332311734,1976.2214214000808,1975.2057799833783,1975.3379174400868
2024-01-09 08:20:00+00:00,1975.3379174400868,1975.4397986017266,1973.690646091275,1974.11560154104
2024-01-09 08:25:00+00:00,1974.11560154104,1974.4452221667593,1973.0786580900055,1974.0376675398786
2024-01-09 08:30:00+00:00,1974.0376675398786,1975.022430584571,1973.2412287443613,1973.513717384449
2024-01-09 08:35:00+00:00,1973.513717384449,1973.6846130443114,1972.1301865427363,1972.52277423876
2024-01-09 08:40:00+00:00,1972.52277423876,1973.4978004148543,1971.883198303984,1972.415904409817
2024-01-09 08:45:00+00:00,1972.415904409817,1973.612888296013,1971.5714704982713,1973.3686987322794
2024-01-09 08:50:00+00:00,1973.3686987322794,1973.6001910736961,1973.1036520619698,1973.4536914833368
2024-01-09 08:55:00+00:00,1973.4536914833368,1973.7521336782174,1971.7102896482809,1972.5110421582103
2024-01-09 09:00:00+00:00,1972.5110421582103,1973.021532789878,1971.5484929295606,1972.8070955397309
2024-01-09 09:05:00+00:00,1972.8070955397309,1973.1408929056,1970.8599850738365,1971.820342923164
2024-01-09 09:10:00+00:00,1971.820342923164,1972.1266957465525,1970.0476267215035,1970.401942001373
2024-01-09 09:15:00+00:00,1970.401942001373,1971.133337947015,1969.9465104775597,1970.8482805133074
2024-01-09 09:20:00+00:00,1970.8482805133074,1971.378646106905,1969.8624822604643,1970.354474844781
2024-01-09 09:25:00+00:00,1970.354474844781,1971.9516956600785,1970.0719417788598,1971.3581995026482
2024-01-09 09:30:00+00:00,1971.3581995026482,1971.7912159795135,1971.1109213853854,1971.6396312422032
2024-01-09 09:35:00+00:00,1971.6396312422032,1972.3515369380505,1970.1871767870168,1970.915365086333
2024-01-09 09:40:00+00:00,1970.915365086333,1971.348826350497,1970.3798974215272,1971.1142525328635
2024-01-09 09:45:00+00:00,1971.1142525328635,1973.1785559286834,1970.65061810654,1972.2817293417531
2024-01-09 09:50:00+00:00,1972.2817293417531,1972.4438034438688,1971.289099645831,1972.113401059317
2024-01-09 09:55:00+00:00,1972.113401059317,1972.957992992843,1970.4733112575018,1971.1598979745845
2024-01-09 10:00:00+00:00,1971.1598979745845,1971.8989627502476,1969.7675430819231,1970.5661012044304
2024-01-09 10:05:00+00:00,1970.5661012044304,1971.4994097172964,1969.096838552095,1969.8358621204222
2024-01-09 10:10:00+00:00,1969.8358621204222,1970.0229089419759,1968.2014038285736,1968.7744894366788
2024-01-09 10:15:00+00:00,1968.7744894366788,1968.9459292423835,1967.0402256429086,1967.6127702822862
2024-01-09 10:20:00+00:00,1967.6127702822862,1968.771732341916,1967.0516985159668,1967.9944296568126
2024-01-09 10:25:00+00:00,1967.9944296568126,1969.6308629854332,1967.2772084352719,1968.994458245616
2024-01-09 10:30:00+00:00,1968.994458245616,1969.4232287753468,1967.7755838501466,1968.6702819914676
2024-01-09 10:35:00+00:00,1968.6702819914676,1969.536834024235,1968.183707339734,1969.3797256014109
2024-01-09 10:40:00+00:00,1969.3797256014109,1970.347664230735,1968.4828960650036,1970.1986230102445
2024-01-09 10:45:00+00:00,1970.1986230102445,1972.259199645485,1969.4652863464053,1971.715708718731
2024-01-09 10:50:00+00:00,1971.715708718731,1972.1679172422905,1970.6387578998995,1971.549516875756
2024-01-09 10:55:00+00:00,1971.549516875756,1971.7828006345553,1970.9427814101823,1971.2365642059217
2024-01-09 11:00:00+00:00,1971.2365642059217,1971.7745793985098,1970.3141818307463,1971.6172083939252
2024-01-09 11:05:00+00:00,1971.6172083939252,1971.9099670635264,1971.4123234704823,1971.7065508449934
2024-01-09 11:10:00+00:00,1971.7065508449934,1972.5719014753086,1971.199511054627,1971.9799081487474
2024-01-09 11:15:00+00:00,1971.9799081487474,1973.5641478542877,1971.2616988951063,1973.148335324721
2024-01-09 11:20:00+00:00,1973.148335324721,1974.0660650419586,1972.6245409950982,1972.7635166507778
2024-01-09 11:25:00+00:00,1972.7635166507778,1973.34722173026,1972.0360837148623,1972.9599267542933
2024-01-09 11:30:00+00:00,1972.9599267542933,1973.09974075709,1971.719202989972,1972.0783378122967
2024-01-09 11:35:00+00:00,1972.0783378122967,1972.4199148017797,1971.6317200203127,1971.936371884071
2024-01-09 11:40:00+00:00,1971.936371884071,1972.3270037947807,1970.795663261772,1971.3319212908762
2024-01-09 11:45:00+00:00,1971.3319212908762,1972.0213942446428,1969.7783129507247,1970.651661398991
2024-01-09 11:50:00+00:00,1970.651661398991,1971.1192723721222,1970.3165869887698,1970.4554471025822
2024-01-09 11:55:00+00:00,1970.4554471025822,1970.630136253927,1969.7594912749223,1970.0550787401914
2024-01-09 12:00:00+00:00,1970.0550787401914,1970.5707640449082,1969.2231162419348,1970.3910276092577
2024-01-09 12:05:00+00:00,1970.3910276092577,1971.6796713490712,1969.702956348171,1971.1160104019623
2024-01-09 12:10:00+00:00,1971.1160104019623,1971.9413374793019,1969.0712354400614,1969.7744156388335
2024-01-09 12:15:00+00:00,1969.7744156388335,1971.3701388404609,1969.3408029313216,1970.6789704091257
2024-01-09 12:20:00+00:00,1970.6789704091257,1971.285343424926,1967.7270866291235,1968.676781750899
2024-01-09 12:25:00+00:00,1968.676781750899,1969.5079622555877,1967.7292916149688,1968.9010222743889
2024-01-09 12:30:00+00:00,1968.9010222743889,1970.3116894252041,1968.4217850933196,1969.5418207956188
2024-01-09 12:35:00+00:00,1969.5418207956188,1970.4437009962517,1968.1833409687997,1968.9577136397163
2024-01-09 12:40:00+00:00,1968.9577136397163,1969.8097933182892,1967.8920322600381,1968.7530591302075
2024-01-09 12:45:00+00:00,1968.7530591302075,1969.6698580136497,1967.722498645298,1968.0510001568814
2024-01-09 12:50:00+00:00,1968.0510001568814,1969.656921146505,1967.6643315411047,1968.8578124564556
2024-01-09 12:55:00+00:00,1968.8578124564556,1969.2106687051835,1965.732087365111,1966.0043986910582
2024-01-09 13:00:00+00:00,1966.0043986910582,1966.4712724141066,1965.026454601701,1965.131851040732
2024-01-09 13:05:00+00:00,1965.131851040732,1965.9103332565512,1963.0517448423432,1963.3900959941689
2024-01-09 13:10:00+00:00,1963.3900959941689,1963.7645320291292,1962.9701793274385,1963.5611918816076
2024-01-09 13:15:00+00:00,1963.5611918816076,1964.866451822256,1962.956649791809,1964.732028148898
2024-01-09 13:20:00+00:00,1964.732028148898,1966.6661476464317,1964.4103559892333,1965.8059878856739
2024-01-09 13:25:00+00:00,1965.8059878856739,1966.8675335950654,1964.8540729322388,1966.4088646281057
2024-01-09 13:30:00+00:00,1966.4088646281057,1967.4072363101368,1965.94059473066,1966.633809816561
2024-01-09 13:35:00+00:00,1966.633809816561,1967.3518110309922,1965.2563129845648,1965.9458963545203
2024-01-09 13:40:00+00:00,1965.9458963545203,1967.9101797966516,1965.6769232212387,1967.0440106738306
2024-01-09 13:45:00+00:00,1967.0440106738306,1968.6009718867647,1966.3434110024427,1967.6065367075007
2024-01-09 13:50:00+00:00,1967.6065367075007,1967.9430304298212,1965.982422658999,1966.84820546949
2024-01-09 13:55:00+00:00,1966.84820546949,1967.3759027580365,1964.8713751867226,1965.6981418303276
2024-01-09 14:00:00+00:00,1965.6981418303276,1966.2908146366633,1964.5198110618346,1965.1338787007687
2024-01-09 14:05:00+00:00,1965.1338787007687,1966.9344044514683,1964.8379727862925,1966.1090562242273
2024-01-09 14:10:00+00:00,1966.1090562242273,1968.1758157403065,1965.7396424797096,1967.236376966177
2024-01-09 14:15:00+00:00,1967.236376966177,1969.0425539809187,1967.0966716278756,1968.6921399968485
2024-01-09 14:20:00+00:00,1968.6921399968485,1969.2825160451075,1967.6212067947677,1967.9958074297506
2024-01-09 14:25:00+00:00,1967.9958074297506,1968.9661535497219,1967.5531142860486,1967.6734848992985
2024-01-09 14:30:00+00:00,1967.6734848992985,1969.1407990944372,1966.9151021812781,1968.9194675567903
2024-01-09 14:35:00+00:00,1968.9194675567903,1969.8370051046709,1968.3562014137456,1969.1190667649341
2024-01-09 14:40:00+00:00,1969.1190667649341,1970.4665153942547,1968.4499474034726,1969.8084160355575
2024-01-09 14:45:00+00:00,1969.8084160355575,1970.5159536072447,1968.0003126751055,1968.6211142882335
2024-01-09 14:50:00+00:00,1968.6211142882335,1969.427455612191,1967.4813649551404,1968.290212925436
2024-01-09 14:55:00+00:00,1968.290212925436,1969.2369454628704,1967.558614859808,1968.277554910277
2024-01-09 15:00:00+00:00,1968.277554910277,1968.5911889333663,1967.3926179695477,1967.96058305082
2024-01-09 15:05:00+00:00,1967.96058305082,1968.6439171380698,1966.83260252232,1967.5897787673046
2024-01-09 15:10:00+00:00,1967.5897787673046,1968.5837648287466,1965.219910954281,1966.1222266743398
2024-01-09 15:15:00+00:00,1966.1222266743398,1968.4301282013623,1965.3576273818942,1967.5917749967052
2024-01-09 15:20:00+00:00,1967.5917749967052,1968.3144187620433,1966.9636084119695,1967.7274169595532
2024-01-09 15:25:00+00:00,1967.7274169595532,1968.7086869747723,1966.2650606869233,1966.4209975670271
2024-01-09 15:30:00+00:00,1966.4209975670271,1967.5438797829327,1966.2934870516926,1967.3952322535913
2024-01-09 15:35:00+00:00,1967.3952322535913,1968.2543992498724,1967.0110863045677,1967.4619799170573
2024-01-09 15:40:00+00:00,1967.4619799170573,1968.4276362071894,1967.3604362493797,1968.114977463993
2024-01-09 15:45:00+00:00,1968.114977463993,1968.2450369156034,1967.293547296681,1967.9507898528618
2024-01-09 15:50:00+00:00,1967.9507898528618,1968.6204149520604,1966.6112205686068,1967.2566799867059
2024-01-09 15:55:00+00:00,1967.2566799867059,1968.1640551158293,1965.6464355177088,1966.5856244910328
2024-01-09 16:00:00+00:00,1966.5856244910328,1967.1450008316842,1966.318922036769,1966.9076128477463
2024-01-09 16:05:00+00:00,1966.9076128477463,1968.0526345796122,1965.9855824952076,1967.618546124512
2024-01-09 16:10:00+00:00,1967.618546124512,1968.8657470730193,1967.2409202345664,1968.0738187049346
2024-01-09 16:15:00+00:00,1968.0738187049346,1969.2018921030729,1967.5925954121674,1968.6701068127686
2024-01-09 16:20:00+00:00,1968.6701068127686,1970.3953281473378,1968.3769038885764,1969.769593780523
2024-01-09 16:25:00+00:00,1969.769593780523,1970.755420237313,1969.1204392862444,1970.0462226149314
2024-01-09 16:30:00+00:00,1970.0462226149314,1971.4631724695244,1969.1318244373106,1970.969488649364
2024-01-09 16:35:00+00:00,1970.969488649364,1972.9535407122642,1970.5202648295037,1971.987581726903
2024-01-09 16:40:00+00:00,1971.987581726903,1972.970668620582,1971.649763963778,1972.2741081051577
2024-01-09 16:45:00+00:00,1972.2741081051577,1972.7492598019082,1971.6756729662038,1972.2306698668
2024-01-09 16:50:00+00:00,1972.2306698668,1973.1874993825243,1971.1529006248936,1971.8660339349321
2024-01-09 16:55:00+00:00,1971.8660339349321,1972.0250045265147,1970.6719712212505,1970.8114218068517
2024-01-09 17:00:00+00:00,1970.8114218068517,1971.6403869652,1969.107766789438,1969.4394343354882
2024-01-09 17:05:00+00:00,1969.4394343354882,1970.8037334857822,1969.2012568117214,1970.652040803277
2024-01-09 17:10:00+00:00,1970.652040803277,1970.7775877873196,1970.180804191131,1970.6724750366648
2024-01-09 17:15:00+00:00,1970.6724750366648,1970.9602190062428,1969.3643986131642,1970.2121843797065
2024-01-09 17:20:00+00:00,1970.2121843797065,1971.7969499448704,1969.689685239686,1971.6666256886106
2024-01-09 17:25:00+00:00,1971.6666256886106,1972.7526009511118,1971.2753581116904,1972.5766131945288
2024-01-09 17:30:00+00:00,1972.5766131945288,1972.9708447059086,1971.7775800158554,1972.6673316125543
2024-01-09 17:35:00+00:00,1972.6673316125543,1974.0497831885423,1972.521102491758,1973.610721147443
2024-01-09 17:40:00+00:00,1973.610721147443,1974.4814348523173,1972.9706673129633,1973.4792362073474
2024-01-09 17:45:00+00:00,1973.4792362073474,1974.7488759212947,1973.1366897752791,1973.844069253998
2024-01-09 17:50:00+00:00,1973.844069253998,1976.2768259380364,1973.601860091681,1975.5260658732852
2024-01-09 17:55:00+00:00,1975.5260658732852,1976.9966184545374,1974.55030086193,1976.5235327262053
2024-01-09 18:00:00+00:00,1976.5235327262053,1977.157730844671,1975.4637429061825,1976.3232043195646
2024-01-09 18:05:00+00:00,1976.3232043195646,1977.7996007954873,1975.4236330567762,1976.9948621250348
2024-01-09 18:10:00+00:00,1976.9948621250348,1978.512853110599,1976.4111892950941,1978.107257603196
2024-01-09 18:15:00+00:00,1978.107257603196,1978.9019472541675,1977.2590239731908,1978.0519211605206
2024-01-09 18:20:00+00:00,1978.0519211605206,1978.5082425947978,1977.0577167648717,1977.728329689405
2024-01-09 18:25:00+00:00,1977.728329689405,1979.6801812128679,1977.071938439902,1979.4708964428305
2024-01-09 18:30:00+00:00,1979.4708964428305,1980.0210975064274,1978.9191031128587,1979.2616086369032
2024-01-09 18:35:00+00:00,1979.2616086369032,1980.219520281139,1977.1932119731116,1978.1339287381952
2024-01-09 18:40:00+00:00,1978.1339287381952,1979.0609504377028,1977.4763183118248,1978.3264226377296
2024-01-09 18:45:00+00:00,1978.3264226377296,1981.1466954716639,1977.7533817685396,1980.4544107716288
2024-01-09 18:50:00+00:00,1980.4544107716288,1981.3294090824545,1979.487915079166,1981.0950286333596
2024-01-09 18:55:00+00:00,1981.0950286333596,1982.536640409585,1980.5188758560678,1982.0362263093093
2024-01-09 19:00:00+00:00,1982.0362263093093,1982.363345171652,1979.5656087349812,1980.1698429901433
2024-01-09 19:05:00+00:00,1980.1698429901433,1980.6495554682185,1979.2666810768,1979.7631174735034
2024-01-09 19:10:00+00:00,1979.7631174735034,1981.6532332446054,1979.6299169672188,1980.9453588721822
2024-01-09 19:15:00+00:00,1980.9453588721822,1981.1117307132786,1979.9851070455732,1980.6835021231568
2024-01-09 19:20:00+00:00,1980.6835021231568,1982.7270997391618,1979.9575989999764,1981.9737205524577
2024-01-09 19:25:00+00:00,1981.9737205524577,1983.333410151159,1981.5934669563285,1982.5113700482273
2024-01-09 19:30:00+00:00,1982.5113700482273,1983.5541352462596,1982.068011729095,1982.9799812312888
2024-01-09 19:35:00+00:00,1982.9799812312888,1984.938460568168,1982.7225927109519,1984.6066088394198
2024-01-09 19:40:00+00:00,1984.6066088394198,1984.9496894032786,1983.6871562913725,1984.2693992174177
2024-01-09 19:45:00+00:00,1984.2693992174177,1985.079011845311,1983.5577369761295,1983.965677965392
2024-01-09 19:50:00+00:00,1983.965677965392,1984.7809656855245,1983.0038595182968,1984.1809139982415
2024-01-09 19:55:00+00:00,1984.1809139982415,1984.6946220817874,1983.1870998136508,1984.498610077824
2024-01-09 20:00:00+00:00,1984.498610077824,1985.3473371077043,1982.9810561768757,1983.092245358467
2024-01-09 20:05:00+00:00,1983.092245358467,1984.8448251771736,1982.9071245742932,1984.3207663913613
2024-01-09 20:10:00+00:00,1984.3207663913613,1985.1495030165877,1983.5593589942146,1984.6489053760574
2024-01-09 20:15:00+00:00,1984.6489053760574,1985.58154727242,1984.1513590242428,1984.6223501791287
2024-01-09 20:20:00+00:00,1984.6223501791287,1985.436788020994,1984.3269940548848,1985.3046560053851
2024-01-09 20:25:00+00:00,1985.3046560053851,1986.0627657774044,1984.5773738944727,1985.0717323692575
2024-01-09 20:30:00+00:00,1985.0717323692575,1986.5218646848937,1984.106568595166,1986.282554312009
2024-01-09 20:35:00+00:00,1986.282554312009,1987.3422299648864,1985.9546763228088,1986.46542536764
2024-01-09 20:40:00+00:00,1986.46542536764,1987.6780062628393,1985.6878284649958,1987.2391777728374
2024-01-09 20:45:00+00:00,1987.2391777728374,1987.6871601824585,1986.2157882445488,1986.5661777075638
2024-01-09 20:50:00+00:00,1986.5661777075638,1987.0105693456287,1985.9809822351237,1986.4403733818308
2024-01-09 20:55:00+00:00,1986.4403733818308,1987.2349424969395,1985.700552800013,1986.8987629079274
2024-01-09 21:00:00+00:00,1986.8987629079274,1987.5938697543734,1985.4984541260385,1986.1707135054635
2024-01-09 21:05:00+00:00,1986.1707135054635,1986.9838200434356,1985.2344160566483,1985.6987825319416
2024-01-09 21:10:00+00:00,1985.6987825319416,1986.6560411482112,1985.5656306726155,1985.7725688437167
2024-01-09 21:15:00+00:00,1985.7725688437167,1987.5584021442528,1985.5537276430252,1986.8938431863664
2024-01-09 21:20:00+00:00,1986.8938431863664,1988.5865166141941,1986.6809361001547,1987.6981112073786
2024-01-09 21:25:00+00:00,1987.6981112073786,1989.5000953644385,1987.557397023635,1988.6304695413091
2024-01-09 21:30:00+00:00,1988.6304695413091,1989.7604538313192,1988.3337196089108,1989.0216374727681
2024-01-09 21:35:00+00:00,1989.0216374727681,1990.5831101906483,1988.887543050402,1989.950767943764
2024-01-09 21:40:00+00:00,1989.950767943764,1991.9326037629965,1989.006821508698,1991.454202164135
2024-01-09 21:45:00+00:00,1991.454202164135,1992.1305906508535,1990.75687213036,1991.7218822940624
2024-01-09 21:50:00+00:00,1991.7218822940624,1993.2238449605952,1991.4402362222254,1992.2294817048949
2024-01-09 21:55:00+00:00,1992.2294817048949,1993.0150169126612,1991.6191402113843,1992.8701547154014
2024-01-09 22:00:00+00:00,1992.8701547154014,1993.7264287972375,1990.3892087568029,1991.1833383494286
2024-01-09 22:05:00+00:00,1991.1833383494286,1991.3726590966878,1990.6033158649445,1991.2075946057032
2024-01-09 22:10:00+00:00,1991.2075946057032,1992.054460465813,1990.5958953969177,1991.6966995899372
2024-01-09 22:15:00+00:00,1991.6966995899372,1992.6937075976932,1991.1618310069164,1992.4874140028307
2024-01-09 22:20:00+00:00,1992.4874140028307,1992.8301639960628,1991.5222258761569,1992.3098918211506
2024-01-09 22:25:00+00:00,1992.3098918211506,1993.8802873737445,1992.0074670186393,1993.2981343535241
2024-01-09 22:30:00+00:00,1993.2981343535241,1993.6179167394603,1992.259167921955,1992.8318341043323
2024-01-09 22:35:00+00:00,1992.8318341043323,1993.043971616529,1992.3753962744236,1992.781923250251
2024-01-09 22:40:00+00:00,1992.781923250251,1994.9181869963763,1991.8533341037926,1994.4041638194042
2024-01-09 22:45:00+00:00,1994.4041638194042,1995.0256225320775,1993.1717297584046,1993.2953560686733
2024-01-09 22:50:00+00:00,1993.2953560686733,1994.2524212833196,1992.5543886121952,1993.3289711211878
2024-01-09 22:55:00+00:00,1993.3289711211878,1993.587637454533,1993.1283134536657,1993.2987927792633
2024-01-09 23:00:00+00:00,1993.2987927792633,1994.0359223777996,1992.8282478153121,1993.3182344957454
2024-01-09 23:05:00+00:00,1993.3182344957454,1993.5407896991103,1992.2129677557894,1992.9370213929885
2024-01-09 23:10:00+00:00,1992.9370213929885,1994.41688040169,1992.1666421099665,1993.6185331433314
2024-01-09 23:15:00+00:00,1993.6185331433314,1993.7655949049122,1991.8798880883255,1992.7509229014206
2024-01-09 23:20:00+00:00,1992.7509229014206,1993.344621074082,1990.9318792036634,1991.655677702292
2024-01-09 23:25:00+00:00,1991.655677702292,1993.0089646989036,1991.1423764130138,1992.1790166644885
2024-01-09 23:30:00+00:00,1992.1790166644885,1992.5352403957008,1990.8359327633889,1991.1958795798919
2024-01-09 23:35:00+00:00,1991.1958795798919,1991.823490097889,1990.7476211852445,1991.6203120276966
2024-01-09 23:40:00+00:00,1991.6203120276966,1992.3295637464955,1990.833402172674,1991.7252082535692
2024-01-09 23:45:00+00:00,1991.7252082535692,1992.0618351683197,1990.611081293328,1991.19229377045
2024-01-09 23:50:00+00:00,1991.19229377045,1991.7145937868424,1990.4039514691458,1990.9642842248659
2024-01-09 23:55:00+00:00,1990.9642842248659,1991.889308969312,1990.6117246296442,1990.9556567469679
2024-01-10 00:00:00+00:00,1990.9556567469679,1991.7854349416702,1990.7876043317287,1991.4379059074372
2024-01-10 00:05:00+00:00,1991.4379059074372,1992.2923471374615,1990.5684639092642,1990.9458107673554
2024-01-10 00:10:00+00:00,1990.9458107673554,1991.5558754433953,1990.5319115203008,1990.8313145110264
2024-01-10 00:15:00+00:00,1990.8313145110264,1991.8110578886124,1989.4647641951472,1989.6153778834007
2024-01-10 00:20:00+00:00,1989.6153778834007,1990.196951477449,1989.2800561266852,1989.4387062850503
2024-01-10 00:25:00+00:00,1989.4387062850503,1990.0305373456233,1987.613499768683,1987.781343390867
2024-01-10 00:30:00+00:00,1987.781343390867,1988.007978906154,1986.8416407848192,1987.8055900216082
2024-01-10 00:35:00+00:00,1987.8055900216082,1988.5805845691746,1987.1333015541502,1987.459185109891
2024-01-10 00:40:00+00:00,1987.459185109891,1990.3528060667868,1987.3309973977664,1989.4022834037
2024-01-10 00:45:00+00:00,1989.4022834037,1990.7180788652756,1988.9204632276917,1990.6164142590321
2024-01-10 00:50:00+00:00,1990.6164142590321,1991.1749542310913,1990.1643945868616,1990.5379995689473
2024-01-10 00:55:00+00:00,1990.5379995689473,1991.6012908901,1990.4375837248901,1991.4452615728192
2024-01-10 01:00:00+00:00,1991.4452615728192,1991.8574340251712,1990.9734195956821,1991.752862378752
2024-01-10 01:05:00+00:00,1991.752862378752,1991.9087090863013,1990.4764513719106,1990.771207053016
2024-01-10 01:10:00+00:00,1990.771207053016,1991.735766799903,1988.4949519974293,1988.639227159077
2024-01-10 01:15:00+00:00,1988.639227159077,1990.0073588498212,1987.8629370048238,1989.6825887171499
2024-01-10 01:20:00+00:00,1989.6825887171499,1990.4228445721067,1988.749496226159,1990.0772794558206
2024-01-10 01:25:00+00:00,1990.0772794558206,1990.8337639804668,1987.9268300143294,1988.3613970754259
2024-01-10 01:30:00+00:00,1988.3613970754259,1989.2957956266114,1987.949878089807,1988.9752446947005
2024-01-10 01:35:00+00:00,1988.9752446947005,1990.512133610785,1988.0583665286108,1989.8363519474594
2024-01-10 01:40:00+00:00,1989.8363519474594,1990.5791084124971,1988.9415573823012,1989.2598903117603
2024-01-10 01:45:00+00:00,1989.2598903117603,1990.7058678824505,1989.1184048853252,1990.0073638330775
2024-01-10 01:50:00+00:00,1990.0073638330775,1990.351663046343,1987.4964932610665,1988.4960789225074
2024-01-10 01:55:00+00:00,1988.4960789225074,1988.6805937579284,1987.8299808228594,1988.333923290545
2024-01-10 02:00:00+00:00,1988.333923290545,1989.1049920765504,1987.3407410765863,1988.3994379454862
2024-01-10 02:05:00+00:00,1988.3994379454862,1989.4521636464563,1987.6348324560506,1989.1359820975924
2024-01-10 02:10:00+00:00,1989.1359820975924,1990.5062077025282,1988.4121599090702,1989.5265686878306
2024-01-10 02:15:00+00:00,1989.5265686878306,1990.4877175512922,1988.7342580042493,1989.7580722965868
2024-01-10 02:20:00+00:00,1989.7580722965868,1990.920357539492,1989.268324639163,1990.2887472304844
2024-01-10 02:25:00+00:00,1990.2887472304844,1990.725728400685,1988.9441957808876,1989.730587807637
2024-01-10 02:30:00+00:00,1989.730587807637,1991.627226272762,1988.9459852400091,1991.090173553711
2024-01-10 02:35:00+00:00,1991.090173553711,1991.300148638617,1990.4561617217548,1990.812868676969
2024-01-10 02:40:00+00:00,1990.812868676969,1992.0746595033386,1990.3912186168866,1991.5555404159309
2024-01-10 02:45:00+00:00,1991.5555404159309,1991.8019066247634,1990.9977552210025,1991.5799962735944
2024-01-10 02:50:00+00:00,1991.5799962735944,1991.8570596615841,1990.870568655845,1991.3859410689724
2024-01-10 02:55:00+00:00,1991.3859410689724,1992.9244885935718,1990.919837224655,1991.9397424376189
2024-01-10 03:00:00+00:00,1991.9397424376189,1992.5132613540059,1991.0109583320277,1992.3678635732044
2024-01-10 03:05:00+00:00,1992.3678635732044,1993.778837523284,1992.1947206914067,1993.6026357742116
2024-01-10 03:10:00+00:00,1993.6026357742116,1994.914418596553,1993.254543799701,1994.5951026435941
2024-01-10 03:15:00+00:00,1994.5951026435941,1995.4032539595798,1993.4018377698671,1994.1105264127684
2024-01-10 03:20:00+00:00,1994.1105264127684,1995.2475166152585,1993.4386897878605,1994.5873793331216
2024-01-10 03:25:00+00:00,1994.5873793331216,1995.6605215918894,1994.1999761660188,1994.7053362310269
2024-01-10 03:30:00+00:00,1994.7053362310269,1995.4241969884172,1993.0679156447568,1994.0154985538707
2024-01-10 03:35:00+00:00,1994.0154985538707,1994.2576515196338,1992.38768998576,1993.0513085911373
2024-01-10 03:40:00+00:00,1993.0513085911373,1993.5039220991712,1992.7992641401356,1993.3060881122765
2024-01-10 03:45:00+00:00,1993.3060881122765,1994.078974170594,1992.2264192156085,1992.8501803752144
2024-01-10 03:50:00+00:00,1992.8501803752144,1993.4421328792087,1990.8928030158659,1991.6276447896082
2024-01-10 03:55:00+00:00,1991.6276447896082,1992.508146728606,1990.7275415753134,1991.567288295499
2024-01-10 04:00:00+00:00,1991.567288295499,1992.6214321104178,1990.7314544681328,1991.790704467089
2024-01-10 04:05:00+00:00,1991.790704467089,1992.4553405149056,1991.6816546647055,1991.9043718507041
2024-01-10 04:10:00+00:00,1991.9043718507041,1992.5427798292662,1989.9363455305477,1990.8442654077924
2024-01-10 04:15:00+00:00,1990.8442654077924,1991.6226826787838,1989.885869807746,1990.3460516446949
2024-01-10 04:20:00+00:00,1990.3460516446949,1991.8789245865312,1989.768269516758,1991.6004937440705
2024-01-10 04:25:00+00:00,1991.6004937440705,1991.7615887962431,1990.7309308824101,1990.9303836939448
2024-01-10 04:30:00+00:00,1990.9303836939448,1991.0462052683856,1989.9842858832526,1990.6583737488322
2024-01-10 04:35:00+00:00,1990.6583737488322,1993.031589026761,1990.525903180766,1992.7536780519663
2024-01-10 04:40:00+00:00,1992.7536780519663,1993.3722900897994,1992.5961284784635,1993.088004222946
2024-01-10 04:45:00+00:00,1993.088004222946,1993.3471256864354,1991.9657772293176,1992.656506467782
2024-01-10 04:50:00+00:00,1992.656506467782,1993.2339291931414,1990.1579046383688,1990.9265019592308
2024-01-10 04:55:00+00:00,1990.9265019592308,1992.0375805400174,1990.4155321001538,1991.222827482301
2024-01-10 05:00:00+00:00,1991.222827482301,1991.7856351359235,1989.4049590045481,1989.9906520202562
2024-01-10 05:05:00+00:00,1989.9906520202562,1990.3452014705558,1989.586854927024,1989.9847293492915
2024-01-10 05:10:00+00:00,1989.9847293492915,1990.8358950517625,1989.077150533625,1989.2208792097165
2024-01-10 05:15:00+00:00,1989.2208792097165,1989.586082910196,1987.5171302034148,1987.7301220509655
2024-01-10 05:20:00+00:00,1987.7301220509655,1989.6647766251576,1987.4788916387156,1989.2314413917195
2024-01-10 05:25:00+00:00,1989.2314413917195,1989.50036980411,1989.0418293977593,1989.1490728550912
2024-01-10 05:30:00+00:00,1989.1490728550912,1990.3297601897352,1988.59838709792,1989.9885244060774
2024-01-10 05:35:00+00:00,1989.9885244060774,1990.7865537239734,1989.0530598783523,1990.665075023511
2024-01-10 05:40:00+00:00,1990.665075023511,1991.423720680189,1989.0845870038163,1990.0186350433626
2024-01-10 05:45:00+00:00,1990.0186350433626,1990.2421090709593,1989.5993810606183,1990.1087993645592
2024-01-10 05:50:00+00:00,1990.1087993645592,1990.6022025554923,1988.8300909393195,1989.7971163014213
2024-01-10 05:55:00+00:00,1989.7971163014213,1991.2795426241707,1989.3261792724584,1990.6737709468798
2024-01-10 06:00:00+00:00,1990.6737709468798,1991.5170343511797,1990.045345404744,1991.0696017944488
2024-01-10 06:05:00+00:00,1991.0696017944488,1991.9310949821777,1989.8094339726956,1990.758512378013
2024-01-10 06:10:00+00:00,1990.758512378013,1992.7130391212634,1990.0623746889653,1992.2585520881169
2024-01-10 06:15:00+00:00,1992.2585520881169,1993.0951398919908,1991.6070031553008,1992.7324169654466
2024-01-10 06:20:00+00:00,1992.7324169654466,1994.0640717039057,1992.017337115735,1993.1547200286097
2024-01-10 06:25:00+00:00,1993.1547200286097,1993.6558484690509,1992.260508320819,1992.4565965010818
2024-01-10 06:30:00+00:00,1992.4565965010818,1993.7746798411865,1992.1018103578322,1992.8292920518775
2024-01-10 06:35:00+00:00,1992.8292920518775,1993.5372632628425,1990.9444268542309,1991.5170078637884
2024-01-10 06:40:00+00:00,1991.5170078637884,1992.5640201944504,1990.9204274659744,1991.9384644638549
2024-01-10 06:45:00+00:00,1991.9384644638549,1992.3281575796618,1990.9979386296782,1991.1021653221233
2024-01-10 06:50:00+00:00,1991.1021653221233,1991.8027823835193,1990.9819761622653,1991.27238145623
2024-01-10 06:55:00+00:00,1991.27238145623,1991.4002552535883,1990.1374923037763,1991.0276833545522
2024-01-10 07:00:00+00:00,1991.0276833545522,1992.233773613562,1990.0323408636264,1991.2379858392321
2024-01-10 07:05:00+00:00,1991.2379858392321,1992.5354830035662,1990.8648317664713,1991.5641106310625
2024-01-10 07:10:00+00:00,1991.5641106310625,1991.9583175932103,1991.0561651131725,1991.5160640085858
2024-01-10 07:15:00+00:00,1991.5160640085858,1991.9310114462492,1990.759827735805,1991.4689026248209
2024-01-10 07:20:00+00:00,1991.4689026248209,1992.1012684321045,1989.710985708863,1990.1324561395425
2024-01-10 07:25:00+00:00,1990.1324561395425,1990.9148448575868,1987.4649843944999,1988.426006749853
2024-01-10 07:30:00+00:00,1988.426006749853,1990.0439283721385,1987.8232720980625,1989.5631133667446
2024-01-10 07:35:00+00:00,1989.5631133667446,1990.6914623702244,1989.1482361803016,1990.0813757756325
2024-01-10 07:40:00+00:00,1990.0813757756325,1990.3152083853026,1988.4331238744794,1988.7518190162762
2024-01-10 07:45:00+00:00,1988.7518190162762,1990.5748166099895,1988.0753578560696,1990.4717808426583
2024-01-10 07:50:00+00:00,1990.4717808426583,1990.772799801977,1989.2599695090541,1989.8305036313698
2024-01-10 07:55:00+00:00,1989.8305036313698,1990.8466105617579,1989.2893950505975,1990.29204952441
2024-01-10 08:00:00+00:00,1990.29204952441,1991.3503263376551,1990.1103708967007,1990.6764375534256
2024-01-10 08:05:00+00:00,1990.6764375534256,1991.2187212591134,1989.7584632198243,1990.7758188040498
2024-01-10 08:10:00+00:00,1990.7758188040498,1992.0123454002892,1990.0418867281364,1991.3251231837803
2024-01-10 08:15:00+00:00,1991.3251231837803,1992.3000138789157,1989.490405790934,1990.090276725903
2024-01-10 08:20:00+00:00,1990.090276725903,1990.691255261024,1989.8070954068678,1990.0594328750828
2024-01-10 08:25:00+00:00,1990.0594328750828,1990.5704987189383,1989.4553433734893,1989.8324669784147
2024-01-10 08:30:00+00:00,1989.8324669784147,1990.469043003347,1989.4769445539296,1989.9129578390537
2024-01-10 08:35:00+00:00,1989.9129578390537,1990.1562788477656,1989.3020736369913,1989.6678830957894
2024-01-10 08:40:00+00:00,1989.6678830957894,1990.126752707787,1988.7911351878547,1989.0917113675598
2024-01-10 08:45:00+00:00,1989.0917113675598,1989.5169096983095,1987.7546871350191,1988.4353485562597
2024-01-10 08:50:00+00:00,1988.4353485562597,1989.4352646102175,1987.4847710042827,1989.2332430515498
2024-01-10 08:55:00+00:00,1989.2332430515498,1989.567761447229,1987.6430892631379,1988.4717286953207
2024-01-10 09:00:00+00:00,1988.4717286953207,1989.5068310569616,1987.8800668153497,1988.799630680116
2024-01-10 09:05:00+00:00,1988.799630680116,1989.6292786805875,1988.6474738636962,1989.116212431087
2024-01-10 09:10:00+00:00,1989.116212431087,1989.8992638917791,1988.0613191839755,1989.0297918517867
2024-01-10 09:15:00+00:00,1989.0297918517867,1989.7240948546041,1988.4466057084733,1989.4125146681995
2024-01-10 09:20:00+00:00,1989.4125146681995,1990.0368245358288,1988.6980642192411,1989.9020836926486
2024-01-10 09:25:00+00:00,1989.9020836926486,1990.179766068448,1988.9475939362355,1989.4248347113153
2024-01-10 09:30:00+00:00,1989.4248347113153,1990.1639043170399,1989.1160711090424,1989.7290750016655
2024-01-10 09:35:00+00:00,1989.7290750016655,1991.6430415045124,1989.1222393453345,1991.4457649613264
2024-01-10 09:40:00+00:00,1991.4457649613264,1992.1209319886234,1990.1616696918381,1990.483639341937
2024-01-10 09:45:00+00:00,1990.483639341937,1991.0055754423645,1989.2734033721024,1990.21316463656
2024-01-10 09:50:00+00:00,1990.21316463656,1990.686041681632,1988.770511870381,1989.5246219324422
2024-01-10 09:55:00+00:00,1989.5246219324422,1991.7472508007393,1989.2925412749594,1991.3128267077918
2024-01-10 10:00:00+00:00,1991.3128267077918,1992.209202672383,1989.6009370877277,1990.0520131897035
2024-01-10 10:05:00+00:00,1990.0520131897035,1990.8204849228944,1989.9242798609555,1990.0600843043737
2024-01-10 10:10:00+00:00,1990.0600843043737,1991.6802582794758,1989.439698620123,1990.898006137268
2024-01-10 10:15:00+00:00,1990.898006137268,1991.6812906463927,1989.4339522682988,1990.1183236563875
2024-01-10 10:20:00+00:00,1990.1183236563875,1990.454236893556,1989.850361079503,1989.997610319676
2024-01-10 10:25:00+00:00,1989.997610319676,1990.3718872505783,1988.620700903997,1989.358536683149
2024-01-10 10:30:00+00:00,1989.358536683149,1989.57987122182,1988.0119186457205,1988.1538491271422
2024-01-10 10:35:00+00:00,1988.1538491271422,1988.485530826578,1987.7462102115765,1988.0916113877197
2024-01-10 10:40:00+00:00,1988.0916113877197,1988.8535698218423,1987.8880942478581,1988.5371871634175
2024-01-10 10:45:00+00:00,1988.5371871634175,1989.271323445661,1987.407432126678,1988.180313300534
2024-01-10 10:50:00+00:00,1988.180313300534,1988.7183840475561,1987.53896374341,1988.3288214470922
2024-01-10 10:55:00+00:00,1988.3288214470922,1989.5690805520642,1987.7313151425699,1988.944591448663
2024-01-10 11:00:00+00:00,1988.944591448663,1990.6738081625326,1988.780166444398,1990.0194429504668
2024-01-10 11:05:00+00:00,1990.0194429504668,1990.1464975087304,1988.1799793282228,1988.910041508788
2024-01-10 11:10:00+00:00,1988.910041508788,1990.2637605629661,1988.7850272989967,1989.4618742329176
2024-01-10 11:15:00+00:00,1989.4618742329176,1990.0282839695974,1988.7147979210667,1988.904451048821
2024-01-10 11:20:00+00:00,1988.904451048821,1989.1630134925426,1986.3392714946513,1987.2104756923918
2024-01-10 11:25:00+00:00,1987.2104756923918,1987.9088311943226,1986.015095104551,1986.511998063542
2024-01-10 11:30:00+00:00,1986.511998063542,1987.5258794475646,1985.8976320952552,1987.089633098421
2024-01-10 11:35:00+00:00,1987.089633098421,1987.5137825449438,1986.1577734519383,1987.3669735369726
2024-01-10 11:40:00+00:00,1987.3669735369726,1987.5071499319738,1986.0435310084165,1986.3817562231573
2024-01-10 11:45:00+00:00,1986.3817562231573,1988.4198372782566,1986.1722589628587,1987.8272467201584
2024-01-10 11:50:00+00:00,1987.8272467201584,1988.813247311514,1986.94791265036,1988.190713146215
2024-01-10 11:55:00+00:00,1988.190713146215,1988.946031661601,1987.9440993809774,1988.1301926752778
2024-01-10 12:00:00+00:00,1988.1301926752778,1988.4116321128222,1986.6849322498913,1987.6441395433283
2024-01-10 12:05:00+00:00,1987.6441395433283,1988.6209878259187,1987.2686714208098,1988.0206898301342
2024-01-10 12:10:00+00:00,1988.0206898301342,1988.5636248477342,1987.1463418395417,1987.673419646787
2024-01-10 12:15:00+00:00,1987.673419646787,1989.0839285095783,1987.1680949286763,1988.6942654899972
2024-01-10 12:20:00+00:00,1988.6942654899972,1989.7545775369556,1987.8854286541646,1988.9773251775166
2024-01-10 12:25:00+00:00,1988.9773251775166,1990.2050148447422,1988.1912702946952,1989.5313113175666
2024-01-10 12:30:00+00:00,1989.5313113175666,1990.5153568989035,1988.4587656608758,1989.25781287501
2024-01-10 12:35:00+00:00,1989.25781287501,1989.635790985694,1987.486547094825,1987.9320416207058
2024-01-10 12:40:00+00:00,1987.9320416207058,1989.1568946786047,1987.8133553174416,1988.4071466309001
2024-01-10 12:45:00+00:00,1988.4071466309001,1989.0584970016962,1987.3416788880163,1987.5023977930673
2024-01-10 12:50:00+00:00,1987.5023977930673,1987.722104559312,1986.5744361583218,1987.4085377671531
2024-01-10 12:55:00+00:00,1987.4085377671531,1987.7070012337792,1986.5403617295817,1987.3975027498325
2024-01-10 13:00:00+00:00,1987.3975027498325,1988.393067220714,1986.2169971689752,1986.6980530120616
2024-01-10 13:05:00+00:00,1986.6980530120616,1988.2035675520551,1985.8095633444022,1987.497736737177
2024-01-10 13:10:00+00:00,1987.497736737177,1987.9214227224331,1985.9836283576467,1986.2174188457118
2024-01-10 13:15:00+00:00,1986.2174188457118,1987.7843651040935,1985.3895662632035,1987.5570419792125
2024-01-10 13:20:00+00:00,1987.5570419792125,1987.8790993510322,1986.155068704642,1987.0286696988162
2024-01-10 13:25:00+00:00,1987.0286696988162,1988.6143315123447,1986.4465796824747,1987.8946653200576
2024-01-10 13:30:00+00:00,1987.8946653200576,1989.4355591531798,1987.3059680277313,1989.0559662141989
2024-01-10 13:35:00+00:00,1989.0559662141989,1989.5689548380656,1987.500276662522,1988.2842677427805
2024-01-10 13:40:00+00:00,1988.2842677427805,1989.278936700323,1987.4395598458932,1987.6261036363132
2024-01-10 13:45:00+00:00,1987.6261036363132,1989.4292053266356,1987.319780298494,1988.4704855802697
2024-01-10 13:50:00+00:00,1988.4704855802697,1989.6243245741946,1988.0135518510274,1988.6394854946795
2024-01-10 13:55:00+00:00,1988.6394854946795,1989.0281780827024,1987.8487829002647,1988.715041063395
2024-01-10 14:00:00+00:00,1988.715041063395,1988.9814971604078,1986.10689775694,1987.077028260625
2024-01-10 14:05:00+00:00,1987.077028260625,1987.44509289704,1985.106270719272,1985.6067670588673
2024-01-10 14:10:00+00:00,1985.6067670588673,1986.496883143097,1985.4418918765737,1986.0897923512441
2024-01-10 14:15:00+00:00,1986.0897923512441,1987.859555858973,1985.13752941127,1987.376930575204
2024-01-10 14:20:00+00:00,1987.376930575204,1988.362072788241,1986.2885688714373,1986.7434674479262
2024-01-10 14:25:00+00:00,1986.7434674479262,1987.390212344745,1985.482139148399,1985.9703147533348
2024-01-10 14:30:00+00:00,1985.9703147533348,1986.408692014196,1985.674564768781,1986.159427683515
2024-01-10 14:35:00+00:00,1986.159427683515,1987.2031580471134,1985.4226029795122,1986.5768514502026
2024-01-10 14:40:00+00:00,1986.5768514502026,1987.9839887050466,1986.1894057864438,1987.0822549229435
2024-01-10 14:45:00+00:00,1987.0822549229435,1987.354671828152,1985.8863671186537,1986.6898035863032
2024-01-10 14:50:00+00:00,1986.6898035863032,1986.9775187485175,1984.7253417385614,1984.9501021051772
2024-01-10 14:55:00+00:00,1984.9501021051772,1986.7749971127698,1984.3222629471768,1986.257086600779
2024-01-10 15:00:00+00:00,1986.257086600779,1986.901282199841,1984.9358341108405,1985.814393874288
2024-01-10 15:05:00+00:00,1985.814393874288,1987.5977063050852,1985.6055982125242,1986.9406469565488
2024-01-10 15:10:00+00:00,1986.9406469565488,1987.6265238728786,1984.331966109305,1985.1614285839387
2024-01-10 15:15:00+00:00,1985.1614285839387,1986.391243309483,1984.370036230265,1985.495333367802
2024-01-10 15:20:00+00:00,1985.495333367802,1986.0348246949352,1984.793313290344,1985.0498553652312
2024-01-10 15:25:00+00:00,1985.0498553652312,1985.3543808042643,1983.938230522952,1984.08080777574
2024-01-10 15:30:00+00:00,1984.08080777574,1985.280866806729,1983.4658958767423,1984.9508626956747
2024-01-10 15:35:00+00:00,1984.9508626956747,1986.395282162132,1984.6569515389108,1986.1075853927591
2024-01-10 15:40:00+00:00,1986.1075853927591,1986.7082696227283,1985.1073315370331,1985.5851810994222
2024-01-10 15:45:00+00:00,1985.5851810994222,1986.991970487721,1985.0611757318618,1986.1654275094472
2024-01-10 15:50:00+00:00,1986.1654275094472,1986.762731154562,1984.961656011723,1985.206393447058
2024-01-10 15:55:00+00:00,1985.206393447058,1985.3356807810674,1983.7334037619944,1984.655350448104
2024-01-10 16:00:00+00:00,1984.655350448104,1984.774195356785,1983.7332971994986,1984.4378361164477
2024-01-10 16:05:00+00:00,1984.4378361164477,1984.5870815944156,1983.3745608783927,1984.1290685368933
2024-01-10 16:10:00+00:00,1984.1290685368933,1985.1922158309414,1983.4535666160075,1984.7016578067132
2024-01-10 16:15:00+00:00,1984.7016578067132,1985.3327372677675,1982.6814645304107,1983.6249052002074
2024-01-10 16:20:00+00:00,1983.6249052002074,1984.9632638303647,1982.8705454351887,1984.4920682394163
2024-01-10 16:25:00+00:00,1984.4920682394163,1986.2201601657562,1984.08292898247,1985.3576662829728
2024-01-10 16:30:00+00:00,1985.3576662829728,1986.2015334803896,1985.0539968608855,1985.1648961479314
2024-01-10 16:35:00+00:00,1985.1648961479314,1985.5027351680635,1983.165037289263,1984.1085903817445
2024-01-10 16:40:00+00:00,1984.1085903817445,1984.8095288140657,1981.6485771094256,1981.9859314504677
2024-01-10 16:45:00+00:00,1981.9859314504677,1982.4145933046957,1981.8212711004921,1981.9313689628511
2024-01-10 16:50:00+00:00,1981.9313689628511,1982.3742749345727,1980.4773838456642,1981.293385063031
2024-01-10 16:55:00+00:00,1981.293385063031,1982.1818596110322,1980.987569760584,1981.3866294513398
2024-01-10 17:00:00+00:00,1981.3866294513398,1981.5240212923097,1979.4483767886882,1980.4458114952163
2024-01-10 17:05:00+00:00,1980.4458114952163,1980.758109663259,1979.4476860543332,1980.449940726826
2024-01-10 17:10:00+00:00,1980.449940726826,1980.9740831037252,1979.7423714829324,1980.396736674678
2024-01-10 17:15:00+00:00,1980.396736674678,1981.2864205398766,1980.1073536662607,1980.4085296876538
2024-01-10 17:20:00+00:00,1980.4085296876538,1981.3833431253843,1980.1931699028205,1980.665229739434
2024-01-10 17:25:00+00:00,1980.665229739434,1981.7335302620436,1980.4382893472186,1980.9274802880705
2024-01-10 17:30:00+00:00,1980.9274802880705,1982.7095887939254,1980.4908376855112,1981.7949532425748
2024-01-10 17:35:00+00:00,1981.7949532425748,1982.5890964679072,1980.3749312765306,1981.0980839024955
2024-01-10 17:40:00+00:00,1981.0980839024955,1982.2715355484886,1980.4152896865828,1981.7424639164317
2024-01-10 17:45:00+00:00,1981.7424639164317,1982.2086594398563,1981.3835989518811,1981.88776212142
2024-01-10 17:50:00+00:00,1981.88776212142,1982.0897677709195,1981.074075536799,1981.5175065802962
2024-01-10 17:55:00+00:00,1981.5175065802962,1981.9478502134612,1980.141990908084,1980.6320075235922
2024-01-10 18:00:00+00:00,1980.6320075235922,1982.2683029660157,1979.6437913432615,1981.9347642149355
2024-01-10 18:05:00+00:00,1981.9347642149355,1983.0534634926971,1981.4290790358102,1982.150979318441
2024-01-10 18:10:00+00:00,1982.150979318441,1982.729315655687,1981.0459289764794,1981.6938455513496
2024-01-10 18:15:00+00:00,1981.6938455513496,1982.7184153819323,1981.4889065103787,1981.7620180522713
2024-01-10 18:20:00+00:00,1981.7620180522713,1982.0602953966622,1980.8981643712798,1981.769855976782
2024-01-10 18:25:00+00:00,1981.769855976782,1982.306953395308,1981.126656963614,1981.3077072474946
2024-01-10 18:30:00+00:00,1981.3077072474946,1982.1584217198692,1979.9390038222698,1980.083039782478
2024-01-10 18:35:00+00:00,1980.083039782478,1980.788958677004,1979.3840477153292,1980.2233337253035
2024-01-10 18:40:00+00:00,1980.2233337253035,1981.180377633552,1979.8682283861162,1980.0823078615315
2024-01-10 18:45:00+00:00,1980.0823078615315,1980.3496620373364,1979.6681972509173,1979.8353697488808
2024-01-10 18:50:00+00:00,1979.8353697488808,1981.3631894285709,1979.692620122158,1980.716546557237
2024-01-10 18:55:00+00:00,1980.716546557237,1981.698324708914,1978.8778008989416,1979.5524461022014
2024-01-10 19:00:00+00:00,1979.5524461022014,1979.7464401336347,1978.5454956648077,1978.7075015300725
2024-01-10 19:05:00+00:00,1978.7075015300725,1979.4962550451912,1978.3488955777366,1978.8551863468683
2024-01-10 19:10:00+00:00,1978.8551863468683,1979.9283130381032,1978.2390638497545,1979.601856308461
2024-01-10 19:15:00+00:00,1979.601856308461,1981.1497402331534,1978.9487913993746,1980.150946005454
2024-01-10 19:20:00+00:00,1980.150946005454,1980.9211458103537,1979.4558262081666,1980.803285849639
2024-01-10 19:25:00+00:00,1980.803285849639,1980.9074355406754,1978.3834408272849,1978.8509048233016
2024-01-10 19:30:00+00:00,1978.8509048233016,1979.9281125904138,1978.666894185206,1979.2977648585374
2024-01-10 19:35:00+00:00,1979.2977648585374,1979.909372152008,1979.0767703948331,1979.6741610219683
2024-01-10 19:40:00+00:00,1979.6741610219683,1980.8024643152671,1979.4953338590706,1980.2875002395729
2024-01-10 19:45:00+00:00,1980.2875002395729,1981.2328267456357,1978.8105362124736,1979.6813197712904
2024-01-10 19:50:00+00:00,1979.6813197712904,1980.7994468442746,1978.941031827172,1980.140759916637
2024-01-10 19:55:00+00:00,1980.140759916637,1981.4111477375861,1979.9153239894683,1981.0387867186996
2024-01-10 20:00:00+00:00,1981.0387867186996,1982.851268707371,1980.1759837826537,1982.4735058721576
2024-01-10 20:05:00+00:00,1982.4735058721576,1983.1369680954226,1982.2626195806902,1982.7058000516035
2024-01-10 20:10:00+00:00,1982.7058000516035,1983.1259233652424,1980.802077336327,1981.5302780120319
2024-01-10 20:15:00+00:00,1981.5302780120319,1982.3633294660572,1981.0827379539742,1981.5866698202751
2024-01-10 20:20:00+00:00,1981.5866698202751,1982.7357993942435,1981.4641759490462,1982.1678501712938
2024-01-10 20:25:00+00:00,1982.1678501712938,1983.5338069828158,1981.8232522395379,1982.6325258937188
2024-01-10 20:30:00+00:00,1982.6325258937188,1984.6531536018817,1981.8973935187055,1984.3435928966796
2024-01-10 20:35:00+00:00,1984.3435928966796,1985.1513586468996,1983.6391954913347,1984.1737208887441
2024-01-10 20:40:00+00:00,1984.1737208887441,1984.522163233089,1982.4704090974615,1983.2771403314941
2024-01-10 20:45:00+00:00,1983.2771403314941,1983.8417704857093,1981.9720357648036,1982.7203674376494
2024-01-10 20:50:00+00:00,1982.7203674376494,1983.975324074331,1982.1522155059238,1983.3136786426596
2024-01-10 20:55:00+00:00,1983.3136786426596,1983.8568319345104,1982.384388900041,1982.6102873739057
2024-01-10 21:00:00+00:00,1982.6102873739057,1983.1757668840191,1981.5083082270544,1981.6931465919095
2024-01-10 21:05:00+00:00,1981.6931465919095,1982.1549551681137,1980.5335505524345,1980.9590543384822
2024-01-10 21:10:00+00:00,1980.9590543384822,1982.7716213047922,1980.6960505738634,1982.0438352570075
2024-01-10 21:15:00+00:00,1982.0438352570075,1982.786515089811,1981.3765007899005,1982.2652923030619
2024-01-10 21:20:00+00:00,1982.2652923030619,1982.5589457643496,1981.6561818226523,1981.9762835924819
2024-01-10 21:25:00+00:00,1981.9762835924819,1983.7291101177004,1981.2449664355227,1982.7419050077299
2024-01-10 21:30:00+00:00,1982.7419050077299,1984.234556590299,1982.418035998108,1983.3634771889335
2024-01-10 21:35:00+00:00,1983.3634771889335,1983.5306615909042,1982.1374322402633,1982.5074222787398
2024-01-10 21:40:00+00:00,1982.5074222787398,1983.6265954816245,1981.7738297454841,1983.2573075225457
2024-01-10 21:45:00+00:00,1983.2573075225457,1984.1535761456657,1982.6371406292496,1983.4850034470262
2024-01-10 21:50:00+00:00,1983.4850034470262,1984.0893117826142,1981.4969827723196,1981.6627628688295
2024-01-10 21:55:00+00:00,1981.6627628688295,1981.9373369371021,1980.2608065753975,1980.6193988772889
2024-01-10 22:00:00+00:00,1980.6193988772889,1981.2651747623315,1980.134039059621,1980.8632209358545
2024-01-10 22:05:00+00:00,1980.8632209358545,1981.5924196246895,1980.7229489682052,1981.3075957939093
2024-01-10 22:10:00+00:00,1981.3075957939093,1981.454140995715,1980.852478298692,1981.0646689600262
2024-01-10 22:15:00+00:00,1981.0646689600262,1981.9863839760528,1979.2661107480042,1980.1896426891597
2024-01-10 22:20:00+00:00,1980.1896426891597,1980.8844598180106,1980.0033988509988,1980.4233530051579
2024-01-10 22:25:00+00:00,1980.4233530051579,1980.5817203750962,1977.833376377988,1978.8094724562156
2024-01-10 22:30:00+00:00,1978.8094724562156,1979.8309864970097,1978.479392672604,1979.318138413375
2024-01-10 22:35:00+00:00,1979.318138413375,1979.855658376568,1978.24087769185,1979.1980413667388
2024-01-10 22:40:00+00:00,1979.1980413667388,1979.9817557911242,1978.491008672848,1979.1883162764245
2024-01-10 22:45:00+00:00,1979.1883162764245,1979.7603306563083,1978.1286294651102,1978.6239150421106
2024-01-10 22:50:00+00:00,1978.6239150421106,1980.08254993474,1977.7870543013762,1979.3769139199742
2024-01-10 22:55:00+00:00,1979.3769139199742,1979.6063435035344,1976.4982028380796,1977.3205741792824
2024-01-10 23:00:00+00:00,1977.3205741792824,1977.9676855831349,1976.3926188665714,1976.5652730174486
2024-01-10 23:05:00+00:00,1976.5652730174486,1977.6199924028858,1975.7943601149202,1977.0967128802963
2024-01-10 23:10:00+00:00,1977.0967128802963,1977.9137404904695,1976.0365925813328,1976.4884212497554
2024-01-10 23:15:00+00:00,1976.4884212497554,1978.7825193120534,1975.9736631615876,1977.8065416483244
2024-01-10 23:20:00+00:00,1977.8065416483244,1978.8277584397615,1977.608006097123,1978.2032289998485
2024-01-10 23:25:00+00:00,1978.2032289998485,1978.6241724362833,1976.6029657204194,1977.5436860248938
2024-01-10 23:30:00+00:00,1977.5436860248938,1978.8129068499923,1976.8040747461055,1978.5507226935385
2024-01-10 23:35:00+00:00,1978.5507226935385,1978.6996022405863,1977.6602141126973,1978.4921602841525
2024-01-10 23:40:00+00:00,1978.4921602841525,1979.1901641674738,1978.3589471847895,1979.0347563143075
2024-01-10 23:45:00+00:00,1979.0347563143075,1979.403972929205,1977.5135002445163,1978.5132517955678
2024-01-10 23:50:00+00:00,1978.5132517955678,1979.2202420229526,1977.3179149656635,1978.0072778046042
2024-01-10 23:55:00+00:00,1978.0072778046042,1979.369106067046,1977.2765059104522,1978.6680635387459
2024-01-11 00:00:00+00:00,1978.6680635387459,1979.035191515131,1978.4395809983782,1978.7883357020821
2024-01-11 00:05:00+00:00,1978.7883357020821,1978.9934922807338,1977.3074311196842,1978.1478584305353
2024-01-11 00:10:00+00:00,1978.1478584305353,1978.8576071179555,1976.9589857121032,1977.3991871456649
2024-01-11 00:15:00+00:00,1977.3991871456649,1978.163939496251,1977.015273410755,1978.0110570821848
2024-01-11 00:20:00+00:00,1978.0110570821848,1980.4984025845697,1977.620650887787,1979.6117662059066
2024-01-11 00:25:00+00:00,1979.6117662059066,1980.262280040495,1978.1484547115952,1978.9031619150458
2024-01-11 00:30:00+00:00,1978.9031619150458,1980.0508591160171,1978.7227421265425,1979.5454010088256
2024-01-11 00:35:00+00:00,1979.5454010088256,1980.3086547322223,1976.8823017580953,1976.9995148713128
2024-01-11 00:40:00+00:00,1976.9995148713128,1977.2976509118355,1975.0194909682646,1975.8065448616553
2024-01-11 00:45:00+00:00,1975.8065448616553,1977.1121988962796,1975.4228389700763,1976.4483014877192
2024-01-11 00:50:00+00:00,1976.4483014877192,1978.8705253579967,1975.9407806443894,1977.9021481650946
2024-01-11 00:55:00+00:00,1977.9021481650946,1978.2111671896826,1977.6629220760976,1978.0000320950355
2024-01-11 01:00:00+00:00,1978.0000320950355,1979.034160261184,1977.108068220171,1978.5278981001159
2024-01-11 01:05:00+00:00,1978.5278981001159,1979.2712519885392,1978.3490062673857,1978.8019708900486
2024-01-11 01:10:00+00:00,1978.8019708900486,1980.6796973020762,1978.4129561185475,1979.7425779434793
2024-01-11 01:15:00+00:00,1979.7425779434793,1980.7336751103953,1978.022466683066,1978.8237319440202
2024-01-11 01:20:00+00:00,1978.8237319440202,1980.0609006815137,1977.941062990545,1979.4340124164178
2024-01-11 01:25:00+00:00,1979.4340124164178,1979.761241653984,1978.865112654803,1979.093440680448
2024-01-11 01:30:00+00:00,1979.093440680448,1979.7775410991696,1978.5930299319164,1978.837672007296
2024-01-11 01:35:00+00:00,1978.837672007296,1979.0485403618989,1978.0687405065955,1978.8792553115663
2024-01-11 01:40:00+00:00,1978.8792553115663,1979.2384747933058,1978.6029749259542,1978.7426604442205
2024-01-11 01:45:00+00:00,1978.7426604442205,1979.183113987239,1977.3863568132822,1978.1061155806476
2024-01-11 01:50:00+00:00,1978.1061155806476,1979.0225391751028,1977.5488697762269,1977.9253702100436
2024-01-11 01:55:00+00:00,1977.9253702100436,1978.4278333033878,1976.6096069838482,1977.1309434485295
2024-01-11 02:00:00+00:00,1977.1309434485295,1979.2423373314393,1976.4346578849625,1978.494262354295
2024-01-11 02:05:00+00:00,1978.494262354295,1980.0473870535684,1977.7140663060807,1979.1632468170847
2024-01-11 02:10:00+00:00,1979.1632468170847,1979.5826288737328,1978.4690334854138,1978.84288369591
2024-01-11 02:15:00+00:00,1978.84288369591,1980.7812466552982,1977.8856450590447,1980.3040408329975
2024-01-11 02:20:00+00:00,1980.3040408329975,1981.797940084939,1979.6644299196532,1981.4947818687754
2024-01-11 02:25:00+00:00,1981.4947818687754,1982.2676141270763,1981.012896936862,1981.9763007615002
2024-01-11 02:30:00+00:00,1981.9763007615002,1982.619202700359,1980.775652303098,1981.549142745684
2024-01-11 02:35:00+00:00,1981.549142745684,1982.7697890868033,1981.0498786021856,1981.826683532354
2024-01-11 02:40:00+00:00,1981.826683532354,1982.9407655029033,1981.651769766945,1982.3838022872276
2024-01-11 02:45:00+00:00,1982.3838022872276,1983.8313532831512,1982.2216143493017,1983.6679449736769
2024-01-11 02:50:00+00:00,1983.6679449736769,1984.093643574861,1982.6877996640774,1983.556471717599
2024-01-11 02:55:00+00:00,1983.556471717599,1984.129080073627,1982.4222404193044,1983.101702320739
2024-01-11 03:00:00+00:00,1983.101702320739,1986.1402048001237,1982.7146150112653,1985.18898657804
2024-01-11 03:05:00+00:00,1985.18898657804,1987.4296417141384,1984.354385497101,1986.4717414358051
2024-01-11 03:10:00+00:00,1986.4717414358051,1987.2471226660462,1985.7271924407576,1986.7988614730925
2024-01-11 03:15:00+00:00,1986.7988614730925,1987.0995472571637,1985.5154986221244,1986.029825372946
2024-01-11 03:20:00+00:00,1986.029825372946,1987.4727374352783,1985.2462068796654,1986.512261383374
2024-01-11 03:25:00+00:00,1986.512261383374,1988.2554355261082,1985.9355187423048,1987.5557609374887
2024-01-11 03:30:00+00:00,1987.5557609374887,1988.4438233523513,1986.788876375266,1988.2763128221002
2024-01-11 03:35:00+00:00,1988.2763128221002,1989.5079577299582,1987.3730992622989,1989.0584281033553
2024-01-11 03:40:00+00:00,1989.0584281033553,1989.6861044651955,1988.3764350437568,1989.1461580063094
2024-01-11 03:45:00+00:00,1989.1461580063094,1990.6997765366414,1988.2898708098817,1990.2070928870776
2024-01-11 03:50:00+00:00,1990.2070928870776,1990.3398912064604,1989.2609861566518,1989.7193490239135
2024-01-11 03:55:00+00:00,1989.7193490239135,1989.9859120918386,1988.8822395561049,1989.3767671341088
2024-01-11 04:00:00+00:00,1989.3767671341088,1989.7858081018453,1988.021334156483,1988.9803524267534
2024-01-11 04:05:00+00:00,1988.9803524267534,1989.159294015256,1988.2976247714796,1988.4544767383406
2024-01-11 04:10:00+00:00,1988.4544767383406,1990.735919952288,1987.6290987025209,1990.2370059032426
2024-01-11 04:15:00+00:00,1990.2370059032426,1990.6640244741138,1988.160507978386,1988.7769811496828
2024-01-11 04:20:00+00:00,1988.7769811496828,1989.152081454327,1988.0815591097855,1989.0343764809477
2024-01-11 04:25:00+00:00,1989.0343764809477,1989.8571425521063,1987.3577711584608,1988.2036934711757
2024-01-11 04:30:00+00:00,1988.2036934711757,1988.5459908419903,1986.8174328831758,1987.1424025638025
2024-01-11 04:35:00+00:00,1987.1424025638025,1988.1425587087308,1986.4879141925933,1987.276995563194
2024-01-11 04:40:00+00:00,1987.276995563194,1987.499521131609,1985.569614585665,1985.9267517600083
2024-01-11 04:45:00+00:00,1985.9267517600083,1986.3537109809672,1985.004762611525,1985.8894449053166
2024-01-11 04:50:00+00:00,1985.8894449053166,1988.8561259653645,1985.720000738979,1987.9756684779838
2024-01-11 04:55:00+00:00,1987.9756684779838,1988.3329427464828,1987.6080366162396,1987.918654901275
2024-01-11 05:00:00+00:00,1987.918654901275,1988.784103555115,1987.7030370779876,1988.3679233825144
2024-01-11 05:05:00+00:00,1988.3679233825144,1988.8064313348555,1986.8140748378983,1987.651867496604
2024-01-11 05:10:00+00:00,1987.651867496604,1988.2598107757317,1987.197826063355,1988.1219828095611
2024-01-11 05:15:00+00:00,1988.1219828095611,1988.2510440968204,1986.6385525159824,1986.832380123684
2024-01-11 05:20:00+00:00,1986.832380123684,1987.901405006047,1986.5234784033808,1987.0409272130287
2024-01-11 05:25:00+00:00,1987.0409272130287,1988.0404122162513,1986.6001356499892,1986.9643055383067
2024-01-11 05:30:00+00:00,1986.9643055383067,1989.2796478880612,1986.6795829394482,1988.9340565350292
2024-01-11 05:35:00+00:00,1988.9340565350292,1989.880454090753,1988.6995267655846,1988.8882271728214
2024-01-11 05:40:00+00:00,1988.8882271728214,1989.3863506820635,1987.855292653218,1988.5936938735542
2024-01-11 05:45:00+00:00,1988.5936938735542,1989.3928279439688,1987.203298196282,1988.1211389706764
2024-01-11 05:50:00+00:00,1988.1211389706764,1988.4772082741586,1986.8171125454082,1987.0760708274
2024-01-11 05:55:00+00:00,1987.0760708274,1988.384122443099,1986.4447377736658,1987.7867025556393
2024-01-11 06:00:00+00:00,1987.7867025556393,1989.5461580258905,1986.8206358017644,1989.1040166661908
2024-01-11 06:05:00+00:00,1989.1040166661908,1989.3035671386974,1988.4394551737585,1988.7933361029955
2024-01-11 06:10:00+00:00,1988.7933361029955,1989.907467625731,1988.4542845563888,1989.4486181441132
2024-01-11 06:15:00+00:00,1989.4486181441132,1990.182773956251,1988.559917910106,1989.1516496721176
2024-01-11 06:20:00+00:00,1989.1516496721176,1989.8705063572643,1988.8844587535452,1989.5301900210543
2024-01-11 06:25:00+00:00,1989.5301900210543,1990.6111690709708,1989.0154631989012,1989.9589541957093
2024-01-11 06:30:00+00:00,1989.9589541957093,1990.7448112131817,1988.248469599992,1988.6962817728681
2024-01-11 06:35:00+00:00,1988.6962817728681,1989.0957606974412,1987.0640684799719,1988.022737119949
2024-01-11 06:40:00+00:00,1988.022737119949,1989.6486633363404,1987.235068742384,1988.8763611157322
2024-01-11 06:45:00+00:00,1988.8763611157322,1988.9880140985601,1986.615475757459,1987.18680695975
2024-01-11 06:50:00+00:00,1987.18680695975,1988.0512028212465,1986.7289857820924,1987.2082723966887
2024-01-11 06:55:00+00:00,1987.2082723966887,1987.3304241116766,1986.7360029218157,1986.9150171769963
2024-01-11 07:00:00+00:00,1986.9150171769963,1987.077384582546,1985.3548511150645,1986.0978646338995
2024-01-11 07:05:00+00:00,1986.0978646338995,1986.6746187022823,1985.4022839081406,1986.1560737526195
2024-01-11 07:10:00+00:00,1986.1560737526195,1986.8788785813783,1985.4830759494475,1986.4449484370498
2024-01-11 07:15:00+00:00,1986.4449484370498,1987.8535951882764,1985.50728736681,1986.9406209177191
2024-01-11 07:20:00+00:00,1986.9406209177191,1987.6171883796715,1983.794053666445,1984.5958716825146
2024-01-11 07:25:00+00:00,1984.5958716825146,1986.75280883867,1984.261292281909,1986.1130626104177
2024-01-11 07:30:00+00:00,1986.1130626104177,1986.3778245128813,1984.8426917873237,1985.6970878688478
2024-01-11 07:35:00+00:00,1985.6970878688478,1987.012453172526,1984.9372282894603,1986.6431132284288
2024-01-11 07:40:00+00:00,1986.6431132284288,1987.4124105880787,1985.952345064849,1986.5452083577827
2024-01-11 07:45:00+00:00,1986.5452083577827,1986.7882597851508,1985.602064191174,1986.0345138552382
2024-01-11 07:50:00+00:00,1986.0345138552382,1986.7581344199925,1985.3565714294705,1985.9871527497542
2024-01-11 07:55:00+00:00,1985.9871527497542,1989.3299795972584,1985.073141835441,1988.8429542903166
2024-01-11 08:00:00+00:00,1988.8429542903166,1990.5237808671527,1987.870899265575,1990.2579798349616
2024-01-11 08:05:00+00:00,1990.2579798349616,1991.1857743676476,1989.1502073935885,1989.955945413311
2024-01-11 08:10:00+00:00,1989.955945413311,1990.4324384755218,1989.2151978817662,1990.1689233372326
2024-01-11 08:15:00+00:00,1990.1689233372326,1991.4398251196478,1989.5208412479144,1991.1856231137133
2024-01-11 08:20:00+00:00,1991.1856231137133,1992.6188653848203,1990.7403117842152,1991.7157499649604
2024-01-11 08:25:00+00:00,1991.7157499649604,1992.5798756939769,1991.24798990453,1991.799641615921
2024-01-11 08:30:00+00:00,1991.799641615921,1992.6308265785735,1991.084337715412,1991.6386670940467
2024-01-11 08:35:00+00:00,1991.6386670940467,1991.853809591118,1989.9934471193849,1990.6791811677444
2024-01-11 08:40:00+00:00,1990.6791811677444,1991.599911313087,1989.724889590273,1991.361439553267
2024-01-11 08:45:00+00:00,1991.361439553267,1992.670941934784,1990.9841055313045,1992.3592108370692
2024-01-11 08:50:00+00:00,1992.3592108370692,1995.0746825434555,1992.0020467944953,1994.3714608822054
2024-01-11 08:55:00+00:00,1994.3714608822054,1994.9791362837275,1993.4212363106585,1993.8871874686683
2024-01-11 09:00:00+00:00,1993.8871874686683,1995.0508833504418,1992.9517414127463,1994.478585098264
2024-01-11 09:05:00+00:00,1994.478585098264,1994.8283197535548,1993.704224730535,1994.4557169077814
2024-01-11 09:10:00+00:00,1994.4557169077814,1995.963060890583,1993.94204291319,1995.591555785755
2024-01-11 09:15:00+00:00,1995.591555785755,1995.8766248731226,1994.8515030278431,1995.508734498416
2024-01-11 09:20:00+00:00,1995.508734498416,1996.468274269009,1994.830012485649,1994.9319450455037
2024-01-11 09:25:00+00:00,1994.9319450455037,1995.3192968193632,1992.4991646060917,1993.4177476579887
2024-01-11 09:30:00+00:00,1993.4177476579887,1994.5758731964734,1993.2213700418206,1994.066268902178
2024-01-11 09:35:00+00:00,1994.066268902178,1994.324157121595,1993.4128895441238,1994.2162231972525
2024-01-11 09:40:00+00:00,1994.2162231972525,1995.860601986368,1993.7253867933402,1995.2325699844987
2024-01-11 09:45:00+00:00,1995.2325699844987,1995.3747581963928,1994.331165851532,1994.7427463534123
2024-01-11 09:50:00+00:00,1994.7427463534123,1997.9321953150818,1994.1304633766463,1997.081217544137
2024-01-11 09:55:00+00:00,1997.081217544137,1997.664901711705,1996.0657402645631,1996.449656872846
2024-01-11 10:00:00+00:00,1996.449656872846,1997.1727985646987,1996.086450023708,1996.9167300494416
2024-01-11 10:05:00+00:00,1996.9167300494416,1997.4698692702743,1996.2249423433427,1997.2954997443949
2024-01-11 10:10:00+00:00,1997.2954997443949,1998.981930774022,1996.3519247836753,1998.294011643271
2024-01-11 10:15:00+00:00,1998.294011643271,1998.9637945838979,1997.44573044412,1998.1506540494527
2024-01-11 10:20:00+00:00,1998.1506540494527,1998.2779828377013,1996.3778223093411,1997.3308835004257
2024-01-11 10:25:00+00:00,1997.3308835004257,1997.7209669416372,1995.6406125767573,1996.4468899290262
2024-01-11 10:30:00+00:00,1996.4468899290262,1997.6436623184893,1996.0966876775183,1997.184197009508
2024-01-11 10:35:00+00:00,1997.184197009508,1997.6842578752721,1996.5505223578605,1997.2827904972103
2024-01-11 10:40:00+00:00,1997.2827904972103,1997.9866900846862,1996.876738055621,1997.5962407785075
2024-01-11 10:45:00+00:00,1997.5962407785075,1997.7051005114015,1995.998105055143,1996.8666780974477
2024-01-11 10:50:00+00:00,1996.8666780974477,1997.6888770935757,1996.517693262163,1996.9956372909542
2024-01-11 10:55:00+00:00,1996.9956372909542,1998.0406242284987,1996.6594419151184,1997.1946995373337
2024-01-11 11:00:00+00:00,1997.1946995373337,1997.8922571588862,1997.0568102394907,1997.7515812375111
2024-01-11 11:05:00+00:00,1997.7515812375111,1998.501809465671,1995.7665914211123,1996.4380119985647
2024-01-11 11:10:00+00:00,1996.4380119985647,1996.9807900488172,1995.0135461315629,1995.7494183244642
2024-01-11 11:15:00+00:00,1995.7494183244642,1998.0579346913037,1995.475729967934,1997.307585733073
2024-01-11 11:20:00+00:00,1997.307585733073,1998.2152902928567,1996.743152274612,1996.9558147792443
2024-01-11 11:25:00+00:00,1996.9558147792443,1997.8004978081442,1996.569124955756,1996.8821672768265
2024-01-11 11:30:00+00:00,1996.8821672768265,1997.65814051467,1995.5959881231624,1996.525507828929
2024-01-11 11:35:00+00:00,1996.525507828929,1997.0209497427768,1994.9668951701494,1995.1803463491513
2024-01-11 11:40:00+00:00,1995.1803463491513,1995.6097677887628,1993.639253783683,1994.2140859491756
2024-01-11 11:45:00+00:00,1994.2140859491756,1995.2918104549196,1994.0501045106646,1994.5496074658006
2024-01-11 11:50:00+00:00,1994.5496074658006,1995.3305962743302,1993.4587343647308,1993.9466215159118
2024-01-11 11:55:00+00:00,1993.9466215159118,1996.094271969149,1993.796760827887,1995.772932638728
2024-01-11 12:00:00+00:00,1995.772932638728,1996.232917377571,1993.7094026983252,1994.4264583759766
2024-01-11 12:05:00+00:00,1994.4264583759766,1995.1983092254723,1992.0783643535822,1992.6802315915274
2024-01-11 12:10:00+00:00,1992.6802315915274,1993.2751707135908,1991.8428051726428,1992.329352420643
2024-01-11 12:15:00+00:00,1992.329352420643,1993.0444034124557,1990.9951539185186,1991.2426492544869
2024-01-11 12:20:00+00:00,1991.2426492544869,1992.6304055892358,1990.366569560468,1992.4871386932105
2024-01-11 12:25:00+00:00,1992.4871386932105,1992.6643849556215,1991.6585476066932,1992.1054310885477
2024-01-11 12:30:00+00:00,1992.1054310885477,1993.4679608228803,1991.6971051629657,1992.5720445500701
2024-01-11 12:35:00+00:00,1992.5720445500701,1992.987296795121,1991.0868990037009,1991.2972435895722
2024-01-11 12:40:00+00:00,1991.2972435895722,1992.0608058507964,1990.3389995352738,1991.8937695790396
2024-01-11 12:45:00+00:00,1991.8937695790396,1992.630707402209,1991.1055462780828,1992.4658901793775
2024-01-11 12:50:00+00:00,1992.4658901793775,1994.1768434375222,1992.1908791522617,1993.5778246365182
2024-01-11 12:55:00+00:00,1993.5778246365182,1994.0187320614266,1993.1915666513562,1993.7715043819057
2024-01-11 13:00:00+00:00,1993.7715043819057,1994.5201910300584,1992.8672557193697,1994.2319866068935
2024-01-11 13:05:00+00:00,1994.2319866068935,1994.958415297725,1993.3914189520574,1994.3774153249833
2024-01-11 13:10:00+00:00,1994.3774153249833,1995.394816916724,1993.9235846713675,1995.204271751227
2024-01-11 13:15:00+00:00,1995.204271751227,1995.461970856595,1994.5495694122308,1994.8274855934308
2024-01-11 13:20:00+00:00,1994.8274855934308,1996.0394622662975,1994.4407556122208,1995.311973537953
2024-01-11 13:25:00+00:00,1995.311973537953,1995.4269863108764,1994.2112556472152,1994.793787727246
2024-01-11 13:30:00+00:00,1994.793787727246,1996.056038031087,1994.5350377975728,1995.4234915078853
2024-01-11 13:35:00+00:00,1995.4234915078853,1996.2853843871944,1994.9285324436573,1995.1677363761598
2024-01-11 13:40:00+00:00,1995.1677363761598,1995.2859882832943,1993.7019040547236,1994.5763957111826
2024-01-11 13:45:00+00:00,1994.5763957111826,1994.9768706828688,1993.82785895667,1993.9589415256783
2024-01-11 13:50:00+00:00,1993.9589415256783,1995.5980974322292,1993.385899394244,1995.2759793009452
2024-01-11 13:55:00+00:00,1995.2759793009452,1995.7345732821461,1993.1715843680681,1993.8667304748492
2024-01-11 14:00:00+00:00,1993.8667304748492,1994.0151321893554,1991.5932102361255,1992.525116152395
2024-01-11 14:05:00+00:00,1992.525116152395,1993.3000849200155,1991.7261816653122,1993.091235616343
2024-01-11 14:10:00+00:00,1993.091235616343,1993.8634655613112,1991.5422963345297,1992.1875526173694
2024-01-11 14:15:00+00:00,1992.1875526173694,1992.5296568186468,1990.8280589661545,1991.7606541839677
2024-01-11 14:20:00+00:00,1991.7606541839677,1992.7115780150918,1990.8984935828757,1991.3091269680388
2024-01-11 14:25:00+00:00,1991.3091269680388,1994.1382584352789,1990.3770659747045,1993.3534237821766
2024-01-11 14:30:00+00:00,1993.3534237821766,1993.751965570736,1992.5061347180294,1992.7403601157348
2024-01-11 14:35:00+00:00,1992.7403601157348,1993.10636384396,1991.8537844706586,1992.0831559808287
2024-01-11 14:40:00+00:00,1992.0831559808287,1992.911335716652,1991.3133370985229,1991.72567545209
2024-01-11 14:45:00+00:00,1991.72567545209,1992.1006842429115,1991.3997588264065,1991.9273139768707
2024-01-11 14:50:00+00:00,1991.9273139768707,1992.865375739408,1991.205139422996,1992.3714523084614
2024-01-11 14:55:00+00:00,1992.3714523084614,1993.04871630111,1990.1849618074514,1991.041345299055
2024-01-11 15:00:00+00:00,1991.041345299055,1992.287238501395,1990.3079260918716,1991.4379346967714
2024-01-11 15:05:00+00:00,1991.4379346967714,1994.0962891113609,1990.5237810028984,1993.1914243371498
2024-01-11 15:10:00+00:00,1993.1914243371498,1993.6667349142372,1991.3659643184085,1991.5787252768148
2024-01-11 15:15:00+00:00,1991.5787252768148,1993.006058129827,1990.9888326202326,1992.0933404430314
2024-01-11 15:20:00+00:00,1992.0933404430314,1993.601321261945,1991.4249054811576,1992.782308327085
2024-01-11 15:25:00+00:00,1992.782308327085,1993.8557697251638,1992.5557690189653,1992.9181563067948
2024-01-11 15:30:00+00:00,1992.9181563067948,1993.6080880651361,1991.7390520071651,1992.7386787823452
2024-01-11 15:35:00+00:00,1992.7386787823452,1993.3435041139026,1990.497396530028,1990.6158320286856
2024-01-11 15:40:00+00:00,1990.6158320286856,1991.8187961377496,1989.8464264741335,1991.6926239327584
2024-01-11 15:45:00+00:00,1991.6926239327584,1992.1947103207092,1990.9667148686794,1991.397542081411
2024-01-11 15:50:00+00:00,1991.397542081411,1992.1517455220605,1990.4882588181551,1991.2088513458114
2024-01-11 15:55:00+00:00,1991.2088513458114,1993.0905187468072,1990.8304791429744,1992.3104464725031
2024-01-11 16:00:00+00:00,1992.3104464725031,1993.0931625779417,1989.3193009241625,1990.2009258896228
2024-01-11 16:05:00+00:00,1990.2009258896228,1991.0385972492795,1989.9729316654289,1990.1364155542005
2024-01-11 16:10:00+00:00,1990.1364155542005,1991.2580914392977,1989.7392903557293,1990.669736803396
2024-01-11 16:15:00+00:00,1990.669736803396,1992.221954052005,1990.36601768587,1991.3146601567726
2024-01-11 16:20:00+00:00,1991.3146601567726,1992.6000552181933,1991.124206995407,1991.8599141150778
2024-01-11 16:25:00+00:00,1991.8599141150778,1994.501351591521,1990.8737915535014,1993.6927059062607
2024-01-11 16:30:00+00:00,1993.6927059062607,1994.6873940659107,1993.4229767186575,1993.945512144162
2024-01-11 16:35:00+00:00,1993.945512144162,1995.3536614194418,1993.1775957347108,1994.859995795605
2024-01-11 16:40:00+00:00,1994.859995795605,1996.333144789182,1994.5306537981537,1995.5532786005106
2024-01-11 16:45:00+00:00,1995.5532786005106,1996.1154217392282,1994.1041287055266,1994.21902173316
2024-01-11 16:50:00+00:00,1994.21902173316,1994.968886532479,1992.5864548805764,1993.5268368650252
2024-01-11 16:55:00+00:00,1993.5268368650252,1996.306800107807,1992.7217696574694,1995.4012706976573
2024-01-11 17:00:00+00:00,1995.4012706976573,1996.0115398976561,1994.7093637994856,1995.1566071704724
2024-01-11 17:05:00+00:00,1995.1566071704724,1995.6221225001857,1994.8650775244557,1995.0971649529854
2024-01-11 17:10:00+00:00,1995.0971649529854,1995.6929030738156,1992.9270367290605,1993.9124679347487
2024-01-11 17:15:00+00:00,1993.9124679347487,1994.1807559115914,1992.9796287778915,1993.6045577221148
2024-01-11 17:20:00+00:00,1993.6045577221148,1994.2139595179515,1992.2813541981266,1992.4235934697035
2024-01-11 17:25:00+00:00,1992.4235934697035,1992.9389613476894,1991.3331801358681,1991.8765464274275
2024-01-11 17:30:00+00:00,1991.8765464274275,1992.7220868239808,1991.6077962777383,1992.3759066971827
2024-01-11 17:35:00+00:00,1992.3759066971827,1992.5197343053349,1990.9493666789388,1991.6290534551028
2024-01-11 17:40:00+00:00,1991.6290534551028,1991.8872936737323,1990.1907636003484,1991.0769720046812
2024-01-11 17:45:00+00:00,1991.0769720046812,1992.3944943704366,1990.5898230229939,1992.2823546058582
2024-01-11 17:50:00+00:00,1992.2823546058582,1993.2482305727756,1991.3847636225435,1992.706932173218
2024-01-11 17:55:00+00:00,1992.706932173218,1993.8790897950266,1992.4198260540588,1993.1726363967643
2024-01-11 18:00:00+00:00,1993.1726363967643,1994.5515638916675,1993.0076627291662,1994.0689641755043
2024-01-11 18:05:00+00:00,1994.0689641755043,1994.4645398764108,1993.1489485411332,1993.5741844714962
2024-01-11 18:10:00+00:00,1993.5741844714962,1994.0061320469515,1993.0963905749775,1993.224053797914
2024-01-11 18:15:00+00:00,1993.224053797914,1994.0544909148048,1990.914608645359,1991.372591929647
2024-01-11 18:20:00+00:00,1991.372591929647,1992.6411657373772,1990.8912450074731,1992.0339669052994
2024-01-11 18:25:00+00:00,1992.0339669052994,1992.6747439368642,1991.6531890537694,1991.8487897324464
2024-01-11 18:30:00+00:00,1991.8487897324464,1992.082990305996,1991.013770047945,1991.8461668335494
2024-01-11 18:35:00+00:00,1991.8461668335494,1992.066706583391,1990.5223231642976,1990.8664074906587
2024-01-11 18:40:00+00:00,1990.8664074906587,1992.0865607824228,1990.4672398071407,1991.4255357805418
2024-01-11 18:45:00+00:00,1991.4255357805418,1992.1536018663644,1990.7629009753377,1991.9906915832544
2024-01-11 18:50:00+00:00,1991.9906915832544,1993.0999253859195,1991.7186526821322,1992.1553865685694
2024-01-11 18:55:00+00:00,1992.1553865685694,1992.457098872445,1990.508619715588,1990.7265328262706
2024-01-11 19:00:00+00:00,1990.7265328262706,1990.962771915898,1989.1599108308826,1989.9696338034046
2024-01-11 19:05:00+00:00,1989.9696338034046,1990.112848644778,1989.680067712854,1989.939969623352
2024-01-11 19:10:00+00:00,1989.939969623352,1990.899732832533,1988.503994827475,1989.1879616235888
2024-01-11 19:15:00+00:00,1989.1879616235888,1990.1626617493644,1988.2335102519523,1989.5368279363795
2024-01-11 19:20:00+00:00,1989.5368279363795,1991.3244445232358,1989.0407126430093,1990.4436786390143
2024-01-11 19:25:00+00:00,1990.4436786390143,1990.5584488418144,1989.0246502444609,1989.7653205068623
2024-01-11 19:30:00+00:00,1989.7653205068623,1990.557754067195,1989.0740066657343,1989.6037167386924
2024-01-11 19:35:00+00:00,1989.6037167386924,1990.2536436615121,1988.526235922224,1988.9885874253223
2024-01-11 19:40:00+00:00,1988.9885874253223,1990.5255766734463,1988.4103750231,1989.9183220558127
2024-01-11 19:45:00+00:00,1989.9183220558127,1990.8855352685873,1989.7802561444335,1990.7271680549102
2024-01-11 19:50:00+00:00,1990.7271680549102,1994.078528537516,1990.4254663458319,1993.1245615680716
2024-01-11 19:55:00+00:00,1993.1245615680716,1993.299388528092,1992.2193743795717,1993.13291670608
2024-01-11 20:00:00+00:00,1993.13291670608,1993.3231779436805,1991.4248427590055,1992.2942518329296
2024-01-11 20:05:00+00:00,1992.2942518329296,1993.326211807742,1991.3338837799158,1992.6648627625189
2024-01-11 20:10:00+00:00,1992.6648627625189,1993.5481194620575,1991.5270739025786,1992.4576615823037
2024-01-11 20:15:00+00:00,1992.4576615823037,1993.134134989628,1991.4808574388426,1992.6317218622346
2024-01-11 20:20:00+00:00,1992.6317218622346,1994.028123510917,1992.0868688932774,1993.7533107230004
2024-01-11 20:25:00+00:00,1993.7533107230004,1993.9947824107471,1993.1941520864407,1993.4991495853196
2024-01-11 20:30:00+00:00,1993.4991495853196,1994.9420495209172,1992.9650506639123,1994.1520673387581
2024-01-11 20:35:00+00:00,1994.1520673387581,1994.3664566814523,1992.0405694873357,1992.2496244208633
2024-01-11 20:40:00+00:00,1992.2496244208633,1993.69920960866,1992.1349253252083,1993.2048641287204
2024-01-11 20:45:00+00:00,1993.2048641287204,1993.8523472238528,1992.9344870893433,1993.3290034791362
2024-01-11 20:50:00+00:00,1993.3290034791362,1993.5328827002352,1992.9907952555452,1993.1171976084013
2024-01-11 20:55:00+00:00,1993.1171976084013,1993.411231740392,1991.9017791172557,1992.670996877627
2024-01-11 21:00:00+00:00,1992.670996877627,1994.5195848141068,1991.8597516307807,1993.9503575773624
2024-01-11 21:05:00+00:00,1993.9503575773624,1994.3842707951633,1993.171470092338,1993.4994220789667
2024-01-11 21:10:00+00:00,1993.4994220789667,1995.015676979795,1992.983325709224,1994.6460186908719
2024-01-11 21:15:00+00:00,1994.6460186908719,1995.1785497466585,1993.2091897853115,1994.1955951430102
2024-01-11 21:20:00+00:00,1994.1955951430102,1995.1285306170296,1993.4536479351195,1994.2435857049618
2024-01-11 21:25:00+00:00,1994.2435857049618,1994.8639314499546,1993.9333310981408,1994.570465103981
2024-01-11 21:30:00+00:00,1994.570465103981,1997.0697542773714,1993.9721263112042,1996.400409869413
2024-01-11 21:35:00+00:00,1996.400409869413,1997.0060006376195,1995.6848158892699,1996.6332914880131
2024-01-11 21:40:00+00:00,1996.6332914880131,1996.9824537971551,1996.4023737364087,1996.8554855680084
2024-01-11 21:45:00+00:00,1996.8554855680084,1997.3832908985219,1996.4821535804183,1996.8051069694002
2024-01-11 21:50:00+00:00,1996.8051069694002,1997.553146525506,1996.0941856595541,1996.544305338207
2024-01-11 21:55:00+00:00,1996.544305338207,1997.5245328927112,1995.1809032920385,1996.0095954371695
2024-01-11 22:00:00+00:00,1996.0095954371695,1998.6303864864237,1995.592174149109,1997.6486822953407
2024-01-11 22:05:00+00:00,1997.6486822953407,1999.5541774961944,1996.8364579065762,1998.9835728069702
2024-01-11 22:10:00+00:00,1998.9835728069702,1999.5331752254347,1997.8984579504715,1998.3773338629517
2024-01-11 22:15:00+00:00,1998.3773338629517,1999.4870155490833,1997.4386447386821,1998.5350102821258
2024-01-11 22:20:00+00:00,1998.5350102821258,1998.6796661563724,1996.903171122631,1997.4892354511092
2024-01-11 22:25:00+00:00,1997.4892354511092,1998.7065612179767,1996.6328099607083,1998.3500998518612
2024-01-11 22:30:00+00:00,1998.3500998518612,1999.3116533834116,1997.4486247765751,1998.982643210061
2024-01-11 22:35:00+00:00,1998.982643210061,1999.2593014320305,1998.280926240416,1999.098551810274
2024-01-11 22:40:00+00:00,1999.098551810274,1999.5078329698088,1997.5932037832613,1998.3869516607317
2024-01-11 22:45:00+00:00,1998.3869516607317,1999.3993198037467,1998.1562092415645,1999.0913663868619
2024-01-11 22:50:00+00:00,1999.0913663868619,2000.2038773726065,1998.7553729091173,1999.662029208312
2024-01-11 22:55:00+00:00,1999.662029208312,2000.3371151696024,1998.8060969541302,1999.5162098463115
2024-01-11 23:00:00+00:00,1999.5162098463115,2001.0464001068758,1999.2741685557132,2000.19542408399
2024-01-11 23:05:00+00:00,2000.19542408399,2001.1575363487998,1998.4540615920598,1999.001423618961
2024-01-11 23:10:00+00:00,1999.001423618961,1999.804411847042,1998.1485543872554,1998.4782065755237
2024-01-11 23:15:00+00:00,1998.4782065755237,1999.2699524468476,1996.9680021025024,1997.6375326867446
2024-01-11 23:20:00+00:00,1997.6375326867446,1998.1722080834897,1997.2769028777536,1997.755382106283
2024-01-11 23:25:00+00:00,1997.755382106283,2000.0056941754374,1997.1590916000926,1999.2716310318901
2024-01-11 23:30:00+00:00,1999.2716310318901,1999.648094888122,1998.2941850127913,1999.3302685832834
2024-01-11 23:35:00+00:00,1999.3302685832834,2001.3528340668306,1998.4090013386406,2000.3684541425198
2024-01-11 23:40:00+00:00,2000.3684541425198,2001.1319211036648,1999.6904653206989,2000.3546477360708
2024-01-11 23:45:00+00:00,2000.3546477360708,2000.873512125297,1999.6575828793038,2000.0032487308179
2024-01-11 23:50:00+00:00,2000.0032487308179,2001.0653482933228,1999.6478122515343,2000.9288408631871
2024-01-11 23:55:00+00:00,2000.9288408631871,2001.873521355368,2000.5361137028813,2001.4306148179376
2024-01-12 00:00:00+00:00,2001.4306148179376,2003.5148342691493,2000.5964464462768,2002.7207569318625
2024-01-12 00:05:00+00:00,2002.7207569318625,2004.511716739355,2001.7959334029074,2003.6100757741274
2024-01-12 00:10:00+00:00,2003.6100757741274,2003.8276091668085,2001.982046427753,2002.8909986385438
2024-01-12 00:15:00+00:00,2002.8909986385438,2003.2226542030799,1999.6230604784316,2000.6098782548204
2024-01-12 00:20:00+00:00,2000.6098782548204,2001.0447040565264,2000.1333622509394,2000.7447748312486
2024-01-12 00:25:00+00:00,2000.7447748312486,2001.5588426019488,1999.1788344535673,1999.696865512502
2024-01-12 00:30:00+00:00,1999.696865512502,2000.2114542266568,1998.158136851646,1998.4390238274664
2024-01-12 00:35:00+00:00,1998.4390238274664,1999.300957722399,1996.4945692231454,1997.1163992754748
2024-01-12 00:40:00+00:00,1997.1163992754748,1997.8873684170114,1995.5687230869914,1996.5491418747256
2024-01-12 00:45:00+00:00,1996.5491418747256,1997.1681581390408,1995.615182367472,1996.3787322573462
2024-01-12 00:50:00+00:00,1996.3787322573462,1997.0158556809095,1995.5449053337984,1996.3927537523916
2024-01-12 00:55:00+00:00,1996.3927537523916,1998.7051730841151,1995.480896506346,1998.2418666472781
2024-01-12 01:00:00+00:00,1998.2418666472781,1999.1098302538703,1996.666149644548,1997.1595087016462
2024-01-12 01:05:00+00:00,1997.1595087016462,1997.7958588133256,1996.8152577833341,1997.1585235431955
2024-01-12 01:10:00+00:00,1997.1585235431955,1997.80027556179,1995.6374770427672,1996.0470827772915
2024-01-12 01:15:00+00:00,1996.0470827772915,1996.280158945024,1994.655974314597,1995.159355074242
2024-01-12 01:20:00+00:00,1995.159355074242,1995.8897287165782,1994.727666385763,1995.2271355095743
2024-01-12 01:25:00+00:00,1995.2271355095743,1996.5783219593707,1994.9988573312864,1995.6113661313113
2024-01-12 01:30:00+00:00,1995.6113661313113,1995.760874090783,1993.9061253167265,1994.4617884191862
2024-01-12 01:35:00+00:00,1994.4617884191862,1996.0679782553095,1993.4641311264656,1995.4984990992155
2024-01-12 01:40:00+00:00,1995.4984990992155,1995.8278789008607,1994.2836302867627,1994.668328480541
2024-01-12 01:45:00+00:00,1994.668328480541,1996.2906338752266,1994.0053515914237,1995.5375695295243
2024-01-12 01:50:00+00:00,1995.5375695295243,1996.0913437709175,1994.8390420509236,1995.497201076697
2024-01-12 01:55:00+00:00,1995.497201076697,1996.6997075936133,1995.3256200541043,1996.3191014038762
2024-01-12 02:00:00+00:00,1996.3191014038762,1997.5592824484174,1996.1724996331106,1996.835364803305
2024-01-12 02:05:00+00:00,1996.835364803305,1997.4889317302077,1995.7538716134513,1996.5836281539864
2024-01-12 02:10:00+00:00,1996.5836281539864,1997.3422221937333,1996.3317992107345,1997.0198822227069
2024-01-12 02:15:00+00:00,1997.0198822227069,1997.84901877687,1995.0412890130156,1995.8173451216317
2024-01-12 02:20:00+00:00,1995.8173451216317,1996.4642540194316,1993.847933859036,1994.652811272053
2024-01-12 02:25:00+00:00,1994.652811272053,1995.0751418051543,1993.9587966077477,1994.3377893545137
2024-01-12 02:30:00+00:00,1994.3377893545137,1996.22098691828,1993.5902492775404,1995.5783733304074
2024-01-12 02:35:00+00:00,1995.5783733304074,1996.2346061869732,1993.9770528360123,1994.9112813791928
2024-01-12 02:40:00+00:00,1994.9112813791928,1995.2747430907114,1994.1571335867343,1994.3775573715584
2024-01-12 02:45:00+00:00,1994.3775573715584,1996.579921975182,1993.6923831338056,1995.880893813414
2024-01-12 02:50:00+00:00,1995.880893813414,1996.1851537488649,1995.0934025540819,1995.9246686538365
2024-01-12 02:55:00+00:00,1995.9246686538365,1996.1069146962034,1995.2699107563396,1995.9300369788486
2024-01-12 03:00:00+00:00,1995.9300369788486,1996.655857498338,1994.851424593465,1994.9896434666543
2024-01-12 03:05:00+00:00,1994.9896434666543,1995.6208977468152,1994.652614182401,1995.0487705299017
2024-01-12 03:10:00+00:00,1995.0487705299017,1996.4283829326941,1994.9071392912335,1995.5872711307493
2024-01-12 03:15:00+00:00,1995.5872711307493,1995.926436019416,1995.34201196441,1995.5413547371033
2024-01-12 03:20:00+00:00,1995.5413547371033,1996.8733280010015,1994.8079740558844,1996.2337120252998
2024-01-12 03:25:00+00:00,1996.2337120252998,1997.2970227225771,1995.918801461562,1996.5339362563316
2024-01-12 03:30:00+00:00,1996.5339362563316,1997.9700014784457,1995.9482288257927,1997.4834069605627
2024-01-12 03:35:00+00:00,1997.4834069605627,1999.1625845431124,1997.0266912186194,1998.231580597173
2024-01-12 03:40:00+00:00,1998.231580597173,1998.657919668559,1998.0064541995544,1998.115716008321
2024-01-12 03:45:00+00:00,1998.115716008321,1999.7469954222856,1997.714664906749,1998.902478788132
2024-01-12 03:50:00+00:00,1998.902478788132,2001.5150803242655,1998.2397361543315,2000.531148687584
2024-01-12 03:55:00+00:00,2000.531148687584,2001.4474322767232,1999.9291761288914,2000.8087098113012
2024-01-12 04:00:00+00:00,2000.8087098113012,2001.3196778951237,1998.989345435563,1999.7142618294831
2024-01-12 04:05:00+00:00,1999.7142618294831,2000.2197993359612,1999.4197195616007,1999.8902122122236
2024-01-12 04:10:00+00:00,1999.8902122122236,2000.4239791349526,1999.325908592893,1999.714730630913
2024-01-12 04:15:00+00:00,1999.714730630913,2002.6360950108724,1999.3911884436884,2002.050559273371
2024-01-12 04:20:00+00:00,2002.050559273371,2003.275632545918,2001.3213729110573,2002.732967779018
2024-01-12 04:25:00+00:00,2002.732967779018,2003.6935041001939,2001.0505376394597,2001.739327693727
2024-01-12 04:30:00+00:00,2001.739327693727,2001.9261972414747,2000.6841878479668,2001.5715889468652
2024-01-12 04:35:00+00:00,2001.5715889468652,2003.4574074166758,2001.0972357840126,2002.8881856138366
2024-01-12 04:40:00+00:00,2002.8881856138366,2003.3619946115464,2001.1337558219554,2001.8429713163587
2024-01-12 04:45:00+00:00,2001.8429713163587,2002.0934181302296,2001.0133656193188,2001.3998097737262
2024-01-12 04:50:00+00:00,2001.3998097737262,2002.177470430994,2000.8801351126467,2001.3995956275294
2024-01-12 04:55:00+00:00,2001.3995956275294,2001.6489627605563,2000.5422495121431,2001.2639466494545
2024-01-12 05:00:00+00:00,2001.2639466494545,2001.371792546647,2000.0524535844613,2000.727209788731
2024-01-12 05:05:00+00:00,2000.727209788731,2001.2746242673388,1999.7543280602333,2000.8413845423706
2024-01-12 05:10:00+00:00,2000.8413845423706,2001.643982188236,1999.326297575944,1999.5668747215586
2024-01-12 05:15:00+00:00,1999.5668747215586,1999.7548865583865,1998.5574487564106,1999.0404309691476
2024-01-12 05:20:00+00:00,1999.0404309691476,2000.0340248908003,1997.512299185345,1998.4952141971437
2024-01-12 05:25:00+00:00,1998.4952141971437,1999.038332366585,1997.4608137004686,1998.2168306009944
2024-01-12 05:30:00+00:00,1998.2168306009944,1999.18252935988,1997.8203868854964,1997.939475728501
2024-01-12 05:35:00+00:00,1997.939475728501,1998.4338263465,1997.6014956721497,1997.9276457471906
2024-01-12 05:40:00+00:00,1997.9276457471906,1998.5359379970212,1997.0295225766915,1997.6041083883026
2024-01-12 05:45:00+00:00,1997.6041083883026,1997.7508112487083,1996.3012372711787,1997.2168766843527
2024-01-12 05:50:00+00:00,1997.2168766843527,1998.1384164147482,1996.249909016073,1997.5296068813923
2024-01-12 05:55:00+00:00,1997.5296068813923,1998.762698984132,1996.6386863413315,1998.3264717988168
2024-01-12 06:00:00+00:00,1998.3264717988168,1999.7765955584134,1997.6186076463416,1999.178528481785
2024-01-12 06:05:00+00:00,1999.178528481785,1999.7023486245337,1997.596747247147,1998.1273652128923
2024-01-12 06:10:00+00:00,1998.1273652128923,1998.5356375688991,1997.345511812765,1998.335117818033
2024-01-12 06:15:00+00:00,1998.335117818033,1999.3024115339852,1997.361912848834,1998.992178089436
2024-01-12 06:20:00+00:00,1998.992178089436,1999.4907935112049,1997.890358904131,1998.7366458984175
2024-01-12 06:25:00+00:00,1998.7366458984175,1999.491894927834,1998.1892530871937,1999.1413098195862
2024-01-12 06:30:00+00:00,1999.1413098195862,1999.8903580928131,1998.0132449908858,1998.9273195625215
2024-01-12 06:35:00+00:00,1998.9273195625215,1999.6647315027744,1998.051923137945,1999.249975516394
2024-01-12 06:40:00+00:00,1999.249975516394,1999.5806716613965,1997.1800742725775,1997.86275915581
2024-01-12 06:45:00+00:00,1997.86275915581,1998.6410301699389,1997.260743276116,1998.2607950719157
2024-01-12 06:50:00+00:00,1998.2607950719157,1999.244386875701,1996.87655368996,1997.8095841919994
2024-01-12 06:55:00+00:00,1997.8095841919994,1998.017637166792,1996.388283520953,1997.1302334431348
2024-01-12 07:00:00+00:00,1997.1302334431348,1997.582768153407,1996.5812992495194,1996.8429008555277
2024-01-12 07:05:00+00:00,1996.8429008555277,1998.5781426892509,1996.561035305795,1997.7121949802822
2024-01-12 07:10:00+00:00,1997.7121949802822,1998.6622039744848,1997.2052617920522,1998.5424917396583
2024-01-12 07:15:00+00:00,1998.5424917396583,1999.0423693476203,1998.169068015969,1998.7474313652453
2024-01-12 07:20:00+00:00,1998.7474313652453,2000.4075362383783,1998.1848660775663,1999.5061052206381
2024-01-12 07:25:00+00:00,1999.5061052206381,2000.0341297868272,1998.7679560216889,1999.1206251438573
2024-01-12 07:30:00+00:00,1999.1206251438573,1999.8648115642418,1997.2326155713301,1997.9809373291641
2024-01-12 07:35:00+00:00,1997.9809373291641,1998.907454756486,1995.986796026984,1996.2823041639128
2024-01-12 07:40:00+00:00,1996.2823041639128,1997.1465621521086,1995.2685702106364,1996.2340445997447
2024-01-12 07:45:00+00:00,1996.2340445997447,1997.0231150624484,1995.9066554257615,1996.0817261688553
2024-01-12 07:50:00+00:00,1996.0817261688553,1996.4324148072956,1995.3598501979145,1996.0934820454358
2024-01-12 07:55:00+00:00,1996.0934820454358,1997.0801184225422,1995.2529239951648,1996.1332861046208
2024-01-12 08:00:00+00:00,1996.1332861046208,1997.9990745166542,1995.8812493808268,1997.208491762432
2024-01-12 08:05:00+00:00,1997.208491762432,1997.4754296905985,1995.9736536396974,1996.359028803038
2024-01-12 08:10:00+00:00,1996.359028803038,1997.124433172987,1995.039497127159,1995.6409630272856
2024-01-12 08:15:00+00:00,1995.6409630272856,1997.802675405906,1995.0082694494831,1997.3440802957446
2024-01-12 08:20:00+00:00,1997.3440802957446,1998.3135025644558,1996.9248418188936,1998.014058828134
2024-01-12 08:25:00+00:00,1998.014058828134,1998.4990905818079,1996.8885117944458,1997.7204332786514
2024-01-12 08:30:00+00:00,1997.7204332786514,1998.3340497598358,1995.284903410852,1995.8637898041643
2024-01-12 08:35:00+00:00,1995.8637898041643,1995.9760670233977,1994.3394451809647,1995.0754575432297
2024-01-12 08:40:00+00:00,1995.0754575432297,1995.9582950652657,1994.1216478196718,1994.7279890716627
2024-01-12 08:45:00+00:00,1994.7279890716627,1995.5181626771264,1994.480713290464,1994.628306669982
2024-01-12 08:50:00+00:00,1994.628306669982,1995.022517190061,1993.9641351730634,1994.7744914415875
2024-01-12 08:55:00+00:00,1994.7744914415875,1995.0842772589822,1994.1643919914018,1994.5447635668788
2024-01-12 09:00:00+00:00,1994.5447635668788,1996.2059430870056,1993.8006062569482,1995.5510614179168
2024-01-12 09:05:00+00:00,1995.5510614179168,1995.9066610638042,1993.4699568429257,1994.4571938108702
2024-01-12 09:10:00+00:00,1994.4571938108702,1995.1210317764426,1993.357826512178,1994.1751898865227
2024-01-12 09:15:00+00:00,1994.1751898865227,1995.0615457953973,1992.6014177144236,1993.5368350291906
2024-01-12 09:20:00+00:00,1993.5368350291906,1994.9480846271867,1993.1498288436242,1994.2055471176197
2024-01-12 09:25:00+00:00,1994.2055471176197,1994.7515386555142,1993.3198796275315,1994.3365658215168
2024-01-12 09:30:00+00:00,1994.3365658215168,1995.8119909332108,1993.7886688457036,1995.0178748324104
2024-01-12 09:35:00+00:00,1995.0178748324104,1995.563891578307,1994.8622432471832,1995.0587446106579
2024-01-12 09:40:00+00:00,1995.0587446106579,1998.897907029208,1994.6502250889,1998.406673778746
2024-01-12 09:45:00+00:00,1998.406673778746,1999.1707448216991,1998.0327654157509,1999.026553725114
2024-01-12 09:50:00+00:00,1999.026553725114,1999.7798604305112,1997.418110036301,1998.320478685413
2024-01-12 09:55:00+00:00,1998.320478685413,1999.0641097503571,1997.8594349674104,1998.2868193094678
2024-01-12 10:00:00+00:00,1998.2868193094678,1998.6372822968658,1996.9374806778635,1997.8971123608057
2024-01-12 10:05:00+00:00,1997.8971123608057,1999.3594846972458,1997.3841387017255,1998.5508268089018
2024-01-12 10:10:00+00:00,1998.5508268089018,2000.3917929249073,1998.4017094786013,1999.396667916882
2024-01-12 10:15:00+00:00,1999.396667916882,2000.632437053341,1998.7699639743423,1999.7145036465856
2024-01-12 10:20:00+00:00,1999.7145036465856,2000.6627885381122,1999.3093427919814,1999.527204901642
2024-01-12 10:25:00+00:00,1999.527204901642,2000.3494367495805,1998.0088592556265,1998.9018806997067
2024-01-12 10:30:00+00:00,1998.9018806997067,2000.6409053440186,1998.7554524183358,2000.3225550100167
2024-01-12 10:35:00+00:00,2000.3225550100167,2002.2096234006187,1999.8103759248395,2001.3062497015374
2024-01-12 10:40:00+00:00,2001.3062497015374,2002.2026802994321,1997.8216471393068,1998.6495329036195
2024-01-12 10:45:00+00:00,1998.6495329036195,1999.1064670367643,1998.2877783424208,1998.6909110353058
2024-01-12 10:50:00+00:00,1998.6909110353058,1999.47517181273,1997.0979667304566,1997.917113225174
2024-01-12 10:55:00+00:00,1997.917113225174,1998.0824150770582,1996.7297600930187,1997.561398186266
2024-01-12 11:00:00+00:00,1997.561398186266,1999.3124610560335,1997.1044327930379,1999.068679344458
2024-01-12 11:05:00+00:00,1999.068679344458,1999.3780777674717,1997.5968629741533,1998.0330731928523
2024-01-12 11:10:00+00:00,1998.0330731928523,1998.5546408353443,1996.2629378247332,1997.0816991345882
2024-01-12 11:15:00+00:00,1997.0816991345882,1999.607186281867,1996.633065597344,1999.2767912426932
2024-01-12 11:20:00+00:00,1999.2767912426932,1999.5615965953725,1998.6683923973899,1998.8367499356975
2024-01-12 11:25:00+00:00,1998.8367499356975,1998.9425393294723,1997.980550362081,1998.6139253836957
2024-01-12 11:30:00+00:00,1998.6139253836957,1999.8094190524787,1998.2427871198995,1999.6340187083197
2024-01-12 11:35:00+00:00,1999.6340187083197,2000.0620878238474,1998.4387350774375,1999.167762767314
2024-01-12 11:40:00+00:00,1999.167762767314,1999.742227900516,1998.9790677680776,1999.194033270327
2024-01-12 11:45:00+00:00,1999.194033270327,1999.69801382681,1998.9041416166028,1999.4103817456055
2024-01-12 11:50:00+00:00,1999.4103817456055,2000.911149025402,1998.5921807947454,2000.6744834195197
2024-01-12 11:55:00+00:00,2000.6744834195197,2000.9084991529621,1998.8026826753892,1999.2175314805318
2024-01-12 12:00:00+00:00,1999.2175314805318,1999.8894791077048,1997.586012895785,1998.46531720243
2024-01-12 12:05:00+00:00,1998.46531720243,1999.312880016326,1997.3960734305494,1998.3487505383396
2024-01-12 12:10:00+00:00,1998.3487505383396,2000.0807451040719,1997.6104997627197,1999.168016550304
2024-01-12 12:15:00+00:00,1999.168016550304,1999.8302004085629,1997.7947410545323,1998.5904114281425
2024-01-12 12:20:00+00:00,1998.5904114281425,1999.4781587568093,1998.2155961793778,1999.0077125523126
2024-01-12 12:25:00+00:00,1999.0077125523126,1999.4282675952147,1997.9947403087738,1998.5470168997745
2024-01-12 12:30:00+00:00,1998.5470168997745,1999.003945932877,1997.7002582588511,1998.193600679308
2024-01-12 12:35:00+00:00,1998.193600679308,1999.7921785608487,1997.924421191744,1999.3423385973308
2024-01-12 12:40:00+00:00,1999.3423385973308,2000.088007244969,1998.9775659688366,1999.1321163799598
2024-01-12 12:45:00+00:00,1999.1321163799598,2002.6524438972608,1998.9381639947228,2001.7996332537493
2024-01-12 12:50:00+00:00,2001.7996332537493,2002.913856027244,2001.3687305501464,2002.1250569386266
2024-01-12 12:55:00+00:00,2002.1250569386266,2003.3970036859964,2001.9887329690198,2003.1403989196479
2024-01-12 13:00:00+00:00,2003.1403989196479,2004.2771708336456,2002.4190529539003,2003.810312814589
2024-01-12 13:05:00+00:00,2003.810312814589,2004.4642639385447,2002.302744395334,2002.4119960625849
2024-01-12 13:10:00+00:00,2002.4119960625849,2002.6874488389424,2000.1581380697164,2001.0278771558553
2024-01-12 13:15:00+00:00,2001.0278771558553,2001.5710781537537,2000.6899148851892,2001.468414910836
2024-01-12 13:20:00+00:00,2001.468414910836,2001.9385237105796,1999.5019550027139,2000.475278985897
2024-01-12 13:25:00+00:00,2000.475278985897,2000.808978739212,1999.2617564395573,1999.9844411769034
2024-01-12 13:30:00+00:00,1999.9844411769034,2000.930270264814,1998.8729439450108,1999.6836554779889
2024-01-12 13:35:00+00:00,1999.6836554779889,2000.2149743848156,1997.910146314303,1998.86048370113
2024-01-12 13:40:00+00:00,1998.86048370113,2000.131816521139,1998.2753618639154,1999.9275075050418
2024-01-12 13:45:00+00:00,1999.9275075050418,2001.5028577321461,1999.6698303769576,2000.6307366936908
2024-01-12 13:50:00+00:00,2000.6307366936908,2000.9943859649816,2000.1300179100504,2000.7901213106927
2024-01-12 13:55:00+00:00,2000.7901213106927,2001.6321042777392,1999.9458533337822,2001.2973019302956
2024-01-12 14:00:00+00:00,2001.2973019302956,2001.8203901944607,2000.0641567113526,2000.483243872811
2024-01-12 14:05:00+00:00,2000.483243872811,2001.5631946938945,2000.2928729495195,2001.272310295313
2024-01-12 14:10:00+00:00,2001.272310295313,2001.813143213195,2000.0428776751276,2000.5088251930767
2024-01-12 14:15:00+00:00,2000.5088251930767,2002.603829128777,1999.7650417612315,2001.9157804333006
2024-01-12 14:20:00+00:00,2001.9157804333006,2002.095735315862,2000.7837781291776,2001.3167781215636
2024-01-12 14:25:00+00:00,2001.3167781215636,2001.5096661090188,2000.5847212213357,2000.819536829258
2024-01-12 14:30:00+00:00,2000.819536829258,2002.7175033309838,1999.962809686647,2001.8698676082588
2024-01-12 14:35:00+00:00,2001.8698676082588,2003.3702883613437,2000.8919152552148,2002.4562871857056
2024-01-12 14:40:00+00:00,2002.4562871857056,2002.826465972104,2000.6289217636513,2001.59901008936
2024-01-12 14:45:00+00:00,2001.59901008936,2002.9499743496579,2001.2845969353295,2002.1445180741555
2024-01-12 14:50:00+00:00,2002.1445180741555,2002.2479314498942,2001.510052704946,2002.1460499666841
2024-01-12 14:55:00+00:00,2002.1460499666841,2002.4483819334976,2001.4340614620899,2002.1646694130739
2024-01-12 15:00:00+00:00,2002.1646694130739,2003.6357828853609,2001.350874960976,2002.7248293141527
2024-01-12 15:05:00+00:00,2002.7248293141527,2003.8745996300077,2002.5290515792765,2003.2829683657585
2024-01-12 15:10:00+00:00,2003.2829683657585,2004.6375335228868,2002.956426001222,2004.2035771608998
2024-01-12 15:15:00+00:00,2004.2035771608998,2005.3582445701084,2003.455786775901,2004.6417481324427
2024-01-12 15:20:00+00:00,2004.6417481324427,2005.7353925858893,2003.9006740121906,2004.9400658433651
2024-01-12 15:25:00+00:00,2004.9400658433651,2005.6310082860975,2004.6220930842203,2004.8534281338045
2024-01-12 15:30:00+00:00,2004.8534281338045,2006.9091657730005,2003.9729365546266,2006.2050037292897
2024-01-12 15:35:00+00:00,2006.2050037292897,2006.985047169572,2004.875248373792,2005.5082669633011
2024-01-12 15:40:00+00:00,2005.5082669633011,2007.6323113431138,2005.1634838885018,2007.233943288327
2024-01-12 15:45:00+00:00,2007.233943288327,2009.6280787097535,2007.0896112113974,2009.2037070302738
2024-01-12 15:50:00+00:00,2009.2037070302738,2011.2627628980604,2008.6927232652451,2011.1614343501365
2024-01-12 15:55:00+00:00,2011.1614343501365,2012.0955896309447,2010.1641920291065,2011.0434649363349
2024-01-12 16:00:00+00:00,2011.0434649363349,2013.2073689627027,2010.3248775783031,2012.9446217632487
2024-01-12 16:05:00+00:00,2012.9446217632487,2014.5742696911177,2012.149129898907,2013.9856376950377
2024-01-12 16:10:00+00:00,2013.9856376950377,2015.866811371223,2013.4796997280494,2014.9585874198854
2024-01-12 16:15:00+00:00,2014.9585874198854,2018.2737571090427,2014.4765719356435,2017.9313353365649
2024-01-12 16:20:00+00:00,2017.9313353365649,2018.3015635207603,2017.274029060164,2018.118431825034
2024-01-12 16:25:00+00:00,2018.118431825034,2019.6244992471338,2017.9301271665365,2018.6435693987369
2024-01-12 16:30:00+00:00,2018.6435693987369,2019.4923414800219,2016.741541493465,2017.521680402906
2024-01-12 16:35:00+00:00,2017.521680402906,2018.1939232468371,2014.9953552974794,2015.5319393185737
2024-01-12 16:40:00+00:00,2015.5319393185737,2016.5910887159553,2015.3782425691797,2015.8027371850508
2024-01-12 16:45:00+00:00,2015.8027371850508,2016.8583518763621,2015.0561153758229,2016.2007055883041
2024-01-12 16:50:00+00:00,2016.2007055883041,2017.2340716152403,2015.3544661349895,2016.8475305057987
2024-01-12 16:55:00+00:00,2016.8475305057987,2017.7677672336297,2016.3635710074652,2017.1331334783188
2024-01-12 17:00:00+00:00,2017.1331334783188,2018.0592124783825,2014.402385030838,2015.3519816346216
2024-01-12 17:05:00+00:00,2015.3519816346216,2015.915513017495,2015.0662800727694,2015.7012446726558
2024-01-12 17:10:00+00:00,2015.7012446726558,2017.171402439935,2015.5305852544764,2016.7236981985866
2024-01-12 17:15:00+00:00,2016.7236981985866,2019.1472728233125,2015.780486123639,2018.1509643887698
2024-01-12 17:20:00+00:00,2018.1509643887698,2019.1317089818122,2016.528877796351,2017.3081437524963
2024-01-12 17:25:00+00:00,2017.3081437524963,2017.4838059229398,2015.7463740569317,2016.5159581482267
2024-01-12 17:30:00+00:00,2016.5159581482267,2016.7285893324229,2015.4568287668442,2015.9007428960174
2024-01-12 17:35:00+00:00,2015.9007428960174,2016.5810425437207,2014.3912944578549,2015.3343538881816
2024-01-12 17:40:00+00:00,2015.3343538881816,2015.625238371137,2013.7639212993406,2013.8835461105652
2024-01-12 17:45:00+00:00,2013.8835461105652,2014.1603263458708,2012.8227549486483,2013.274777553746
2024-01-12 17:50:00+00:00,2013.274777553746,2015.5466813616067,2012.3701942699768,2014.707843091438
2024-01-12 17:55:00+00:00,2014.707843091438,2015.5617588304735,2012.8160421046377,2013.7596136308057
2024-01-12 18:00:00+00:00,2013.7596136308057,2014.1011599450844,2011.365937002805,2012.0806364577454
2024-01-12 18:05:00+00:00,2012.0806364577454,2013.0787311824583,2010.8364437493929,2011.8356244871911
2024-01-12 18:10:00+00:00,2011.8356244871911,2012.517518141525,2010.4362729546544,2011.3831227654625
2024-01-12 18:15:00+00:00,2011.3831227654625,2012.4716892368463,2010.6783475767265,2011.9979571234492
2024-01-12 18:20:00+00:00,2011.9979571234492,2012.861336942646,2011.1955889462777,2011.330901521261
2024-01-12 18:25:00+00:00,2011.330901521261,2011.6672894851836,2011.056715104102,2011.1693917152184
2024-01-12 18:30:00+00:00,2011.1693917152184,2012.131180239903,2009.5623083202156,2010.4139319215042
2024-01-12 18:35:00+00:00,2010.4139319215042,2011.2967831594806,2008.602559289752,2009.5379120465307
2024-01-12 18:40:00+00:00,2009.5379120465307,2010.8620296211207,2008.7379253372885,2009.8716020498498
2024-01-12 18:45:00+00:00,2009.8716020498498,2010.7250679525569,2009.533539991994,2009.9819299456076
2024-01-12 18:50:00+00:00,2009.9819299456076,2010.3414900506953,2009.5246876978274,2009.9331505884572
2024-01-12 18:55:00+00:00,2009.9331505884572,2011.2304764043784,2009.0415939498382,2010.3993548016656
2024-01-12 19:00:00+00:00,2010.3993548016656,2010.7581412421,2009.021115222438,2009.6543047514376
2024-01-12 19:05:00+00:00,2009.6543047514376,2010.1514467318984,2009.1253770337164,2009.6710002928899
2024-01-12 19:10:00+00:00,2009.6710002928899,2010.5756304189968,2009.5046814495124,2009.8542815039755
2024-01-12 19:15:00+00:00,2009.8542815039755,2011.0933276109763,2009.6953951410858,2010.91860529795
2024-01-12 19:20:00+00:00,2010.91860529795,2011.8345918577925,2008.5063800675005,2009.211309405008
2024-01-12 19:25:00+00:00,2009.211309405008,2010.1652189196552,2008.6571249174135,2008.8920859297996
2024-01-12 19:30:00+00:00,2008.8920859297996,2010.2392307986522,2008.4602326180332,2009.2944868233483
2024-01-12 19:35:00+00:00,2009.2944868233483,2010.166070650882,2008.6570478666345,2008.7713179461796
2024-01-12 19:40:00+00:00,2008.7713179461796,2009.4503204336208,2008.4749790497751,2008.8509479445147
2024-01-12 19:45:00+00:00,2008.8509479445147,2009.7802590749016,2008.5157749110972,2009.4667645640736
2024-01-12 19:50:00+00:00,2009.4667645640736,2010.050036579635,2008.7599046346004,2009.8962956620742
2024-01-12 19:55:00+00:00,2009.8962956620742,2010.0471000916928,2008.223365915386,2008.338167404812
2024-01-12 20:00:00+00:00,2008.338167404812,2008.858520367316,2007.127737773341,2007.2475137757879
2024-01-12 20:05:00+00:00,2007.2475137757879,2007.888906288916,2003.7826253027763,2004.6991743609817
2024-01-12 20:10:00+00:00,2004.6991743609817,2005.4272914283245,2003.8444653918768,2005.2847559060474
2024-01-12 20:15:00+00:00,2005.2847559060474,2006.1909531850931,2004.3882011385688,2005.4717877397916
2024-01-12 20:20:00+00:00,2005.4717877397916,2007.4148037959262,2004.4982194534402,2006.6826039840196
2024-01-12 20:25:00+00:00,2006.6826039840196,2007.410923456297,2006.3956122121429,2006.7260599976005
2024-01-12 20:30:00+00:00,2006.7260599976005,2007.207936796289,2005.400391844815,2005.6910251600154
2024-01-12 20:35:00+00:00,2005.6910251600154,2007.1978251286364,2005.2846837499835,2006.6549545546288
2024-01-12 20:40:00+00:00,2006.6549545546288,2007.571621702336,2005.3180971970482,2005.4607977051364
2024-01-12 20:45:00+00:00,2005.4607977051364,2005.8559754417502,2004.689579327762,2005.4545847841732
2024-01-12 20:50:00+00:00,2005.4545847841732,2005.9515459194774,2004.9504574127673,2005.2639765838458
2024-01-12 20:55:00+00:00,2005.2639765838458,2006.746373455213,2004.9175548539042,2005.9612364005834
2024-01-12 21:00:00+00:00,2005.9612364005834,2007.162946036495,2005.328058910789,2006.7791636301522
2024-01-12 21:05:00+00:00,2006.7791636301522,2007.1077771508455,2006.0868224560872,2006.3931512491313
2024-01-12 21:10:00+00:00,2006.3931512491313,2007.2465395577935,2005.1107344398074,2005.7282017039952
2024-01-12 21:15:00+00:00,2005.7282017039952,2006.033217102316,2005.417961763858,2005.6797834533543
2024-01-12 21:20:00+00:00,2005.6797834533543,2006.3310951221742,2004.5304399843055,2005.1544265081598
2024-01-12 21:25:00+00:00,2005.1544265081598,2006.937335727415,2004.7581520099109,2006.0093796640108
2024-01-12 21:30:00+00:00,2006.0093796640108,2006.6030903577005,2005.6953251146797,2006.3473315662122
2024-01-12 21:35:00+00:00,2006.3473315662122,2008.585469331733,2005.9360306814588,2007.6035267069424
2024-01-12 21:40:00+00:00,2007.6035267069424,2010.86564241997,2006.7806710490838,2009.9576549743947
2024-01-12 21:45:00+00:00,2009.9576549743947,2010.557896556026,2008.410625471239,2009.172905758664
2024-01-12 21:50:00+00:00,2009.172905758664,2009.9307019172093,2008.3115896375518,2008.6265799850094
2024-01-12 21:55:00+00:00,2008.6265799850094,2009.7660162234574,2008.032560823898,2009.0563098701425
2024-01-12 22:00:00+00:00,2009.0563098701425,2009.5293921363348,2008.4979275359296,2009.4168721226144
2024-01-12 22:05:00+00:00,2009.4168721226144,2009.9523651082168,2008.2042503290006,2009.101722723134
2024-01-12 22:10:00+00:00,2009.101722723134,2010.0662852793437,2007.0035852045953,2007.5485674412614
2024-01-12 22:15:00+00:00,2007.5485674412614,2010.3426888221734,2007.4095311362992,2009.8442810612235
2024-01-12 22:20:00+00:00,2009.8442810612235,2010.3051813580726,2009.480122381134,2009.9179453750921
2024-01-12 22:25:00+00:00,2009.9179453750921,2010.6129257691064,2008.74882652769,2008.8588330874138
2024-01-12 22:30:00+00:00,2008.8588330874138,2009.246079521739,2006.1784659127445,2006.6856548631104
2024-01-12 22:35:00+00:00,2006.6856548631104,2008.694969298793,2005.989149785656,2007.9504798568078
2024-01-12 22:40:00+00:00,2007.9504798568078,2008.5813330410776,2007.801489312991,2008.2462679169785
2024-01-12 22:45:00+00:00,2008.2462679169785,2008.61121944603,2008.1100352424044,2008.2470504950948
2024-01-12 22:50:00+00:00,2008.2470504950948,2008.7362264251958,2006.6074607589765,2007.3045749685398
2024-01-12 22:55:00+00:00,2007.3045749685398,2008.2150577026596,2006.432883344045,2007.207953402503
2024-01-12 23:00:00+00:00,2007.207953402503,2007.4959100555088,2006.578367938336,2006.852559948793
2024-01-12 23:05:00+00:00,2006.852559948793,2007.6452754188713,2003.8472779064075,2004.588516348492
2024-01-12 23:10:00+00:00,2004.588516348492,2007.7297992742356,2004.080770645748,2007.007676419233
2024-01-12 23:15:00+00:00,2007.007676419233,2007.921085771685,2006.2196349891642,2007.4023260095419
2024-01-12 23:20:00+00:00,2007.4023260095419,2008.0715799404472,2006.8121354581212,2007.0881894585482
2024-01-12 23:25:00+00:00,2007.0881894585482,2007.2645103567386,2006.0607736351524,2006.2087673687315
2024-01-12 23:30:00+00:00,2006.2087673687315,2006.8791822308451,2005.5148513352494,2005.6566218459768
2024-01-12 23:35:00+00:00,2005.6566218459768,2007.9876143246897,2005.1721017246755,2007.8487776814145
2024-01-12 23:40:00+00:00,2007.8487776814145,2008.618147534141,2007.3408193754312,2008.2022287933585
2024-01-12 23:45:00+00:00,2008.2022287933585,2009.0209078125595,2006.6973273613282,2006.988091127102
2024-01-12 23:50:00+00:00,2006.988091127102,2008.6150611686314,2006.5168307049898,2007.7905317171007
2024-01-12 23:55:00+00:00,2007.7905317171007,2008.9202032202895,2007.201825619926,2008.2369890988566
2024-01-13 00:00:00+00:00,2008.2369890988566,2009.5592855429356,2008.0183586070902,2008.7095282988619
2024-01-13 00:05:00+00:00,2008.7095282988619,2009.4027597543304,2007.9792589288913,2008.5847741073762
2024-01-13 00:10:00+00:00,2008.5847741073762,2009.3021785551664,2007.5607097375232,2008.42575984484
2024-01-13 00:15:00+00:00,2008.42575984484,2009.2176785325883,2007.656329702446,2008.6146172157987
2024-01-13 00:20:00+00:00,2008.6146172157987,2009.3535189018735,2007.8462326923616,2008.4182563177935
2024-01-13 00:25:00+00:00,2008.4182563177935,2008.6453324784834,2006.2138301378773,2007.1321618639242
2024-01-13 00:30:00+00:00,2007.1321618639242,2007.87933258267,2005.3494695634295,2006.2173170568005
2024-01-13 00:35:00+00:00,2006.2173170568005,2006.4675488063888,2005.7236096381255,2006.2186627215249
2024-01-13 00:40:00+00:00,2006.2186627215249,2006.5652434556573,2004.4136585055605,2004.7599384910916
2024-01-13 00:45:00+00:00,2004.7599384910916,2005.03473023646,2004.3557804437885,2004.6307517195244
2024-01-13 00:50:00+00:00,2004.6307517195244,2005.3272533929837,2003.5463884883802,2004.3349582075712
2024-01-13 00:55:00+00:00,2004.3349582075712,2005.521608325188,2004.0060846431916,2004.9932135166048
2024-01-13 01:00:00+00:00,2004.9932135166048,2005.3455453218132,2004.0416242080266,2005.132658697211
2024-01-13 01:05:00+00:00,2005.132658697211,2006.0018619983553,2004.6109108577502,2004.854739796941
2024-01-13 01:10:00+00:00,2004.854739796941,2005.475618503531,2004.4511777694242,2004.5785438460744
2024-01-13 01:15:00+00:00,2004.5785438460744,2005.4894027579835,2003.8477155120254,2004.963003082838
2024-01-13 01:20:00+00:00,2004.963003082838,2006.003819091511,2004.2268959645035,2005.807309572849
2024-01-13 01:25:00+00:00,2005.807309572849,2006.0628392855265,2004.4455652008814,2004.82548067617
2024-01-13 01:30:00+00:00,2004.82548067617,2005.0684167570414,2002.9730477481894,2003.4261967430677
2024-01-13 01:35:00+00:00,2003.4261967430677,2003.6991781786685,2002.3472138356635,2002.7414628557979
2024-01-13 01:40:00+00:00,2002.7414628557979,2003.4748549945916,1999.8002678529072,2000.6363049704892
2024-01-13 01:45:00+00:00,2000.6363049704892,2001.0159792274487,1999.3817210761486,1999.9151120470217
2024-01-13 01:50:00+00:00,1999.9151120470217,2001.084699834358,1999.4399865630423,2000.6635227621496
2024-01-13 01:55:00+00:00,2000.6635227621496,2002.2117930831882,2000.223059027589,2001.546450368539
2024-01-13 02:00:00+00:00,2001.546450368539,2003.6620774984046,2001.2233614320319,2002.9339714173389
2024-01-13 02:05:00+00:00,2002.9339714173389,2003.312199794421,2002.0861963388447,2002.9866943027591
2024-01-13 02:10:00+00:00,2002.9866943027591,2003.469383497968,2002.2129447078132,2003.1206275977647
2024-01-13 02:15:00+00:00,2003.1206275977647,2003.5435820005966,2001.7800803524165,2002.57595394711
2024-01-13 02:20:00+00:00,2002.57595394711,2002.677560386112,2001.5595784949126,2002.0936428775715
2024-01-13 02:25:00+00:00,2002.0936428775715,2002.567649788183,2001.934601107858,2002.3474109465785
2024-01-13 02:30:00+00:00,2002.3474109465785,2003.7097151001524,2002.105808054899,2003.1669491593009
2024-01-13 02:35:00+00:00,2003.1669491593009,2003.9878400674975,2002.8002157236035,2003.5484045421513
2024-01-13 02:40:00+00:00,2003.5484045421513,2003.739336078959,2001.5038901502023,2001.6979404414303
2024-01-13 02:45:00+00:00,2001.6979404414303,2002.964762792002,2001.01358601081,2002.138949078843
2024-01-13 02:50:00+00:00,2002.138949078843,2002.2905757342173,2001.3464573552878,2002.1326272464507
2024-01-13 02:55:00+00:00,2002.1326272464507,2002.6955638079282,2001.0973528497773,2001.5854237301965
2024-01-13 03:00:00+00:00,2001.5854237301965,2002.3795242581662,2000.9907212854466,2001.7034787785349
2024-01-13 03:05:00+00:00,2001.7034787785349,2002.8393820919982,2000.8825827932815,2002.508973568813
2024-01-13 03:10:00+00:00,2002.508973568813,2003.503281534234,2001.6856334325391,2002.6261339968262
2024-01-13 03:15:00+00:00,2002.6261339968262,2003.5749855509898,2001.0030706166913,2001.9567259784671
2024-01-13 03:20:00+00:00,2001.9567259784671,2005.1660805337424,2001.5072123093087,2004.9893693599531
2024-01-13 03:25:00+00:00,2004.9893693599531,2005.124623758286,2003.7210412747293,2004.4029424562793
2024-01-13 03:30:00+00:00,2004.4029424562793,2004.9562339592692,2004.2113583025225,2004.81167445796
2024-01-13 03:35:00+00:00,2004.81167445796,2006.691486682944,2004.317225753495,2005.942870137689
2024-01-13 03:40:00+00:00,2005.942870137689,2006.1575550756472,2004.5231739894298,2005.1467802502702
2024-01-13 03:45:00+00:00,2005.1467802502702,2005.9083245016807,2004.4434433722843,2005.6324646610976
2024-01-13 03:50:00+00:00,2005.6324646610976,2005.9855892341393,2004.5969952234339,2004.8475095366614
2024-01-13 03:55:00+00:00,2004.8475095366614,2005.6151553308032,2003.8495780636763,2004.5920209121086
2024-01-13 04:00:00+00:00,2004.5920209121086,2005.4773510036741,2003.1510864421575,2003.8883621448608
2024-01-13 04:05:00+00:00,2003.8883621448608,2005.8011981195318,2003.4510564660193,2005.4726701418733
2024-01-13 04:10:00+00:00,2005.4726701418733,2005.6634995625136,2003.8485782007874,2004.2081411890454
2024-01-13 04:15:00+00:00,2004.2081411890454,2005.2480543176712,2003.7807952607818,2004.6618628640776
2024-01-13 04:20:00+00:00,2004.6618628640776,2005.0807620183487,2004.250525050624,2004.6795969170385
2024-01-13 04:25:00+00:00,2004.6795969170385,2005.2574322301991,2002.4004819746804,2002.864401718309
2024-01-13 04:30:00+00:00,2002.864401718309,2005.2391488581575,2002.376962544179,2004.4235638280627
2024-01-13 04:35:00+00:00,2004.4235638280627,2005.2020676323716,2003.27889212057,2003.891551004962
2024-01-13 04:40:00+00:00,2003.891551004962,2004.456903325565,2002.9911215711065,2003.6385178958642
2024-01-13 04:45:00+00:00,2003.6385178958642,2004.7452892860836,2003.331985540676,2003.8199135774148
2024-01-13 04:50:00+00:00,2003.8199135774148,2004.0400124136079,2002.1764315434816,2002.980773265512
2024-01-13 04:55:00+00:00,2002.980773265512,2003.6650559862014,2002.0284445763014,2002.2610602002671
2024-01-13 05:00:00+00:00,2002.2610602002671,2002.8679063043066,2002.0239455324572,2002.2114466162466
2024-01-13 05:05:00+00:00,2002.2114466162466,2002.6282125155728,2000.9014708700886,2001.3968155532873
2024-01-13 05:10:00+00:00,2001.3968155532873,2001.979052275795,2000.899267154349,2001.4698487649923
2024-01-13 05:15:00+00:00,2001.4698487649923,2003.4192199757188,2000.5995037096454,2002.603851025682
2024-01-13 05:20:00+00:00,2002.603851025682,2002.8930563448828,2000.684569014974,2001.6666197579204
2024-01-13 05:25:00+00:00,2001.6666197579204,2002.3027850234414,1999.391447530317,2000.2126255253893
2024-01-13 05:30:00+00:00,2000.2126255253893,2000.4919033875553,1999.524080687324,2000.075933299224
2024-01-13 05:35:00+00:00,2000.075933299224,2000.930917058595,1999.1642563869216,2000.4235706074514
2024-01-13 05:40:00+00:00,2000.4235706074514,2001.2723010753193,1999.8404278631663,2001.0149251491803
2024-01-13 05:45:00+00:00,2001.0149251491803,2001.2658486206506,1999.8010166241154,2000.0032631861236
2024-01-13 05:50:00+00:00,2000.0032631861236,2000.3756674948684,1997.2045380450563,1997.8488370928167
2024-01-13 05:55:00+00:00,1997.8488370928167,1999.515026916511,1997.1128283049482,1998.629159783974
2024-01-13 06:00:00+00:00,1998.629159783974,2000.1113624714744,1998.089192720232,1999.2582882274166
2024-01-13 06:05:00+00:00,1999.2582882274166,2001.5045200878924,1999.1278843507641,2000.6126308232083
2024-01-13 06:10:00+00:00,2000.6126308232083,2001.302947329439,1999.0740163276007,1999.7201569387278
2024-01-13 06:15:00+00:00,1999.7201569387278,2000.93488396319,1999.5953896010233,2000.2134724539947
2024-01-13 06:20:00+00:00,2000.2134724539947,2001.95130228696,1999.8236852096923,2001.1094930758265
2024-01-13 06:25:00+00:00,2001.1094930758265,2001.3514218491337,1999.0447213563432,1999.4256634021292
2024-01-13 06:30:00+00:00,1999.4256634021292,2000.5471927336773,1999.2770501181808,2000.3654424750976
2024-01-13 06:35:00+00:00,2000.3654424750976,2002.1827298103594,1999.9281473410033,2001.6441015292853
2024-01-13 06:40:00+00:00,2001.6441015292853,2002.3282796975077,2000.9922825920114,2002.1524874284305
2024-01-13 06:45:00+00:00,2002.1524874284305,2003.3136127940777,2001.9534118466702,2002.6233867582787
2024-01-13 06:50:00+00:00,2002.6233867582787,2003.442469443186,2002.2321643274684,2003.2777225365887
2024-01-13 06:55:00+00:00,2003.2777225365887,2003.7420352230874,2002.2293488984146,2003.0241940267565
2024-01-13 07:00:00+00:00,2003.0241940267565,2004.0059663828984,2001.1277347260773,2001.7038288210708
2024-01-13 07:05:00+00:00,2001.7038288210708,2001.9625539294166,2000.739718115927,2000.8486167868846
2024-01-13 07:10:00+00:00,2000.8486167868846,2001.610721055522,2000.5416282118763,2000.669446065337
2024-01-13 07:15:00+00:00,2000.669446065337,2001.2052146278322,1999.6070333809748,1999.8830394114436
2024-01-13 07:20:00+00:00,1999.8830394114436,2001.5996034377572,1999.5223555085847,2000.7930182838688
2024-01-13 07:25:00+00:00,2000.7930182838688,2001.4217285160807,1999.439432563786,2000.4049394274741
2024-01-13 07:30:00+00:00,2000.4049394274741,2001.0876121765436,1999.926607157266,2000.2845336635826
2024-01-13 07:35:00+00:00,2000.2845336635826,2000.9621689729358,1998.1879376524766,1998.6643246299811
2024-01-13 07:40:00+00:00,1998.6643246299811,1999.178285220511,1997.9437197599304,1999.0043211520783
2024-01-13 07:45:00+00:00,1999.0043211520783,1999.4293127836147,1997.623702355195,1998.3485883931369
2024-01-13 07:50:00+00:00,1998.3485883931369,2000.687399167004,1997.7856577971238,1999.6952573366584
2024-01-13 07:55:00+00:00,1999.6952573366584,2000.6940651611087,1997.2194238270001,1998.1190017759154
2024-01-13 08:00:00+00:00,1998.1190017759154,1999.3176624561077,1997.6548066723528,1998.3935892326244
2024-01-13 08:05:00+00:00,1998.3935892326244,1998.9691716230072,1997.1779720410648,1998.0082980216175
2024-01-13 08:10:00+00:00,1998.0082980216175,1998.9634717760557,1997.1904981995006,1997.6618457454676
2024-01-13 08:15:00+00:00,1997.6618457454676,1999.8265648080687,1996.8501432292594,1999.181867549474
2024-01-13 08:20:00+00:00,1999.181867549474,2000.5635921457697,1998.3359827130132,2000.0297805055902
2024-01-13 08:25:00+00:00,2000.0297805055902,2000.7715774845951,1998.387614218235,1999.241594408849
2024-01-13 08:30:00+00:00,1999.241594408849,2001.1009439057373,1998.9894830357075,2000.483476402518
2024-01-13 08:35:00+00:00,2000.483476402518,2001.3456653723165,1999.550702673939,1999.8757550783762
2024-01-13 08:40:00+00:00,1999.8757550783762,2001.166631520797,1999.4981398114458,2000.576459543209
2024-01-13 08:45:00+00:00,2000.576459543209,2000.6773877607095,1998.8711190660972,1998.9892787256892
2024-01-13 08:50:00+00:00,1998.9892787256892,1999.1112205322734,1998.5163947651567,1998.6793502762594
2024-01-13 08:55:00+00:00,1998.6793502762594,1999.0129970966268,1998.0899042779365,1998.398948240195
2024-01-13 09:00:00+00:00,1998.398948240195,1998.7871631989692,1997.6749217166027,1998.0832060437938
2024-01-13 09:05:00+00:00,1998.0832060437938,1998.7012464486045,1996.1447172669018,1996.6288774086197
2024-01-13 09:10:00+00:00,1996.6288774086197,1997.5674081530663,1994.7792453622349,1994.8983765675428
2024-01-13 09:15:00+00:00,1994.8983765675428,1995.4398760358781,1994.221106765278,1994.8648619430417
2024-01-13 09:20:00+00:00,1994.8648619430417,1995.819868002293,1994.0717515175058,1995.394591429072
2024-01-13 09:25:00+00:00,1995.394591429072,1995.6873702932883,1994.6644196692264,1995.4073253466872
2024-01-13 09:30:00+00:00,1995.4073253466872,1995.6910059786176,1994.4455632166994,1995.0817418104907
2024-01-13 09:35:00+00:00,1995.0817418104907,1995.976539132131,1993.2510584956376,1993.704229677529
2024-01-13 09:40:00+00:00,1993.704229677529,1994.4613688586312,1993.0732900601993,1993.4435373215508
2024-01-13 09:45:00+00:00,1993.4435373215508,1994.1769090643875,1992.4943196144309,1992.9234861002146
2024-01-13 09:50:00+00:00,1992.9234861002146,1993.7620126450722,1991.7820272941474,1992.2571563449164
2024-01-13 09:55:00+00:00,1992.2571563449164,1993.3842313730472,1991.445592190125,1992.400136935677
2024-01-13 10:00:00+00:00,1992.400136935677,1992.7661904464524,1991.6587808385668,1992.539036785471
2024-01-13 10:05:00+00:00,1992.539036785471,1993.7334825965543,1991.584995298072,1992.8841735010767
2024-01-13 10:10:00+00:00,1992.8841735010767,1993.2430676430924,1992.3748382014069,1992.6360372563609
2024-01-13 10:15:00+00:00,1992.6360372563609,1993.4668316185337,1991.287145312348,1991.8677375748134
2024-01-13 10:20:00+00:00,1991.8677375748134,1992.1090407053734,1991.077191031133,1991.6726533118274
2024-01-13 10:25:00+00:00,1991.6726533118274,1992.419585108054,1990.6846226796144,1991.3751578643748
2024-01-13 10:30:00+00:00,1991.3751578643748,1991.5797029827093,1989.0073321553227,1989.877623911812
2024-01-13 10:35:00+00:00,1989.877623911812,1990.00913254319,1988.7406573432177,1989.5454408993178
2024-01-13 10:40:00+00:00,1989.5454408993178,1989.8546741871994,1987.2038142391116,1988.0297614004292
2024-01-13 10:45:00+00:00,1988.0297614004292,1988.6001729838413,1985.773382620716,1986.2326954362507
2024-01-13 10:50:00+00:00,1986.2326954362507,1986.787107849099,1984.5626929898592,1985.4715947404936
2024-01-13 10:55:00+00:00,1985.4715947404936,1985.9687491168606,1984.163421772862,1984.8725686139328
2024-01-13 11:00:00+00:00,1984.8725686139328,1985.9455422280705,1984.0236573885106,1985.4803223904028
2024-01-13 11:05:00+00:00,1985.4803223904028,1986.469480097489,1984.818775852515,1985.181729300805
2024-01-13 11:10:00+00:00,1985.181729300805,1986.5083565034265,1984.5678613387777,1985.6389120646527
2024-01-13 11:15:00+00:00,1985.6389120646527,1987.7675789556463,1984.8553792728976,1986.9190663295515
2024-01-13 11:20:00+00:00,1986.9190663295515,1987.3280554372097,1986.044328862634,1987.0073014311176
2024-01-13 11:25:00+00:00,1987.0073014311176,1987.4326289755115,1986.4866615396675,1987.3294446338
2024-01-13 11:30:00+00:00,1987.3294446338,1988.2256770426886,1985.8228530107194,1986.6866149396603
2024-01-13 11:35:00+00:00,1986.6866149396603,1987.8784543650381,1986.408760858305,1987.4061518776084
2024-01-13 11:40:00+00:00,1987.4061518776084,1988.3416450944485,1987.2147315192328,1987.4385235858863
2024-01-13 11:45:00+00:00,1987.4385235858863,1987.8656902651153,1987.2570088640296,1987.4770802055596
2024-01-13 11:50:00+00:00,1987.4770802055596,1988.453841344537,1986.3282405917566,1986.4410141162546
2024-01-13 11:55:00+00:00,1986.4410141162546,1987.3488299472874,1984.9535011027162,1985.5776624316522
2024-01-13 12:00:00+00:00,1985.5776624316522,1986.1717712272898,1984.4704256699447,1984.9508424646128
2024-01-13 12:05:00+00:00,1984.9508424646128,1985.3882937474716,1984.111803834222,1985.0237556347652
2024-01-13 12:10:00+00:00,1985.0237556347652,1986.3501934434896,1984.3717059517626,1985.9851179232544
2024-01-13 12:15:00+00:00,1985.9851179232544,1986.1868130386408,1983.7200060138398,1984.600437435954
2024-01-13 12:20:00+00:00,1984.600437435954,1985.2303076219812,1983.6015720965493,1984.2500026711718
2024-01-13 12:25:00+00:00,1984.2500026711718,1985.220380875322,1983.4863312295322,1983.9497955890527
2024-01-13 12:30:00+00:00,1983.9497955890527,1986.6279333223786,1983.413277247439,1985.9787210173788
2024-01-13 12:35:00+00:00,1985.9787210173788,1986.341439567198,1985.0835574196599,1985.776669237164
2024-01-13 12:40:00+00:00,1985.776669237164,1986.6545173151908,1984.6862363017842,1985.2708216835074
2024-01-13 12:45:00+00:00,1985.2708216835074,1986.3977264696853,1984.7179503997904,1985.9192665393405
2024-01-13 12:50:00+00:00,1985.9192665393405,1986.1936061333586,1984.176718269045,1984.8975526490628
2024-01-13 12:55:00+00:00,1984.8975526490628,1985.989069939799,1984.4728903504167,1985.361828351015
2024-01-13 13:00:00+00:00,1985.361828351015,1986.0111375779231,1983.5639551989264,1983.8304223898836
2024-01-13 13:05:00+00:00,1983.8304223898836,1985.967043802734,1983.5591297863466,1985.628508318764
2024-01-13 13:10:00+00:00,1985.628508318764,1986.1313804012816,1984.6120565597041,1985.563885714044
2024-01-13 13:15:00+00:00,1985.563885714044,1986.3440123142452,1984.225958061428,1985.1547200126372
2024-01-13 13:20:00+00:00,1985.1547200126372,1985.637620270407,1983.2311483495191,1983.9473442830536
2024-01-13 13:25:00+00:00,1983.9473442830536,1984.6067922370844,1982.8162942090476,1983.786968007774
2024-01-13 13:30:00+00:00,1983.786968007774,1984.2095177212598,1982.8602793506464,1983.8375410468784
2024-01-13 13:35:00+00:00,1983.8375410468784,1984.6671115805314,1982.9314686829252,1983.1556392479183
2024-01-13 13:40:00+00:00,1983.1556392479183,1984.4490282929864,1982.1680972472004,1984.2049785681031
2024-01-13 13:45:00+00:00,1984.2049785681031,1984.4672461270006,1982.908789667658,1983.885256429171
2024-01-13 13:50:00+00:00,1983.885256429171,1984.8286237561042,1983.5871315243996,1983.9460333269428
2024-01-13 13:55:00+00:00,1983.9460333269428,1984.8517179681157,1983.3307978740127,1984.1789281661436
2024-01-13 14:00:00+00:00,1984.1789281661436,1985.5394454951036,1983.4560959351575,1985.3807410790992
2024-01-13 14:05:00+00:00,1985.3807410790992,1986.2182667085212,1984.7231552706721,1985.0142951385887
2024-01-13 14:10:00+00:00,1985.0142951385887,1985.6636003103408,1984.2168140746778,1985.0555366767337
2024-01-13 14:15:00+00:00,1985.0555366767337,1986.0189959517122,1984.7369006805009,1985.2986727118785
2024-01-13 14:20:00+00:00,1985.2986727118785,1986.7198649695445,1984.4424132813522,1985.83009177888
2024-01-13 14:25:00+00:00,1985.83009177888,1986.570491833673,1983.3560857283603,1984.157808396971
2024-01-13 14:30:00+00:00,1984.157808396971,1985.673862808808,1983.1884641000674,1985.1736841828274
2024-01-13 14:35:00+00:00,1985.1736841828274,1986.1162337492528,1984.549417023623,1985.0448807660623
2024-01-13 14:40:00+00:00,1985.0448807660623,1985.780192940708,1984.032736826224,1984.3763893848788
2024-01-13 14:45:00+00:00,1984.3763893848788,1984.9852762824216,1983.7416209409523,1984.331137579013
2024-01-13 14:50:00+00:00,1984.331137579013,1985.2917861117808,1981.7146834545636,1982.583536617597
2024-01-13 14:55:00+00:00,1982.583536617597,1983.461622766272,1980.979376133591,1981.8756154794305
2024-01-13 15:00:00+00:00,1981.8756154794305,1982.340481197554,1981.1348633902285,1982.0283596456547
2024-01-13 15:05:00+00:00,1982.0283596456547,1983.3776523359727,1981.8854236087118,1983.236055649705
2024-01-13 15:10:00+00:00,1983.236055649705,1983.7584994356862,1982.318314862443,1983.1466423011236
2024-01-13 15:15:00+00:00,1983.1466423011236,1983.816733787645,1982.4979082636305,1983.4884469257731
2024-01-13 15:20:00+00:00,1983.4884469257731,1983.823862930073,1982.6805779682438,1983.209382101274
2024-01-13 15:25:00+00:00,1983.209382101274,1984.7234576169371,1982.465807098305,1983.9713636605256
2024-01-13 15:30:00+00:00,1983.9713636605256,1984.289913285785,1983.0577133511965,1983.5983759938852
2024-01-13 15:35:00+00:00,1983.5983759938852,1984.4558040115933,1983.28365406576,1984.0000054559666
2024-01-13 15:40:00+00:00,1984.0000054559666,1984.208287194003,1983.2755252925792,1983.6857610589234
2024-01-13 15:45:00+00:00,1983.6857610589234,1984.039171205687,1982.1684516781665,1982.8020094013227
2024-01-13 15:50:00+00:00,1982.8020094013227,1983.38551080167,1981.778093826074,1981.895561354364
2024-01-13 15:55:00+00:00,1981.895561354364,1982.6431913434149,1980.3209214092813,1981.3028647900724
2024-01-13 16:00:00+00:00,1981.3028647900724,1982.8708799736517,1981.1195591353467,1982.3357230261947
2024-01-13 16:05:00+00:00,1982.3357230261947,1985.6197172595043,1981.341700516414,1985.1986469776984
2024-01-13 16:10:00+00:00,1985.1986469776984,1986.1982192589016,1984.7460131281312,1985.0069006084423
2024-01-13 16:15:00+00:00,1985.0069006084423,1985.3503902549771,1983.5070043585729,1984.332476599473
2024-01-13 16:20:00+00:00,1984.332476599473,1985.4820832045343,1983.5259542653255,1984.8020011361589
2024-01-13 16:25:00+00:00,1984.8020011361589,1985.9127641531268,1983.8080030524097,1985.2331304271668
2024-01-13 16:30:00+00:00,1985.2331304271668,1985.76255718189,1983.7979091372838,1984.747173139564
2024-01-13 16:35:00+00:00,1984.747173139564,1986.7741783773754,1983.9723916760847,1986.4690673223026
2024-01-13 16:40:00+00:00,1986.4690673223026,1987.3857136378845,1985.7720916475073,1987.2510105638778
2024-01-13 16:45:00+00:00,1987.2510105638778,1988.5348108730839,1986.327844778156,1988.0952107223463
2024-01-13 16:50:00+00:00,1988.0952107223463,1988.595184899106,1987.505726464391,1988.1491244903177
2024-01-13 16:55:00+00:00,1988.1491244903177,1989.2305167966626,1987.661639835706,1988.2633142282439
2024-01-13 17:00:00+00:00,1988.2633142282439,1989.5273083697473,1987.771164661256,1989.1377824628119
2024-01-13 17:05:00+00:00,1989.1377824628119,1990.124528111,1987.0961584699983,1987.8816174510796
2024-01-13 17:10:00+00:00,1987.8816174510796,1988.6058964605706,1986.378190290569,1987.1546373320152
2024-01-13 17:15:00+00:00,1987.1546373320152,1987.6730929359444,1986.1922128629813,1987.2338481788704
2024-01-13 17:20:00+00:00,1987.2338481788704,1987.5774404218018,1985.528326284798,1985.914797105858
2024-01-13 17:25:00+00:00,1985.914797105858,1987.6806636614544,1985.48524723896,1987.3955238061337
2024-01-13 17:30:00+00:00,1987.3955238061337,1987.712222906905,1986.3512116594006,1986.8352133325886
2024-01-13 17:35:00+00:00,1986.8352133325886,1987.7204230609307,1985.8569037882435,1986.4497416211727
2024-01-13 17:40:00+00:00,1986.4497416211727,1987.5082606308447,1985.765751867247,1986.7433996922844
2024-01-13 17:45:00+00:00,1986.7433996922844,1988.775151097109,1986.2615343875837,1988.1035670629647
2024-01-13 17:50:00+00:00,1988.1035670629647,1988.5278988611465,1987.67063355449,1988.0670033882961
2024-01-13 17:55:00+00:00,1988.0670033882961,1988.7712844649946,1986.6740029840662,1987.3776862404761
2024-01-13 18:00:00+00:00,1987.3776862404761,1988.302666772203,1985.95226231301,1986.5392455086376
2024-01-13 18:05:00+00:00,1986.5392455086376,1986.8630509775192,1985.7899288861277,1986.7508873769386
2024-01-13 18:10:00+00:00,1986.7508873769386,1987.414203331623,1985.9344254711248,1986.2311205293852
2024-01-13 18:15:00+00:00,1986.2311205293852,1988.5874407980118,1985.9006163317772,1988.3707281075617
2024-01-13 18:20:00+00:00,1988.3707281075617,1990.479099851793,1987.6394847929828,1989.50627260039
2024-01-13 18:25:00+00:00,1989.50627260039,1990.0759629927566,1986.023475750266,1986.6564705601725
2024-01-13 18:30:00+00:00,1986.6564705601725,1987.5583049887748,1985.6724823552988,1985.8219741236692
2024-01-13 18:35:00+00:00,1985.8219741236692,1986.472034778369,1985.3615252767938,1986.1421949697126
2024-01-13 18:40:00+00:00,1986.1421949697126,1988.9241482282034,1985.713174726839,1988.2278349421156
2024-01-13 18:45:00+00:00,1988.2278349421156,1989.0942492947797,1986.0149044487048,1986.4126737602617
2024-01-13 18:50:00+00:00,1986.4126737602617,1986.5170625925716,1985.1597195109352,1986.0163107605404
2024-01-13 18:55:00+00:00,1986.0163107605404,1987.56202319134,1985.5975871804799,1987.1032758359545
2024-01-13 19:00:00+00:00,1987.1032758359545,1987.6325028788604,1986.100578452452,1986.4814211065975
2024-01-13 19:05:00+00:00,1986.4814211065975,1986.7795067592378,1985.9927032755065,1986.547983766132
2024-01-13 19:10:00+00:00,1986.547983766132,1986.7229790320641,1985.128613550701,1986.0998480961614
2024-01-13 19:15:00+00:00,1986.0998480961614,1987.6543763061402,1985.4107520051266,1986.7065564499878
2024-01-13 19:20:00+00:00,1986.7065564499878,1987.6522773456327,1985.455387049455,1985.7195604659787
2024-01-13 19:25:00+00:00,1985.7195604659787,1986.2840611137158,1984.7558626115274,1985.7425442606907
2024-01-13 19:30:00+00:00,1985.7425442606907,1985.9014119417736,1983.8358174037846,1984.435238367542
2024-01-13 19:35:00+00:00,1984.435238367542,1986.2279398888093,1984.2332251973467,1985.3169347118178
2024-01-13 19:40:00+00:00,1985.3169347118178,1986.1612651077514,1985.156131585589,1985.8639941500107
2024-01-13 19:45:00+00:00,1985.8639941500107,1986.0312537799066,1985.3220080135611,1985.8335161099915
2024-01-13 19:50:00+00:00,1985.8335161099915,1986.1372000842596,1984.928415262121,1985.8691117121436
2024-01-13 19:55:00+00:00,1985.8691117121436,1986.153618984202,1985.26583414555,1985.8960567661477
2024-01-13 20:00:00+00:00,1985.8960567661477,1986.1372817259585,1984.689989129491,1985.56596526445
2024-01-13 20:05:00+00:00,1985.56596526445,1986.1616723092552,1985.2654451790897,1985.7095850516894
2024-01-13 20:10:00+00:00,1985.7095850516894,1986.4712991380336,1985.3618555745759,1986.0420817909567
2024-01-13 20:15:00+00:00,1986.0420817909567,1986.3748695297452,1985.3480869411017,1985.982472287103
2024-01-13 20:20:00+00:00,1985.982472287103,1986.2097411438333,1984.8702920606265,1985.449691164741
2024-01-13 20:25:00+00:00,1985.449691164741,1985.886845856109,1984.9836124504518,1985.0861025490678
2024-01-13 20:30:00+00:00,1985.0861025490678,1985.4179458896995,1983.7624699083344,1984.6757477922636
2024-01-13 20:35:00+00:00,1984.6757477922636,1985.579479282154,1984.1808861366767,1985.0868181393555
2024-01-13 20:40:00+00:00,1985.0868181393555,1986.016957016303,1984.7457132806744,1985.2281798536546
2024-01-13 20:45:00+00:00,1985.2281798536546,1987.551986012433,1984.256607294477,1987.0061798638626
2024-01-13 20:50:00+00:00,1987.0061798638626,1987.7261696070657,1986.3763343065561,1986.8525824537248
2024-01-13 20:55:00+00:00,1986.8525824537248,1987.7840044913598,1985.8925953151847,1986.9227961233062
2024-01-13 21:00:00+00:00,1986.9227961233062,1987.3320924623852,1985.862794057554,1986.3588037938234
2024-01-13 21:05:00+00:00,1986.3588037938234,1987.218539612697,1985.7861672062763,1986.4522007140442
2024-01-13 21:10:00+00:00,1986.4522007140442,1986.7620951390015,1985.7826974929646,1986.0543143769476
2024-01-13 21:15:00+00:00,1986.0543143769476,1986.2977031386602,1984.8540631888072,1985.2834042533104
2024-01-13 21:20:00+00:00,1985.2834042533104,1985.7534126728797,1985.15237594965,1985.4311254977092
2024-01-13 21:25:00+00:00,1985.4311254977092,1987.859389015286,1984.6607920200652,1986.8656030365041
2024-01-13 21:30:00+00:00,1986.8656030365041,1987.859515133692,1985.175119121313,1986.0890813162964
2024-01-13 21:35:00+00:00,1986.0890813162964,1986.6841743355299,1985.0512477146845,1985.5051777887443
2024-01-13 21:40:00+00:00,1985.5051777887443,1986.2796739947705,1984.723789141291,1985.4718083138505
2024-01-13 21:45:00+00:00,1985.4718083138505,1986.1710293591887,1984.912822390113,1985.7021707169247
2024-01-13 21:50:00+00:00,1985.7021707169247,1987.4692594226601,1985.0069987811607,1986.8745168708529
2024-01-13 21:55:00+00:00,1986.8745168708529,1986.9830309956455,1985.6698000960664,1986.2932236907857
2024-01-13 22:00:00+00:00,1986.2932236907857,1986.953505202504,1985.838459877899,1986.168826803305
2024-01-13 22:05:00+00:00,1986.168826803305,1986.3981189036958,1984.4531686180392,1985.4524885919038
2024-01-13 22:10:00+00:00,1985.4524885919038,1985.9606349234277,1984.2083921981161,1984.6626599835542
2024-01-13 22:15:00+00:00,1984.6626599835542,1985.2361705245726,1983.7217564137263,1984.233440172674
2024-01-13 22:20:00+00:00,1984.233440172674,1984.9810743221076,1982.4738237641864,1983.2242208282487
2024-01-13 22:25:00+00:00,1983.2242208282487,1984.154362557436,1982.88936096117,1983.6196380067854
2024-01-13 22:30:00+00:00,1983.6196380067854,1984.9862218706637,1983.0473693073425,1984.5581280308575
2024-01-13 22:35:00+00:00,1984.5581280308575,1985.471347823711,1983.2604641106798,1984.0831323713564
2024-01-13 22:40:00+00:00,1984.0831323713564,1984.631240104548,1983.3267372576368,1983.4389403340947
2024-01-13 22:45:00+00:00,1983.4389403340947,1985.261719665407,1982.5193114746157,1984.6166763827014
2024-01-13 22:50:00+00:00,1984.6166763827014,1985.4680323005634,1984.2658930025186,1984.4087797843788
2024-01-13 22:55:00+00:00,1984.4087797843788,1986.301387282226,1984.252856081448,1985.7299812564931
2024-01-13 23:00:00+00:00,1985.7299812564931,1985.8631184560707,1982.8629056209559,1983.1080515890224
2024-01-13 23:05:00+00:00,1983.1080515890224,1983.8709264478418,1982.8227125381188,1982.9413162137362
2024-01-13 23:10:00+00:00,1982.9413162137362,1983.6402634068581,1981.8641344811313,1982.00693180682
2024-01-13 23:15:00+00:00,1982.00693180682,1982.2080645077556,1981.142749353965,1981.5075661059054
2024-01-13 23:20:00+00:00,1981.5075661059054,1982.385658846406,1980.8307394882959,1982.2138357179474
2024-01-13 23:25:00+00:00,1982.2138357179474,1983.9830865383303,1981.370961059289,1983.1672242654852
2024-01-13 23:30:00+00:00,1983.1672242654852,1983.7798767439403,1982.3600594224267,1982.990551861909
2024-01-13 23:35:00+00:00,1982.990551861909,1984.6393565306396,1982.8589400972787,1983.8127084868543
2024-01-13 23:40:00+00:00,1983.8127084868543,1984.6567409290576,1982.2807879766094,1982.7835269540362
2024-01-13 23:45:00+00:00,1982.7835269540362,1983.372879575276,1982.6568067153157,1983.00656185155
2024-01-13 23:50:00+00:00,1983.00656185155,1983.9210850497952,1982.0726832205878,1982.8460491928192
2024-01-13 23:55:00+00:00,1982.8460491928192,1983.4173755637294,1980.9751611732663,1981.293800196633
2024-01-14 00:00:00+00:00,1981.293800196633,1982.4632928396143,1980.520683629864,1982.0842318871662
2024-01-14 00:05:00+00:00,1982.0842318871662,1983.0309556766085,1981.0494174440978,1981.4578442922143
2024-01-14 00:10:00+00:00,1981.4578442922143,1981.9654376628405,1981.1769961589973,1981.8260154507384
2024-01-14 00:15:00+00:00,1981.8260154507384,1982.565505440652,1980.8006610572056,1981.1161483584483
2024-01-14 00:20:00+00:00,1981.1161483584483,1981.3901324442718,1980.8201361072192,1981.2531364670572
2024-01-14 00:25:00+00:00,1981.2531364670572,1982.6891310521955,1981.0442200088232,1981.7848861337845
2024-01-14 00:30:00+00:00,1981.7848861337845,1982.2218028002442,1980.885575340841,1981.7624176122638
2024-01-14 00:35:00+00:00,1981.7624176122638,1981.8657558450748,1980.672724031237,1981.3132469992902
2024-01-14 00:40:00+00:00,1981.3132469992902,1982.4307571956176,1980.9531825891813,1981.8387919180643
2024-01-14 00:45:00+00:00,1981.8387919180643,1982.36079178547,1981.3633150535252,1982.0107242081278
2024-01-14 00:50:00+00:00,1982.0107242081278,1982.458941239624,1981.258814649885,1981.614610514366
2024-01-14 00:55:00+00:00,1981.614610514366,1982.204441268436,1981.098888297695,1981.636617008964
2024-01-14 01:00:00+00:00,1981.636617008964,1982.2210588330022,1981.198544559873,1981.5463671544082
2024-01-14 01:05:00+00:00,1981.5463671544082,1982.0382050466617,1981.104045517733,1981.2236614990725
2024-01-14 01:10:00+00:00,1981.2236614990725,1982.7274279227354,1980.8758783598823,1982.019527738743
2024-01-14 01:15:00+00:00,1982.019527738743,1983.7421431234513,1981.396906774576,1983.568882358558
2024-01-14 01:20:00+00:00,1983.568882358558,1983.9324325317366,1982.6654953029924,1983.094640980866
2024-01-14 01:25:00+00:00,1983.094640980866,1983.2067725662012,1982.8282149270574,1982.9742039057342
2024-01-14 01:30:00+00:00,1982.9742039057342,1983.925436469127,1981.1733494114653,1982.1149096211225
2024-01-14 01:35:00+00:00,1982.1149096211225,1982.4888058145875,1980.6404125056602,1980.9039068569323
2024-01-14 01:40:00+00:00,1980.9039068569323,1982.4086220309491,1980.3254082037658,1981.911656067088
2024-01-14 01:45:00+00:00,1981.911656067088,1982.2968482866024,1980.6797090357734,1981.295293077527
2024-01-14 01:50:00+00:00,1981.295293077527,1982.2039941513324,1981.1646795611118,1981.588544174123
2024-01-14 01:55:00+00:00,1981.588544174123,1981.813175637033,1979.7864336297878,1980.3571868818403
2024-01-14 02:00:00+00:00,1980.3571868818403,1981.2024798795178,1978.908201731206,1979.7703680736631
2024-01-14 02:05:00+00:00,1979.7703680736631,1980.657942511661,1978.9985302169277,1980.184098538137
2024-01-14 02:10:00+00:00,1980.184098538137,1981.482564286662,1979.468040276283,1980.599133460303
2024-01-14 02:15:00+00:00,1980.599133460303,1980.9827311088789,1980.3301767672322,1980.7977759671135
2024-01-14 02:20:00+00:00,1980.7977759671135,1982.127592969266,1980.0541932516721,1981.1530585396795
2024-01-14 02:25:00+00:00,1981.1530585396795,1981.9083895261967,1980.8357494796437,1981.3363920925688
2024-01-14 02:30:00+00:00,1981.3363920925688,1982.5611701804005,1980.3466485650501,1982.2266859908004
2024-01-14 02:35:00+00:00,1982.2266859908004,1984.4924358435512,1981.399719460959,1983.7429497717242
2024-01-14 02:40:00+00:00,1983.7429497717242,1985.2299723398664,1982.8518122646644,1984.2380359459426
2024-01-14 02:45:00+00:00,1984.2380359459426,1984.8837486065272,1983.4472802361538,1984.125318878486
2024-01-14 02:50:00+00:00,1984.125318878486,1984.4635810828606,1982.8775433771975,1983.188447576545
2024-01-14 02:55:00+00:00,1983.188447576545,1983.9758993978833,1982.1849942902224,1982.7386506381679
2024-01-14 03:00:00+00:00,1982.7386506381679,1983.723153174678,1981.4733469307077,1982.4348216420317
2024-01-14 03:05:00+00:00,1982.4348216420317,1984.5452867453057,1981.5922445654332,1983.7178903284025
2024-01-14 03:10:00+00:00,1983.7178903284025,1984.2230754235215,1981.4477558405058,1982.31262315647
2024-01-14 03:15:00+00:00,1982.31262315647,1983.0212407934375,1981.3116016755869,1981.5830084381025
2024-01-14 03:20:00+00:00,1981.5830084381025,1982.411523644696,1979.8223123299958,1980.6424762203155
2024-01-14 03:25:00+00:00,1980.6424762203155,1981.7140575335334,1980.0801054125086,1981.4080742973695
2024-01-14 03:30:00+00:00,1981.4080742973695,1982.0524836528487,1980.3604031031282,1980.768030868261
2024-01-14 03:35:00+00:00,1980.768030868261,1981.0715132253822,1978.3288484122472,1979.101337098812
2024-01-14 03:40:00+00:00,1979.101337098812,1979.9027046325464,1976.3501691034344,1977.2367243966291
2024-01-14 03:45:00+00:00,1977.2367243966291,1978.1075048194998,1976.4794038731545,1977.4963632241604
2024-01-14 03:50:00+00:00,1977.4963632241604,1977.7931328540017,1975.7982233209577,1976.008059338956
2024-01-14 03:55:00+00:00,1976.008059338956,1977.773067337906,1975.7191944835668,1976.9771981178176
2024-01-14 04:00:00+00:00,1976.9771981178176,1978.5873149963154,1976.5461978291553,1977.911847788525
2024-01-14 04:05:00+00:00,1977.911847788525,1978.3077166655396,1976.5364696501636,1976.8683039339505
2024-01-14 04:10:00+00:00,1976.8683039339505,1977.5046786116204,1975.8790358639849,1976.5382077116908
2024-01-14 04:15:00+00:00,1976.5382077116908,1977.4815618177379,1976.3430823809708,1976.531303581424
2024-01-14 04:20:00+00:00,1976.531303581424,1977.0201831107534,1974.4055249564913,1975.1597158843656
2024-01-14 04:25:00+00:00,1975.1597158843656,1975.6951280971946,1973.6930773488125,1974.0197620602255
2024-01-14 04:30:00+00:00,1974.0197620602255,1974.9110770395264,1972.773469730567,1973.4186612212181
2024-01-14 04:35:00+00:00,1973.4186612212181,1974.1407603206753,1972.543468682086,1973.3528590651022
2024-01-14 04:40:00+00:00,1973.3528590651022,1973.8950672798637,1972.7872467288662,1973.5658868501378
2024-01-14 04:45:00+00:00,1973.5658868501378,1973.943855965126,1970.98019738218,1971.8412597958647
2024-01-14 04:50:00+00:00,1971.8412597958647,1972.3004803015347,1971.3933547020777,1972.021226682843
2024-01-14 04:55:00+00:00,1972.021226682843,1972.2503644498056,1971.039392193376,1971.880986776941
2024-01-14 05:00:00+00:00,1971.880986776941,1972.842159257296,1971.2253042814543,1971.6052079641677
2024-01-14 05:05:00+00:00,1971.6052079641677,1972.1887658975697,1970.710284432622,1971.152634311448
2024-01-14 05:10:00+00:00,1971.152634311448,1972.8959833296249,1970.2588078240624,1972.0391960560762
2024-01-14 05:15:00+00:00,1972.0391960560762,1973.9837233194378,1971.751430343889,1973.406341497705
2024-01-14 05:20:00+00:00,1973.406341497705,1973.982428972111,1972.55116260129,1972.9554719618593
2024-01-14 05:25:00+00:00,1972.9554719618593,1973.2417397944628,1972.6091393739632,1972.762765350904
2024-01-14 05:30:00+00:00,1972.762765350904,1973.4711550192446,1970.6089776364809,1971.2946659466274
2024-01-14 05:35:00+00:00,1971.2946659466274,1971.4618554797712,1970.5647636668223,1970.8923279781282
2024-01-14 05:40:00+00:00,1970.8923279781282,1971.8394162843704,1970.1475912100746,1971.4712078851414
2024-01-14 05:45:00+00:00,1971.4712078851414,1972.1674856723207,1970.9085956625067,1971.3407844344317
2024-01-14 05:50:00+00:00,1971.3407844344317,1971.9956186108257,1971.0146812528944,1971.6230831283096
2024-01-14 05:55:00+00:00,1971.6230831283096,1972.3319708294969,1970.9237080504047,1971.48678972323
2024-01-14 06:00:00+00:00,1971.48678972323,1972.3624208193996,1971.2532917270623,1971.5398099877395
2024-01-14 06:05:00+00:00,1971.5398099877395,1973.0408717923212,1970.6856272635496,1972.1059581438706
2024-01-14 06:10:00+00:00,1972.1059581438706,1973.5757335110197,1971.671630006506,1972.7634173943877
2024-01-14 06:15:00+00:00,1972.7634173943877,1972.9547327688676,1970.8434591480102,1970.9827786542373
2024-01-14 06:20:00+00:00,1970.9827786542373,1971.5769961462697,1969.9655112083358,1970.7628303372155
2024-01-14 06:25:00+00:00,1970.7628303372155,1971.0780700594046,1967.8902709026704,1968.1224526288756
2024-01-14 06:30:00+00:00,1968.1224526288756,1968.4286703108312,1967.3559074065606,1968.1151531641342
2024-01-14 06:35:00+00:00,1968.1151531641342,1969.0437438375852,1966.7869265677753,1967.6065313324978
2024-01-14 06:40:00+00:00,1967.6065313324978,1968.4494429828853,1966.0597679622258,1967.0572483700594
2024-01-14 06:45:00+00:00,1967.0572483700594,1968.6199546558435,1966.3824761683843,1968.4462962624457
2024-01-14 06:50:00+00:00,1968.4462962624457,1969.5584729074083,1967.9708501702387,1968.756034697788
2024-01-14 06:55:00+00:00,1968.756034697788,1970.1323173368935,1967.804699699551,1969.763185109953
2024-01-14 07:00:00+00:00,1969.763185109953,1970.8459705334649,1969.4098301638016,1970.3182380569208
2024-01-14 07:05:00+00:00,1970.3182380569208,1972.5083482529178,1969.8941150320582,1971.8276627545954
2024-01-14 07:10:00+00:00,1971.8276627545954,1972.0585093395216,1971.0809891443164,1971.6013671544158
2024-01-14 07:15:00+00:00,1971.6013671544158,1972.0917024455423,1970.8694741689906,1971.368775357404
2024-01-14 07:20:00+00:00,1971.368775357404,1971.8873773277246,1970.8999134375354,1971.2827736796637
2024-01-14 07:25:00+00:00,1971.2827736796637,1974.238586589336,1971.1001352320754,1973.4832416724585
2024-01-14 07:30:00+00:00,1973.4832416724585,1974.1029179617522,1972.112163997858,1973.0890558582335
2024-01-14 07:35:00+00:00,1973.0890558582335,1973.2818833467181,1972.7911390713784,1973.111848901573
2024-01-14 07:40:00+00:00,1973.111848901573,1974.4963022272843,1972.8528372483445,1974.3481524769913
2024-01-14 07:45:00+00:00,1974.3481524769913,1975.3489294806602,1973.5967066376384,1975.1788665257536
2024-01-14 07:50:00+00:00,1975.1788665257536,1975.5050103713147,1974.3119982185988,1974.733159813924
2024-01-14 07:55:00+00:00,1974.733159813924,1977.2103155859081,1974.0122172304598,1976.3037263295857
2024-01-14 08:00:00+00:00,1976.3037263295857,1977.3842627129827,1975.3681194304922,1976.7376556360575
2024-01-14 08:05:00+00:00,1976.7376556360575,1978.5559824118857,1976.0247419316427,1978.0417018507924
2024-01-14 08:10:00+00:00,1978.0417018507924,1979.3840568108867,1977.3321914257497,1978.588795217283
2024-01-14 08:15:00+00:00,1978.588795217283,1980.2386628072184,1978.0406963500056,1979.291075897662
2024-01-14 08:20:00+00:00,1979.291075897662,1980.1687263378449,1978.291642342736,1978.6252162568087
2024-01-14 08:25:00+00:00,1978.6252162568087,1980.0675767641899,1978.1033291390322,1979.9040610416182
2024-01-14 08:30:00+00:00,1979.9040610416182,1980.451605978118,1979.1095072245002,1979.27559334464
2024-01-14 08:35:00+00:00,1979.27559334464,1979.812788468889,1978.535439318335,1979.347186798559
2024-01-14 08:40:00+00:00,1979.347186798559,1981.076241954797,1978.8869345266644,1980.3281076915105
2024-01-14 08:45:00+00:00,1980.3281076915105,1981.0915296456678,1979.2845488693488,1980.025051338895
2024-01-14 08:50:00+00:00,1980.025051338895,1981.1019123621704,1979.1302685571106,1980.1349164979918
2024-01-14 08:55:00+00:00,1980.1349164979918,1980.5351764699528,1979.350349685956,1980.1447859863206
2024-01-14 09:00:00+00:00,1980.1447859863206,1981.0106043202522,1979.470931680781,1980.2882580007702
2024-01-14 09:05:00+00:00,1980.2882580007702,1981.6661447930203,1979.7322280885298,1980.8219554587956
2024-01-14 09:10:00+00:00,1980.8219554587956,1981.7406121305687,1979.33195335483,1979.4760646373625
2024-01-14 09:15:00+00:00,1979.4760646373625,1979.8946373034094,1978.4717212642804,1979.0067360361675
2024-01-14 09:20:00+00:00,1979.0067360361675,1981.2457323522397,1978.4627802007487,1980.8680527338406
2024-01-14 09:25:00+00:00,1980.8680527338406,1981.6240162719257,1978.3444544091633,1979.112158866578
2024-01-14 09:30:00+00:00,1979.112158866578,1979.994287966737,1977.960184618695,1978.5413441497863
2024-01-14 09:35:00+00:00,1978.5413441497863,1979.6219011724263,1978.2446000380012,1979.262370455551
2024-01-14 09:40:00+00:00,1979.262370455551,1979.7148545629077,1977.200598989289,1977.6078620540075
2024-01-14 09:45:00+00:00,1977.6078620540075,1978.4939555791063,1975.8439491349122,1976.8346798303996
2024-01-14 09:50:00+00:00,1976.8346798303996,1977.3111552295334,1975.153280396074,1976.113890954043
2024-01-14 09:55:00+00:00,1976.113890954043,1977.833747980732,1975.9923952990418,1977.5268647440103
2024-01-14 10:00:00+00:00,1977.5268647440103,1978.2551449995478,1976.4685896472897,1976.7474493765478
2024-01-14 10:05:00+00:00,1976.7474493765478,1977.793098893276,1976.1175297041225,1977.3187142811826
2024-01-14 10:10:00+00:00,1977.3187142811826,1977.4873025585814,1976.0548433531674,1976.7542450232454
2024-01-14 10:15:00+00:00,1976.7542450232454,1976.8866657540627,1975.760207718566,1976.7660683834156
2024-01-14 10:20:00+00:00,1976.7660683834156,1977.5850695320632,1974.8207542123644,1975.7488840245878
2024-01-14 10:25:00+00:00,1975.7488840245878,1976.4107679411234,1973.9776571841987,1974.4272162086577
2024-01-14 10:30:00+00:00,1974.4272162086577,1974.8967568219484,1973.2966876314333,1974.0080143749624
2024-01-14 10:35:00+00:00,1974.0080143749624,1974.6085952941955,1972.1770372113565,1972.7718757633386
2024-01-14 10:40:00+00:00,1972.7718757633386,1973.5677719466692,1972.1666844880483,1972.6154928069159
2024-01-14 10:45:00+00:00,1972.6154928069159,1973.3475353750678,1972.337603145935,1972.7243635026075
2024-01-14 10:50:00+00:00,1972.7243635026075,1974.012114665729,1972.5446472115534,1973.0946865593965
2024-01-14 10:55:00+00:00,1973.0946865593965,1974.6743754591419,1972.6552063737622,1974.4715137943226
2024-01-14 11:00:00+00:00,1974.4715137943226,1976.718541183331,1974.0260849458466,1975.750412036998
2024-01-14 11:05:00+00:00,1975.750412036998,1976.1782988607104,1974.5951930096433,1974.7590695508616
2024-01-14 11:10:00+00:00,1974.7590695508616,1975.4791291647086,1973.6723319439723,1974.0865234679702
2024-01-14 11:15:00+00:00,1974.0865234679702,1976.2642297785872,1973.859620830457,1975.6092249593814
2024-01-14 11:20:00+00:00,1975.6092249593814,1975.7964387837144,1974.674035142973,1975.5618762076078
2024-01-14 11:25:00+00:00,1975.5618762076078,1976.1148955890296,1974.4502644366846,1975.2164301905175
2024-01-14 11:30:00+00:00,1975.2164301905175,1976.6722337382469,1974.6953138118338,1976.1820712361837
2024-01-14 11:35:00+00:00,1976.1820712361837,1976.4232543675653,1974.8003586387763,1975.6215195183813
2024-01-14 11:40:00+00:00,1975.6215195183813,1976.6563866585382,1975.1004402825693,1976.4633917625865
2024-01-14 11:45:00+00:00,1976.4633917625865,1977.0790573880113,1975.6998820056904,1976.1932803875256
2024-01-14 11:50:00+00:00,1976.1932803875256,1977.7529296420619,1975.3131634208419,1977.3601483102427
2024-01-14 11:55:00+00:00,1977.3601483102427,1977.9246507558819,1976.3619777597723,1977.230910110481
2024-01-14 12:00:00+00:00,1977.230910110481,1978.6415456650564,1976.671152837977,1977.970329933001
2024-01-14 12:05:00+00:00,1977.970329933001,1979.6723907089577,1977.161625572622,1978.924985280601
2024-01-14 12:10:00+00:00,1978.924985280601,1980.6779595815167,1978.0596960142057,1980.3808250320465
2024-01-14 12:15:00+00:00,1980.3808250320465,1980.9127944423178,1978.945615836154,1979.6655857874484
2024-01-14 12:20:00+00:00,1979.6655857874484,1979.932250743817,1978.6496769496548,1979.3219529461876
2024-01-14 12:25:00+00:00,1979.3219529461876,1980.1445744791843,1977.2407963867008,1978.0483020083357
2024-01-14 12:30:00+00:00,1978.0483020083357,1979.011157909666,1975.9160957655326,1976.4993086223126
2024-01-14 12:35:00+00:00,1976.4993086223126,1977.4415942156274,1975.1449411639994,1976.0535565354833
2024-01-14 12:40:00+00:00,1976.0535565354833,1976.6720858822607,1975.3587648244259,1976.1988401042454
2024-01-14 12:45:00+00:00,1976.1988401042454,1977.479571571647,1975.647945390546,1977.3283618180903
2024-01-14 12:50:00+00:00,1977.3283618180903,1978.0275129837262,1976.7760622277117,1976.955564884194
2024-01-14 12:55:00+00:00,1976.955564884194,1979.175225856093,1976.017372013295,1978.6769937130164
2024-01-14 13:00:00+00:00,1978.6769937130164,1978.9699713284633,1977.6791485328422,1978.842414697874
2024-01-14 13:05:00+00:00,1978.842414697874,1980.1568966927969,1978.4931219039818,1979.6368002759127
2024-01-14 13:10:00+00:00,1979.6368002759127,1980.4680414668128,1978.4967912869643,1979.407610876327
2024-01-14 13:15:00+00:00,1979.407610876327,1979.6300602992492,1977.5356841181558,1978.276715843417
2024-01-14 13:20:00+00:00,1978.276715843417,1980.6823331964756,1977.9075107006445,1979.7031984573223
2024-01-14 13:25:00+00:00,1979.7031984573223,1980.4102351146469,1979.3183429788533,1979.4425781577174
2024-01-14 13:30:00+00:00,1979.4425781577174,1980.8022227889132,1979.166956724845,1980.4439484714578
2024-01-14 13:35:00+00:00,1980.4439484714578,1980.6582960964618,1979.7650627293217,1980.1114250471724
2024-01-14 13:40:00+00:00,1980.1114250471724,1980.7817446151705,1979.6559440568722,1980.6395045694148
2024-01-14 13:45:00+00:00,1980.6395045694148,1981.3839009560754,1979.6429872172662,1980.495730207688
2024-01-14 13:50:00+00:00,1980.495730207688,1980.7950641258287,1979.864391188882,1980.183146781851
2024-01-14 13:55:00+00:00,1980.183146781851,1980.740320849013,1979.1580966463964,1980.0479868849668
2024-01-14 14:00:00+00:00,1980.0479868849668,1980.8932746293165,1979.2353489910906,1980.6607043436586
2024-01-14 14:05:00+00:00,1980.6607043436586,1981.5978522155751,1978.834892853643,1979.5716763924881
2024-01-14 14:10:00+00:00,1979.5716763924881,1979.7044134395971,1978.3197380607357,1978.6931585387974
2024-01-14 14:15:00+00:00,1978.6931585387974,1980.0308890549084,1978.01013449559,1979.5760067283256
2024-01-14 14:20:00+00:00,1979.5760067283256,1979.992520801593,1978.000785869306,1978.911931109904
2024-01-14 14:25:00+00:00,1978.911931109904,1979.2570963044093,1978.6339002053312,1979.0737505146064
2024-01-14 14:30:00+00:00,1979.0737505146064,1979.7536231113497,1977.5459162588493,1977.8558904187103
2024-01-14 14:35:00+00:00,1977.8558904187103,1978.7715630038697,1977.1659853265674,1977.656743556702
2024-01-14 14:40:00+00:00,1977.656743556702,1978.95245436459,1976.7121347201464,1978.6404974839018
2024-01-14 14:45:00+00:00,1978.6404974839018,1978.8609298275255,1978.4251526245075,1978.7104901210012
2024-01-14 14:50:00+00:00,1978.7104901210012,1979.1261330733391,1978.2039848824866,1978.8915541927709
2024-01-14 14:55:00+00:00,1978.8915541927709,1979.2836249745485,1978.0637983517652,1978.5303941195884
2024-01-14 15:00:00+00:00,1978.5303941195884,1979.420835801875,1978.1649359140886,1978.6115818632288
2024-01-14 15:05:00+00:00,1978.6115818632288,1979.2721517625198,1976.5326629983288,1976.998478456505
2024-01-14 15:10:00+00:00,1976.998478456505,1977.6814522855934,1974.8139034249966,1975.517437763936
2024-01-14 15:15:00+00:00,1975.517437763936,1976.8503568066117,1975.288514460035,1975.8755956772354
2024-01-14 15:20:00+00:00,1975.8755956772354,1976.8090535252863,1973.3171846636346,1974.2737096572496
2024-01-14 15:25:00+00:00,1974.2737096572496,1976.2488118483209,1973.5026701405634,1975.4376935615328
2024-01-14 15:30:00+00:00,1975.4376935615328,1976.7354012416686,1975.080943306498,1976.1883999130787
2024-01-14 15:35:00+00:00,1976.1883999130787,1976.6278486441454,1974.929395203506,1975.0914173525205
2024-01-14 15:40:00+00:00,1975.0914173525205,1975.306620347953,1972.561057089587,1973.1117832534012
2024-01-14 15:45:00+00:00,1973.1117832534012,1973.3331126198202,1970.0866373923589,1970.9158102562872
2024-01-14 15:50:00+00:00,1970.9158102562872,1971.5536399905968,1970.5355274189153,1971.1780747871182
2024-01-14 15:55:00+00:00,1971.1780747871182,1971.658391670876,1970.4093451454944,1971.076359848909
2024-01-14 16:00:00+00:00,1971.076359848909,1972.4162836646847,1970.6684373176106,1972.2726302452443
2024-01-14 16:05:00+00:00,1972.2726302452443,1972.7821663275067,1971.3252408471444,1972.6798507582093
2024-01-14 16:10:00+00:00,1972.6798507582093,1974.7598053515703,1971.8555817458216,1974.0655355079707
2024-01-14 16:15:00+00:00,1974.0655355079707,1975.367818148246,1973.2733886141327,1974.836813304523
2024-01-14 16:20:00+00:00,1974.836813304523,1975.3979070309074,1973.7979744569861,1973.9669850714306
2024-01-14 16:25:00+00:00,1973.9669850714306,1974.8041496872786,1973.3631476420358,1973.7814218470273
2024-01-14 16:30:00+00:00,1973.7814218470273,1974.6811068595916,1972.0322441480785,1973.0013236717282
2024-01-14 16:35:00+00:00,1973.0013236717282,1973.64062558341,1971.872628441963,1972.6972269126265
2024-01-14 16:40:00+00:00,1972.6972269126265,1972.834646953275,1971.684608963816,1972.2119468081141
2024-01-14 16:45:00+00:00,1972.2119468081141,1972.3832205293947,1971.55958943504,1971.981320397469
2024-01-14 16:50:00+00:00,1971.981320397469,1973.6362038543657,1971.7293601731938,1973.1823004799576
2024-01-14 16:55:00+00:00,1973.1823004799576,1973.933056105977,1971.8563289929025,1972.6625669919176
2024-01-14 17:00:00+00:00,1972.6625669919176,1973.0055692243666,1971.2028310283824,1971.5637896950875
2024-01-14 17:05:00+00:00,1971.5637896950875,1972.373246106829,1970.2750838774457,1970.971936391538
2024-01-14 17:10:00+00:00,1970.971936391538,1971.517586492215,1969.9305258568897,1970.5189257301154
2024-01-14 17:15:00+00:00,1970.5189257301154,1971.236195175741,1969.537373516148,1969.971583980459
2024-01-14 17:20:00+00:00,1969.971583980459,1970.0900550368576,1969.678071469102,1969.7967757138447
2024-01-14 17:25:00+00:00,1969.7967757138447,1970.6917754229273,1968.7012578835338,1969.3872907175553
2024-01-14 17:30:00+00:00,1969.3872907175553,1971.0182812971466,1969.14512380584,1970.3687007761735
2024-01-14 17:35:00+00:00,1970.3687007761735,1971.779426424613,1969.985875410943,1971.1703093289213
2024-01-14 17:40:00+00:00,1971.1703093289213,1972.0198052045243,1969.9881998944065,1970.4644264566257
2024-01-14 17:45:00+00:00,1970.4644264566257,1971.5813390161436,1969.612419615781,1971.3328321603087
2024-01-14 17:50:00+00:00,1971.3328321603087,1972.9500517202946,1971.021907638937,1972.5767221853912
2024-01-14 17:55:00+00:00,1972.5767221853912,1973.1432805734123,1972.0121215501583,1972.5651524837347
2024-01-14 18:00:00+00:00,1972.5651524837347,1972.6815325628504,1970.8487930904082,1971.7908296650196
2024-01-14 18:05:00+00:00,1971.7908296650196,1972.6332474187893,1971.3250574123856,1972.1696981366315
2024-01-14 18:10:00+00:00,1972.1696981366315,1973.072048344312,1971.9802760390874,1972.0855283432802
2024-01-14 18:15:00+00:00,1972.0855283432802,1973.1444730686385,1971.4684635557214,1972.3771897360855
2024-01-14 18:20:00+00:00,1972.3771897360855,1973.0125829486565,1970.8393404701194,1971.4107950940638
2024-01-14 18:25:00+00:00,1971.4107950940638,1974.1405180580139,1971.2662932741043,1973.2885906673466
2024-01-14 18:30:00+00:00,1973.2885906673466,1974.0218359501266,1972.636173138054,1973.1023016810896
2024-01-14 18:35:00+00:00,1973.1023016810896,1974.2460328545837,1972.9103388385229,1973.5716509227505
2024-01-14 18:40:00+00:00,1973.5716509227505,1974.166060684447,1972.19825930986,1973.0288168640714
2024-01-14 18:45:00+00:00,1973.0288168640714,1973.3548486656432,1972.1186557376805,1973.1634654145332
2024-01-14 18:50:00+00:00,1973.1634654145332,1973.7055649569945,1970.2325811215399,1971.0948703890754
2024-01-14 18:55:00+00:00,1971.0948703890754,1971.9837960557609,1969.422666788701,1969.9199762262076
2024-01-14 19:00:00+00:00,1969.9199762262076,1970.646526593532,1966.9347740039193,1967.6923771032305
2024-01-14 19:05:00+00:00,1967.6923771032305,1969.029133932583,1967.3138713317626,1968.5815280920426
2024-01-14 19:10:00+00:00,1968.5815280920426,1969.4469429958276,1966.94247586901,1967.332187057197
2024-01-14 19:15:00+00:00,1967.332187057197,1967.925786975553,1965.2958424297876,1965.9311689323297
2024-01-14 19:20:00+00:00,1965.9311689323297,1967.0588099076988,1965.2811592479316,1966.949849712606
2024-01-14 19:25:00+00:00,1966.949849712606,1967.9136669976813,1965.7827934209104,1966.512556494962
2024-01-14 19:30:00+00:00,1966.512556494962,1967.0229612358967,1965.6246179513128,1966.3686836562888
2024-01-14 19:35:00+00:00,1966.3686836562888,1968.1922258333811,1965.4978656725464,1967.3432240050736
2024-01-14 19:40:00+00:00,1967.3432240050736,1968.7135315093467,1966.6655423487623,1967.7940188257558
2024-01-14 19:45:00+00:00,1967.7940188257558,1968.308904736363,1966.9600452164977,1968.0859432702418
2024-01-14 19:50:00+00:00,1968.0859432702418,1969.4892167669152,1967.6761152586562,1968.6869344950612
2024-01-14 19:55:00+00:00,1968.6869344950612,1969.3468626135739,1966.809782178373,1966.9451783395045
2024-01-14 20:00:00+00:00,1966.9451783395045,1969.0160699705507,1966.7002340512565,1968.1227360292019
2024-01-14 20:05:00+00:00,1968.1227360292019,1969.7217732745553,1967.4028594711194,1969.3333257745023
2024-01-14 20:10:00+00:00,1969.3333257745023,1971.2342649940283,1968.6700017866988,1971.0127720649652
2024-01-14 20:15:00+00:00,1971.0127720649652,1971.7674822110528,1968.3629900791275,1969.1414226561249
2024-01-14 20:20:00+00:00,1969.1414226561249,1969.2710429361352,1968.27193060329,1968.3923278833922
2024-01-14 20:25:00+00:00,1968.3923278833922,1969.1243448160935,1967.6267817009987,1967.9030654762141
2024-01-14 20:30:00+00:00,1967.9030654762141,1970.3148361978836,1967.394436522342,1969.4575699949523
2024-01-14 20:35:00+00:00,1969.4575699949523,1970.2981893078972,1968.763441299448,1969.9864736458371
2024-01-14 20:40:00+00:00,1969.9864736458371,1971.9010592428153,1969.7253779363564,1971.6044186765178
2024-01-14 20:45:00+00:00,1971.6044186765178,1972.236658949222,1970.6920313550943,1972.0326525702292
2024-01-14 20:50:00+00:00,1972.0326525702292,1972.8655209401509,1970.6132195681735,1971.478012831578
2024-01-14 20:55:00+00:00,1971.478012831578,1971.8744279759705,1969.3454227850534,1970.3314703027788
2024-01-14 21:00:00+00:00,1970.3314703027788,1970.565419200269,1968.871057776097,1969.8413752481697
2024-01-14 21:05:00+00:00,1969.8413752481697,1971.7675325881517,1969.3247083654833,1971.1253730657797
2024-01-14 21:10:00+00:00,1971.1253730657797,1971.234019011709,1970.0573855687026,1970.3828991536006
2024-01-14 21:15:00+00:00,1970.3828991536006,1970.787695095583,1968.162250873468,1968.804930468533
2024-01-14 21:20:00+00:00,1968.804930468533,1969.3076421622427,1968.1442564470256,1969.0837475930373
2024-01-14 21:25:00+00:00,1969.0837475930373,1971.0466982280686,1968.3763685502897,1970.3446225737007
2024-01-14 21:30:00+00:00,1970.3446225737007,1973.383155980647,1969.4287475281092,1972.564187811269
2024-01-14 21:35:00+00:00,1972.564187811269,1973.9775348279202,1972.127188166823,1973.7170617765346
2024-01-14 21:40:00+00:00,1973.7170617765346,1974.8432972276448,1973.5025047678018,1974.61726165125
2024-01-14 21:45:00+00:00,1974.61726165125,1975.393551607924,1972.0918639562947,1973.034999526852
2024-01-14 21:50:00+00:00,1973.034999526852,1973.9264998278995,1971.9049115352068,1972.721542286812
2024-01-14 21:55:00+00:00,1972.721542286812,1973.551515183412,1971.7026655947427,1972.4074316950343
2024-01-14 22:00:00+00:00,1972.4074316950343,1972.9763393721166,1971.7926666344124,1972.5560733173227
2024-01-14 22:05:00+00:00,1972.5560733173227,1972.770929515121,1971.4114237425301,1971.7432510009226
2024-01-14 22:10:00+00:00,1971.7432510009226,1972.6042983418897,1970.8649514169758,1972.4826509796112
2024-01-14 22:15:00+00:00,1972.4826509796112,1973.7705037439675,1971.6704916605265,1973.6364336326628
2024-01-14 22:20:00+00:00,1973.6364336326628,1974.0211382589255,1973.172550698969,1973.7592710549477
2024-01-14 22:25:00+00:00,1973.7592710549477,1973.9964638112754,1972.905684050607,1973.5206377500672
2024-01-14 22:30:00+00:00,1973.5206377500672,1974.369287750512,1973.3197656864372,1973.7143696532362
2024-01-14 22:35:00+00:00,1973.7143696532362,1974.2242792991556,1972.8402500728691,1974.0788911400039
2024-01-14 22:40:00+00:00,1974.0788911400039,1975.6434843498773,1973.5305303835753,1974.8153499141063
2024-01-14 22:45:00+00:00,1974.8153499141063,1975.478981782651,1973.634640494318,1974.059870267884
2024-01-14 22:50:00+00:00,1974.059870267884,1976.3110190237876,1973.3116611715636,1975.383351552971
2024-01-14 22:55:00+00:00,1975.383351552971,1976.32640591045,1974.8306229979598,1975.4340556981988
2024-01-14 23:00:00+00:00,1975.4340556981988,1975.980877843123,1975.0789164479786,1975.2957191243995
2024-01-14 23:05:00+00:00,1975.2957191243995,1976.5205147623583,1974.9248206329883,1975.936599976107
2024-01-14 23:10:00+00:00,1975.936599976107,1976.871111592114,1974.9458855431212,1975.3237247789539
2024-01-14 23:15:00+00:00,1975.3237247789539,1976.373940126438,1975.1962438238456,1976.130938248219
2024-01-14 23:20:00+00:00,1976.130938248219,1978.475234752375,1975.3656161615597,1978.082289976105
2024-01-14 23:25:00+00:00,1978.082289976105,1978.6055458899255,1977.83732672484,1978.491223019175
2024-01-14 23:30:00+00:00,1978.491223019175,1979.632511601977,1978.0265301233248,1978.6919440563975
2024-01-14 23:35:00+00:00,1978.6919440563975,1979.0960063022233,1977.7287282274183,1978.2762152605762
2024-01-14 23:40:00+00:00,1978.2762152605762,1980.0241526809289,1977.9153330557556,1979.6373027827726
2024-01-14 23:45:00+00:00,1979.6373027827726,1981.6272077558233,1978.888028566741,1980.672142867917
2024-01-14 23:50:00+00:00,1980.672142867917,1980.7962641707384,1979.0250262797158,1979.3196850770075
2024-01-14 23:55:00+00:00,1979.3196850770075,1980.5638829950444,1978.9478520149091,1980.2093463365168
2024-01-15 00:00:00+00:00,1980.2093463365168,1981.0920996283953,1979.3410780715385,1979.6159862718912
2024-01-15 00:05:00+00:00,1979.6159862718912,1980.1208588571349,1977.6160296651512,1978.5620216477714
2024-01-15 00:10:00+00:00,1978.5620216477714,1979.4648377266396,1978.0571309135066,1978.5014229902472
2024-01-15 00:15:00+00:00,1978.5014229902472,1978.7052767452503,1976.9453965237,1977.9076481190566
2024-01-15 00:20:00+00:00,1977.9076481190566,1979.1322789846402,1977.446549828672,1978.958278707274
2024-01-15 00:25:00+00:00,1978.958278707274,1979.105804333605,1977.7039998358073,1977.8232795197373
2024-01-15 00:30:00+00:00,1977.8232795197373,1978.066848805049,1975.7223332454164,1976.6624995866812
2024-01-15 00:35:00+00:00,1976.6624995866812,1976.9157270030616,1975.2074075389107,1975.8089522279854
2024-01-15 00:40:00+00:00,1975.8089522279854,1976.685797843469,1974.7660426552327,1975.6826865141986
2024-01-15 00:45:00+00:00,1975.6826865141986,1976.6958687051126,1975.516138044767,1976.2151450722922
2024-01-15 00:50:00+00:00,1976.2151450722922,1977.2013625572856,1974.90425557267,1975.2329492821414
2024-01-15 00:55:00+00:00,1975.2329492821414,1975.8154954128074,1974.2246072029316,1974.5789941600133
2024-01-15 01:00:00+00:00,1974.5789941600133,1974.940872841127,1972.6496988274234,1973.1630668033413
2024-01-15 01:05:00+00:00,1973.1630668033413,1973.8257367183173,1972.4397467392353,1972.9822782516947
2024-01-15 01:10:00+00:00,1972.9822782516947,1973.6904447953673,1971.739755447075,1972.057427733353
2024-01-15 01:15:00+00:00,1972.057427733353,1974.8152010154436,1971.3432141356159,1974.0101651091848
2024-01-15 01:20:00+00:00,1974.0101651091848,1976.192111760475,1973.169917205984,1975.7421087766693
2024-01-15 01:25:00+00:00,1975.7421087766693,1976.6087121750127,1974.324204700049,1974.8983137969308
2024-01-15 01:30:00+00:00,1974.8983137969308,1975.5744385479095,1974.1400120846572,1975.017776491902
2024-01-15 01:35:00+00:00,1975.017776491902,1975.5833601815427,1974.2330972230723,1975.391171396691
2024-01-15 01:40:00+00:00,1975.391171396691,1976.2816361910004,1974.5099647051854,1974.8939489671052
2024-01-15 01:45:00+00:00,1974.8939489671052,1975.356504389912,1973.8252575094891,1974.5356743617508
2024-01-15 01:50:00+00:00,1974.5356743617508,1975.792993524723,1974.268536228099,1975.1059708241637
2024-01-15 01:55:00+00:00,1975.1059708241637,1975.946693875528,1974.3595240165155,1974.8552073294431
2024-01-15 02:00:00+00:00,1974.8552073294431,1975.4401208994504,1973.981096572589,1974.5772714615835
2024-01-15 02:05:00+00:00,1974.5772714615835,1975.1809245685342,1973.9372224694812,1974.5429781333091
2024-01-15 02:10:00+00:00,1974.5429781333091,1976.5458742951892,1974.320341286957,1975.6484442618994
2024-01-15 02:15:00+00:00,1975.6484442618994,1976.2829015094562,1974.7822426663176,1975.4063714562433
2024-01-15 02:20:00+00:00,1975.4063714562433,1976.3235258372606,1974.843874955416,1975.7482888503253
2024-01-15 02:25:00+00:00,1975.7482888503253,1976.1649615137799,1975.3339705123335,1975.9562589708396
2024-01-15 02:30:00+00:00,1975.9562589708396,1976.953757526578,1975.2272734878868,1976.5930206598684
2024-01-15 02:35:00+00:00,1976.5930206598684,1977.5242548484962,1976.0418653285612,1976.4112226724435
2024-01-15 02:40:00+00:00,1976.4112226724435,1976.696474016057,1975.3098017836592,1975.9615023295828
2024-01-15 02:45:00+00:00,1975.9615023295828,1976.7773365453786,1974.5287018871745,1975.3351334969022
2024-01-15 02:50:00+00:00,1975.3351334969022,1975.7093860168522,1975.1559170782407,1975.5425639872574
2024-01-15 02:55:00+00:00,1975.5425639872574,1976.0848847673524,1974.8735127050031,1975.661701772281
2024-01-15 03:00:00+00:00,1975.661701772281,1976.4324457642767,1974.8623195582907,1975.423985410756
2024-01-15 03:05:00+00:00,1975.423985410756,1975.9995607812657,1975.2948795001628,1975.617705226257
2024-01-15 03:10:00+00:00,1975.617705226257,1978.494280503733,1974.8911847579843,1977.7408592520912
2024-01-15 03:15:00+00:00,1977.7408592520912,1979.062531773645,1977.2508621339346,1978.4447094603447
2024-01-15 03:20:00+00:00,1978.4447094603447,1979.4081001944621,1976.5682429176068,1976.7870527908476
2024-01-15 03:25:00+00:00,1976.7870527908476,1978.5032291365505,1976.088648028596,1977.9537386648765
2024-01-15 03:30:00+00:00,1977.9537386648765,1978.1927579597373,1977.7713779164492,1978.0775912993931
2024-01-15 03:35:00+00:00,1978.0775912993931,1978.2404488152265,1977.0009340999034,1977.1572763910299
2024-01-15 03:40:00+00:00,1977.1572763910299,1978.9878242134253,1976.4852580761792,1978.3619213907816
2024-01-15 03:45:00+00:00,1978.3619213907816,1978.8621959700758,1978.0016612153058,1978.2855475475278
2024-01-15 03:50:00+00:00,1978.2855475475278,1980.0260859386933,1977.4338264674525,1979.1962846959964
2024-01-15 03:55:00+00:00,1979.1962846959964,1979.9583041593835,1977.7485913219991,1978.639185070784
2024-01-15 04:00:00+00:00,1978.639185070784,1980.4161085219903,1978.4930382036491,1979.5857869656618
2024-01-15 04:05:00+00:00,1979.5857869656618,1980.2232901630887,1979.21943102546,1979.3271934923612
2024-01-15 04:10:00+00:00,1979.3271934923612,1981.035886296685,1978.4245794450617,1980.1840284367602
2024-01-15 04:15:00+00:00,1980.1840284367602,1981.4636189312935,1979.5737363506069,1980.9166132969733
2024-01-15 04:20:00+00:00,1980.9166132969733,1981.2528169270388,1979.7552882070925,1979.875023971861
2024-01-15 04:25:00+00:00,1979.875023971861,1980.6322995301375,1978.912250862075,1980.2013490499999
2024-01-15 04:30:00+00:00,1980.2013490499999,1980.7380296303165,1979.6180873778,1980.6199811451902
2024-01-15 04:35:00+00:00,1980.6199811451902,1981.0997752896205,1979.7003858566588,1980.5614717819744
2024-01-15 04:40:00+00:00,1980.5614717819744,1981.198888614189,1978.168456529878,1978.9531982549693
2024-01-15 04:45:00+00:00,1978.9531982549693,1980.0546070680268,1978.1888165081953,1979.2009865679543
2024-01-15 04:50:00+00:00,1979.2009865679543,1979.5334649220144,1978.6882675905467,1978.907954223592
2024-01-15 04:55:00+00:00,1978.907954223592,1980.3887767246702,1978.0433759459224,1979.9788331085747
2024-01-15 05:00:00+00:00,1979.9788331085747,1980.4392714085805,1978.4803628218738,1979.015550030551
2024-01-15 05:05:00+00:00,1979.015550030551,1980.1101016024256,1978.754237409332,1979.8945638917735
2024-01-15 05:10:00+00:00,1979.8945638917735,1980.7906439294125,1979.1686283469933,1980.0121980937881
2024-01-15 05:15:00+00:00,1980.0121980937881,1982.7438678419203,1979.796784611948,1982.2953852411572
2024-01-15 05:20:00+00:00,1982.2953852411572,1983.2191096492722,1981.1111361525705,1981.3828395086682
2024-01-15 05:25:00+00:00,1981.3828395086682,1982.4533138671127,1980.8173504218796,1982.2376121841146
2024-01-15 05:30:00+00:00,1982.2376121841146,1982.857038109109,1980.9177965891631,1981.7506743960864
2024-01-15 05:35:00+00:00,1981.7506743960864,1981.9275299730161,1980.352451863242,1980.8909673030812
2024-01-15 05:40:00+00:00,1980.8909673030812,1982.7684960819815,1980.3948013524528,1981.8536480386592
2024-01-15 05:45:00+00:00,1981.8536480386592,1982.5341472248924,1981.1144299514021,1982.3908906480713
2024-01-15 05:50:00+00:00,1982.3908906480713,1984.0912692346349,1981.6033644444958,1983.3290318324828
2024-01-15 05:55:00+00:00,1983.3290318324828,1983.4384205512185,1981.2150416932523,1981.874900301703
2024-01-15 06:00:00+00:00,1981.874900301703,1982.359800913406,1979.9726422782765,1980.7907229302753
2024-01-15 06:05:00+00:00,1980.7907229302753,1981.6049383454672,1980.438190323236,1981.3155742774231
2024-01-15 06:10:00+00:00,1981.3155742774231,1981.5926018911748,1979.8230078350032,1980.5483835404195
2024-01-15 06:15:00+00:00,1980.5483835404195,1982.3972110140965,1980.2990647743106,1981.7327334296347
2024-01-15 06:20:00+00:00,1981.7327334296347,1983.8087046097248,1981.5360274881614,1983.2309415683862
2024-01-15 06:25:00+00:00,1983.2309415683862,1983.8428923622666,1982.2256976598135,1983.1140531528863
2024-01-15 06:30:00+00:00,1983.1140531528863,1983.8653299813022,1982.2904195507322,1983.143167616605
2024-01-15 06:35:00+00:00,1983.143167616605,1983.5245344811437,1982.259483186139,1983.1686616904526
2024-01-15 06:40:00+00:00,1983.1686616904526,1983.6798064830257,1982.3837955275862,1982.9075625864562
2024-01-15 06:45:00+00:00,1982.9075625864562,1983.3986408754406,1982.097003779164,1982.876068325062
2024-01-15 06:50:00+00:00,1982.876068325062,1983.6674570230489,1981.697337327878,1982.6688916795713
2024-01-15 06:55:00+00:00,1982.6688916795713,1983.5170732086187,1981.952091659119,1983.056669727761
2024-01-15 07:00:00+00:00,1983.056669727761,1983.2872035389044,1982.4686782310907,1982.7590841964607
2024-01-15 07:05:00+00:00,1982.7590841964607,1983.1425682046188,1981.4624557478066,1982.292532282857
2024-01-15 07:10:00+00:00,1982.292532282857,1982.9092233342033,1981.3770156836704,1982.0250676441367
2024-01-15 07:15:00+00:00,1982.0250676441367,1982.8770617992966,1981.1541459087136,1981.4766035139164
2024-01-15 07:20:00+00:00,1981.4766035139164,1981.6464804622485,1980.9203216394603,1981.406622374279
2024-01-15 07:25:00+00:00,1981.406622374279,1982.3532269957996,1980.571877128616,1981.8944904115674
2024-01-15 07:30:00+00:00,1981.8944904115674,1983.8646527028518,1981.354072922026,1983.7476150312125
2024-01-15 07:35:00+00:00,1983.7476150312125,1984.0589959381653,1981.9145016524121,1982.2843194934767
2024-01-15 07:40:00+00:00,1982.2843194934767,1982.6299523863374,1980.5685771622102,1981.046682871267
2024-01-15 07:45:00+00:00,1981.046682871267,1981.927499705817,1980.2993249709075,1980.9877130140198
2024-01-15 07:50:00+00:00,1980.9877130140198,1981.4070631169996,1980.8283105014436,1981.0187068030127
2024-01-15 07:55:00+00:00,1981.0187068030127,1981.7149841041764,1980.7064067678434,1980.9808763134256
2024-01-15 08:00:00+00:00,1980.9808763134256,1982.99951629477,1980.2752849877816,1982.6684639912537
2024-01-15 08:05:00+00:00,1982.6684639912537,1983.321704043658,1980.4627684033674,1981.0278671035999
2024-01-15 08:10:00+00:00,1981.0278671035999,1981.211763126959,1980.3964336977338,1980.8908787752976
2024-01-15 08:15:00+00:00,1980.8908787752976,1981.1681231315617,1979.0093679061931,1979.7481509335842
2024-01-15 08:20:00+00:00,1979.7481509335842,1980.3283030040693,1978.4785677296534,1979.478478564237
2024-01-15 08:25:00+00:00,1979.478478564237,1980.8324405301646,1978.898005822858,1979.944320863388
2024-01-15 08:30:00+00:00,1979.944320863388,1980.8311650692858,1977.9599312860094,1978.647686403552
2024-01-15 08:35:00+00:00,1978.647686403552,1980.487413447284,1978.0569085572663,1979.5716763732487
2024-01-15 08:40:00+00:00,1979.5716763732487,1979.772783857769,1978.2017089151936,1978.8127885132567
2024-01-15 08:45:00+00:00,1978.8127885132567,1979.0742589607846,1977.5188404156956,1977.8720557803972
2024-01-15 08:50:00+00:00,1977.8720557803972,1977.9996338737478,1975.4232793664871,1976.3933994092827
2024-01-15 08:55:00+00:00,1976.3933994092827,1976.6347154012335,1975.5461720909746,1975.7662185922222
2024-01-15 09:00:00+00:00,1975.7662185922222,1976.3380275296427,1974.7772089288624,1975.1009708331658
2024-01-15 09:05:00+00:00,1975.1009708331658,1975.964780957414,1974.9196999235587,1975.8491866335012
2024-01-15 09:10:00+00:00,1975.8491866335012,1976.3321954518217,1973.8558785866448,1974.445991636327
2024-01-15 09:15:00+00:00,1974.445991636327,1975.3650195951866,1973.723036826303,1974.6403451117983
2024-01-15 09:20:00+00:00,1974.6403451117983,1975.6633706561977,1973.776045413854,1975.400104080418
2024-01-15 09:25:00+00:00,1975.400104080418,1975.5825415642291,1974.6049641998677,1975.1759310843415
2024-01-15 09:30:00+00:00,1975.1759310843415,1976.0020671060038,1974.3883014986739,1975.8701130620366
2024-01-15 09:35:00+00:00,1975.8701130620366,1976.7684306879444,1974.2658239967184,1975.248960058363
2024-01-15 09:40:00+00:00,1975.248960058363,1976.5998948048511,1974.775296376364,1975.6243174944134
2024-01-15 09:45:00+00:00,1975.6243174944134,1976.1668946300122,1974.985588954963,1975.326472758371
2024-01-15 09:50:00+00:00,1975.326472758371,1977.878658185905,1975.2140006629863,1977.2720701586336
2024-01-15 09:55:00+00:00,1977.2720701586336,1977.840938225754,1976.428666878189,1977.0191550942272
2024-01-15 10:00:00+00:00,1977.0191550942272,1977.2522561210553,1975.904365334626,1976.7524019252385
2024-01-15 10:05:00+00:00,1976.7524019252385,1977.4240639934822,1976.1384741153852,1977.1184519407375
2024-01-15 10:10:00+00:00,1977.1184519407375,1977.8768287354874,1976.4966763106324,1976.6450528675016
2024-01-15 10:15:00+00:00,1976.6450528675016,1977.3055835432576,1976.2551580696652,1976.471225324106
2024-01-15 10:20:00+00:00,1976.471225324106,1977.3919659861044,1975.6580500212344,1976.7783991203596
2024-01-15 10:25:00+00:00,1976.7783991203596,1978.3871689773628,1976.0893013332243,1977.5687050896759
2024-01-15 10:30:00+00:00,1977.5687050896759,1978.096344779642,1976.8174763980983,1977.035034658272
2024-01-15 10:35:00+00:00,1977.035034658272,1977.2003329875283,1976.1425377799483,1977.0922782893424
2024-01-15 10:40:00+00:00,1977.0922782893424,1977.7029080792033,1976.7146677348492,1976.9409718715162
2024-01-15 10:45:00+00:00,1976.9409718715162,1977.984608315067,1976.3954355352432,1977.5714901556523
2024-01-15 10:50:00+00:00,1977.5714901556523,1978.9165443597728,1977.1260014819934,1978.3134289078391
2024-01-15 10:55:00+00:00,1978.3134289078391,1979.0738600534423,1978.1180756111385,1978.6795998348127
2024-01-15 11:00:00+00:00,1978.6795998348127,1979.1777251166538,1978.1795115428324,1978.9218751488281
2024-01-15 11:05:00+00:00,1978.9218751488281,1980.9416049156764,1978.1531342185524,1980.5373984346431
2024-01-15 11:10:00+00:00,1980.5373984346431,1980.6595611259954,1979.0409747384101,1979.7553825463826
2024-01-15 11:15:00+00:00,1979.7553825463826,1981.416991266033,1979.5739444658286,1981.231858928268
2024-01-15 11:20:00+00:00,1981.231858928268,1982.6370800117058,1980.3386652664346,1981.7192752637059
2024-01-15 11:25:00+00:00,1981.7192752637059,1982.4903411340085,1979.3876884591784,1980.3426085688423
2024-01-15 11:30:00+00:00,1980.3426085688423,1981.332901898062,1979.3456563102482,1980.462313859777
2024-01-15 11:35:00+00:00,1980.462313859777,1980.7365278471843,1978.732261614041,1979.1925070489253
2024-01-15 11:40:00+00:00,1979.1925070489253,1979.7004047816386,1978.3623597657436,1979.084825481073
2024-01-15 11:45:00+00:00,1979.084825481073,1979.36872368358,1976.6184874747598,1977.2619906921213
2024-01-15 11:50:00+00:00,1977.2619906921213,1978.3499660606135,1976.6868619611153,1977.921811248862
2024-01-15 11:55:00+00:00,1977.921811248862,1978.7927729557487,1976.5396640320766,1977.2149237272633
2024-01-15 12:00:00+00:00,1977.2149237272633,1979.0016995334138,1976.383676406145,1978.7050659289814
2024-01-15 12:05:00+00:00,1978.7050659289814,1978.8222464297735,1977.5544333441685,1978.0572218808104
2024-01-15 12:10:00+00:00,1978.0572218808104,1978.889917395923,1977.2027764125537,1978.1104113699814
2024-01-15 12:15:00+00:00,1978.1104113699814,1978.525036310597,1976.6913703898465,1976.8927794388972
2024-01-15 12:20:00+00:00,1976.8927794388972,1977.0575151332514,1976.1003066054707,1976.781444008917
2024-01-15 12:25:00+00:00,1976.781444008917,1977.5139405228917,1976.1917001494464,1976.8253887879544
2024-01-15 12:30:00+00:00,1976.8253887879544,1978.0219183203749,1976.6540491040143,1977.2859766474476
2024-01-15 12:35:00+00:00,1977.2859766474476,1979.9678129918702,1976.979137051618,1979.5149865947371
2024-01-15 12:40:00+00:00,1979.5149865947371,1981.450892092866,1979.0440690253386,1981.0035867051565
2024-01-15 12:45:00+00:00,1981.0035867051565,1981.9250279897867,1980.074013394368,1981.7154377265151
2024-01-15 12:50:00+00:00,1981.7154377265151,1982.4436185424222,1980.6346157952505,1981.4299269948635
2024-01-15 12:55:00+00:00,1981.4299269948635,1982.0064983117995,1980.7578186930873,1981.1832845090544
2024-01-15 13:00:00+00:00,1981.1832845090544,1981.550405345192,1980.1367614838327,1980.9169010338917
2024-01-15 13:05:00+00:00,1980.9169010338917,1981.6168867453905,1979.8718309623923,1980.1606651197599
2024-01-15 13:10:00+00:00,1980.1606651197599,1981.770557586722,1979.341974422186,1980.7785787820778
2024-01-15 13:15:00+00:00,1980.7785787820778,1981.6200662856036,1979.9089742489252,1980.7437006922082
2024-01-15 13:20:00+00:00,1980.7437006922082,1981.500616949095,1979.7802997907581,1981.2359899372873
2024-01-15 13:25:00+00:00,1981.2359899372873,1981.3449464354328,1980.8876071044008,1981.0323471145982
2024-01-15 13:30:00+00:00,1981.0323471145982,1981.491194733766,1980.9095561019078,1981.3890162775115
2024-01-15 13:35:00+00:00,1981.3890162775115,1983.604760073427,1980.9790290533845,1982.9951670966764
2024-01-15 13:40:00+00:00,1982.9951670966764,1983.828865211238,1982.089160482239,1983.337253430453
2024-01-15 13:45:00+00:00,1983.337253430453,1984.5362276112382,1982.8791878476618,1984.1993256935941
2024-01-15 13:50:00+00:00,1984.1993256935941,1984.5923305965478,1982.660473223819,1983.4669941901645
2024-01-15 13:55:00+00:00,1983.4669941901645,1984.172013494988,1982.9456508148671,1983.3671341921306
2024-01-15 14:00:00+00:00,1983.3671341921306,1984.2186803410036,1982.179978882073,1983.0616159750848
2024-01-15 14:05:00+00:00,1983.0616159750848,1983.9779864932452,1982.863869396134,1983.551824304675
2024-01-15 14:10:00+00:00,1983.551824304675,1984.0884983217063,1982.6993554356766,1983.8597791037414
2024-01-15 14:15:00+00:00,1983.8597791037414,1984.5413679896194,1982.5893734173062,1983.2978863709257
2024-01-15 14:20:00+00:00,1983.2978863709257,1983.9728407434939,1982.9828047516305,1983.6610882137531
2024-01-15 14:25:00+00:00,1983.6610882137531,1984.4925530255684,1982.9506866401903,1983.8239081751292
2024-01-15 14:30:00+00:00,1983.8239081751292,1984.668425329302,1982.1235740005936,1982.4690889979993
2024-01-15 14:35:00+00:00,1982.4690889979993,1983.474120153479,1981.755995746114,1982.4996630648716
2024-01-15 14:40:00+00:00,1982.4996630648716,1984.4401004102374,1981.6003482136728,1983.6292144548433
2024-01-15 14:45:00+00:00,1983.6292144548433,1983.7886298803714,1981.9647335870918,1982.8931379256942
2024-01-15 14:50:00+00:00,1982.8931379256942,1984.7422660280292,1982.6083807194352,1983.9425296745103
2024-01-15 14:55:00+00:00,1983.9425296745103,1985.3056450221288,1983.6087472165912,1984.6396161573034
2024-01-15 15:00:00+00:00,1984.6396161573034,1985.6885735494332,1984.132941582238,1984.8662278447114
2024-01-15 15:05:00+00:00,1984.8662278447114,1985.7217748790517,1984.2095880916459,1985.341600812702
2024-01-15 15:10:00+00:00,1985.341600812702,1985.6560685034635,1984.3582376727004,1984.6947524063632
2024-01-15 15:15:00+00:00,1984.6947524063632,1986.276320421641,1984.268904093959,1985.4094143630377
2024-01-15 15:20:00+00:00,1985.4094143630377,1986.3610888783717,1983.2538690453046,1984.2108507683317
2024-01-15 15:25:00+00:00,1984.2108507683317,1985.1978300166602,1982.9674659699697,1983.2825774914131
2024-01-15 15:30:00+00:00,1983.2825774914131,1984.7099705084001,1982.4013356530436,1983.85130368374
2024-01-15 15:35:00+00:00,1983.85130368374,1984.3412476226767,1982.6415906221291,1982.9437202087677
2024-01-15 15:40:00+00:00,1982.9437202087677,1985.4195063244501,1982.0955171563837,1984.8378646163778
2024-01-15 15:45:00+00:00,1984.8378646163778,1985.9081759274754,1984.2704344321562,1985.229927996765
2024-01-15 15:50:00+00:00,1985.229927996765,1987.0732966903915,1984.5778761457993,1986.1352904332932
2024-01-15 15:55:00+00:00,1986.1352904332932,1987.3163061676164,1985.674735065898,1987.0995412192215
2024-01-15 16:00:00+00:00,1987.0995412192215,1988.0538282485686,1986.340661228804,1986.838808091864
2024-01-15 16:05:00+00:00,1986.838808091864,1987.4198752526443,1986.2840646892134,1986.9559609812711
2024-01-15 16:10:00+00:00,1986.9559609812711,1988.3008765469908,1986.3581993984496,1987.478630402073
2024-01-15 16:15:00+00:00,1987.478630402073,1987.8334623987457,1987.3247573311987,1987.5808144386303
2024-01-15 16:20:00+00:00,1987.5808144386303,1989.253143677516,1987.3345111332055,1989.0971065958686
2024-01-15 16:25:00+00:00,1989.0971065958686,1990.6728458290058,1988.360478480252,1990.1271576986628
2024-01-15 16:30:00+00:00,1990.1271576986628,1990.7673137759514,1989.6906788161791,1990.425353651826
2024-01-15 16:35:00+00:00,1990.425353651826,1992.5598570434945,1989.508214380083,1991.6677193025243
2024-01-15 16:40:00+00:00,1991.6677193025243,1992.5097511373253,1991.1334782706733,1991.8351254194558
2024-01-15 16:45:00+00:00,1991.8351254194558,1993.189055064973,1991.5792683235477,1992.6383912352057
2024-01-15 16:50:00+00:00,1992.6383912352057,1993.161588625966,1992.0560759160494,1992.8881231522278
2024-01-15 16:55:00+00:00,1992.8881231522278,1993.0799953549972,1991.9317270473346,1992.750354165514
2024-01-15 17:00:00+00:00,1992.750354165514,1993.5270792336132,1991.3396252056282,1992.0073868983695
2024-01-15 17:05:00+00:00,1992.0073868983695,1992.778021941456,1990.7071894746798,1991.4612157306137
2024-01-15 17:10:00+00:00,1991.4612157306137,1992.0889203318754,1990.9100560660731,1991.6052125707934
2024-01-15 17:15:00+00:00,1991.6052125707934,1992.423268993515,1990.626837609165,1992.0859512957995
2024-01-15 17:20:00+00:00,1992.0859512957995,1992.5325393833728,1989.5382573992044,1990.2594731849342
2024-01-15 17:25:00+00:00,1990.2594731849342,1990.9221438898578,1989.1963331169495,1989.9792235169825
2024-01-15 17:30:00+00:00,1989.9792235169825,1990.9979587432001,1989.712650851693,1990.58866183767
2024-01-15 17:35:00+00:00,1990.58866183767,1990.9706112688862,1989.8744077451836,1990.5286858129205
2024-01-15 17:40:00+00:00,1990.5286858129205,1991.0653537199437,1988.6460823396362,1989.616061345096
2024-01-15 17:45:00+00:00,1989.616061345096,1989.991383139882,1988.1396877585757,1988.7827226254672
2024-01-15 17:50:00+00:00,1988.7827226254672,1990.4775244729524,1988.245754634607,1990.37409663496
2024-01-15 17:55:00+00:00,1990.37409663496,1990.7061972376366,1988.2040416092548,1989.0139243005694
2024-01-15 18:00:00+00:00,1989.0139243005694,1989.3709445810432,1988.2237793288746,1988.7866430977413
2024-01-15 18:05:00+00:00,1988.7866430977413,1990.5831149648923,1987.8657255698272,1989.600878910428
2024-01-15 18:10:00+00:00,1989.600878910428,1989.8933418729678,1987.5894781205427,1987.8728143752573
2024-01-15 18:15:00+00:00,1987.8728143752573,1988.7968473615504,1987.284026250306,1988.5464124850357
2024-01-15 18:20:00+00:00,1988.5464124850357,1988.8428205558014,1986.5898275124773,1987.2133722012086
2024-01-15 18:25:00+00:00,1987.2133722012086,1988.3579867043536,1986.8822045659417,1988.186344754874
2024-01-15 18:30:00+00:00,1988.186344754874,1991.4436440689078,1987.5088350034125,1990.6492645349167
2024-01-15 18:35:00+00:00,1990.6492645349167,1991.410620288684,1988.9998562608778,1989.5867325218085
2024-01-15 18:40:00+00:00,1989.5867325218085,1989.7610323330825,1988.895081414849,1989.5890755776472
2024-01-15 18:45:00+00:00,1989.5890755776472,1990.7765895622592,1989.4024415483127,1989.9827167149158
2024-01-15 18:50:00+00:00,1989.9827167149158,1990.738258229435,1989.2117890577679,1989.532377171423
2024-01-15 18:55:00+00:00,1989.532377171423,1990.2617295100329,1988.630690578429,1990.0868518563577
2024-01-15 19:00:00+00:00,1990.0868518563577,1990.3255456509519,1988.792627828094,1989.5080454420074
2024-01-15 19:05:00+00:00,1989.5080454420074,1989.6960262940638,1988.889736351827,1989.0613106017304
2024-01-15 19:10:00+00:00,1989.0613106017304,1989.6985640430833,1988.0681107839866,1988.38836793994
2024-01-15 19:15:00+00:00,1988.38836793994,1988.8325636511945,1988.1556519364246,1988.4033748006407
2024-01-15 19:20:00+00:00,1988.4033748006407,1989.5232445504332,1987.9568836142219,1988.8912875530852
2024-01-15 19:25:00+00:00,1988.8912875530852,1990.1671776314608,1988.1553389154349,1989.8273954888211
2024-01-15 19:30:00+00:00,1989.8273954888211,1990.3506959684037,1989.5980090540086,1989.7899038532248
2024-01-15 19:35:00+00:00,1989.7899038532248,1990.2559085799378,1988.0168869431948,1988.8854005098472
2024-01-15 19:40:00+00:00,1988.8854005098472,1989.1096681112376,1987.6952455826706,1988.509277009155
2024-01-15 19:45:00+00:00,1988.509277009155,1988.624486418851,1987.106060628264,1988.1036773993321
2024-01-15 19:50:00+00:00,1988.1036773993321,1988.4537932844207,1987.6429486345335,1987.8090907720173
2024-01-15 19:55:00+00:00,1987.8090907720173,1989.1299630328756,1986.9119250047727,1988.3908408350442
2024-01-15 20:00:00+00:00,1988.3908408350442,1989.3904028514214,1987.8096088036548,1988.3210852184466
2024-01-15 20:05:00+00:00,1988.3210852184466,1988.5723744832271,1987.5444716043532,1988.4598241063788
2024-01-15 20:10:00+00:00,1988.4598241063788,1989.0925672039696,1987.7927464359693,1988.559315124996
2024-01-15 20:15:00+00:00,1988.559315124996,1989.2327451867652,1987.9702193210185,1988.530408247233
2024-01-15 20:20:00+00:00,1988.530408247233,1989.4061714906888,1987.69470461042,1988.1561552368858
2024-01-15 20:25:00+00:00,1988.1561552368858,1989.2309833898946,1987.8238259610932,1988.8625925324798
2024-01-15 20:30:00+00:00,1988.8625925324798,1989.308083725838,1987.9000957003789,1988.8307998836854
2024-01-15 20:35:00+00:00,1988.8307998836854,1989.4547941356464,1988.5334183306582,1988.776948423625
2024-01-15 20:40:00+00:00,1988.776948423625,1988.996651857368,1987.0057389236902,1987.81383009179
2024-01-15 20:45:00+00:00,1987.81383009179,1988.3158188717207,1986.285958061259,1987.2241766757788
2024-01-15 20:50:00+00:00,1987.2241766757788,1987.8401567599942,1986.0332717508136,1986.7270604022779
2024-01-15 20:55:00+00:00,1986.7270604022779,1987.3968451278506,1986.4934597007239,1987.2787729464426
2024-01-15 21:00:00+00:00,1987.2787729464426,1987.967854218763,1985.1586999396654,1985.7389783188564
2024-01-15 21:05:00+00:00,1985.7389783188564,1986.592089661026,1984.972175957326,1986.4321896039255
2024-01-15 21:10:00+00:00,1986.4321896039255,1986.835139994742,1985.6955053665126,1986.5766632432772
2024-01-15 21:15:00+00:00,1986.5766632432772,1987.5727816157164,1985.754371677249,1985.9684277920237
2024-01-15 21:20:00+00:00,1985.9684277920237,1986.9019417708673,1984.2882728913723,1985.2319361916686
2024-01-15 21:25:00+00:00,1985.2319361916686,1985.9927487612338,1984.6886701253532,1985.7186747188894
2024-01-15 21:30:00+00:00,1985.7186747188894,1986.4800943275034,1985.5028921475584,1985.940162968687
2024-01-15 21:35:00+00:00,1985.940162968687,1986.6628501359519,1983.5221843256616,1984.1846552345344
2024-01-15 21:40:00+00:00,1984.1846552345344,1984.787007449324,1983.1577954356455,1983.5907550850332
2024-01-15 21:45:00+00:00,1983.5907550850332,1983.926247663713,1982.452372841359,1982.792828743739
2024-01-15 21:50:00+00:00,1982.792828743739,1983.1513099029214,1982.342166923752,1982.7548438661813
2024-01-15 21:55:00+00:00,1982.7548438661813,1983.4934056515742,1981.805220288836,1982.208721515775
2024-01-15 22:00:00+00:00,1982.208721515775,1982.9942758291443,1981.7694956344326,1982.6479204533325
2024-01-15 22:05:00+00:00,1982.6479204533325,1982.8722729465285,1981.654331249806,1982.204548751513
2024-01-15 22:10:00+00:00,1982.204548751513,1982.8320650111284,1981.8580699886725,1981.9822476106108
2024-01-15 22:15:00+00:00,1981.9822476106108,1983.6631410628565,1981.6633129735853,1983.1246936829357
2024-01-15 22:20:00+00:00,1983.1246936829357,1983.5808967499354,1982.77888178588,1982.9343039243845
2024-01-15 22:25:00+00:00,1982.9343039243845,1983.7634448134036,1982.0293655315209,1982.5117955969079
2024-01-15 22:30:00+00:00,1982.5117955969079,1982.857773818085,1982.1131901629235,1982.570264719824
2024-01-15 22:35:00+00:00,1982.570264719824,1983.3638663085471,1981.1240724835932,1981.4266156049687
2024-01-15 22:40:00+00:00,1981.4266156049687,1982.2608636214825,1979.2783225848689,1980.013493584327
2024-01-15 22:45:00+00:00,1980.013493584327,1980.2711717752143,1979.4436748314643,1980.0082533890932
2024-01-15 22:50:00+00:00,1980.0082533890932,1980.282816256796,1979.2599017857813,1979.4976143788413
2024-01-15 22:55:00+00:00,1979.4976143788413,1980.2652194932605,1977.316122329569,1978.2299913567826
2024-01-15 23:00:00+00:00,1978.2299913567826,1979.1957839031927,1977.4403212527563,1979.0778482362725
2024-01-15 23:05:00+00:00,1979.0778482362725,1979.991850398829,1978.511380833444,1979.7072113510505
2024-01-15 23:10:00+00:00,1979.7072113510505,1980.2481866704657,1978.7530767335193,1979.92009665367
2024-01-15 23:15:00+00:00,1979.92009665367,1980.5047748195377,1978.6568417693259,1979.4504698159978
2024-01-15 23:20:00+00:00,1979.4504698159978,1979.5795921095728,1978.7804112080426,1979.2799589007877
2024-01-15 23:25:00+00:00,1979.2799589007877,1979.624439992595,1978.4022357679314,1978.7702774250763
2024-01-15 23:30:00+00:00,1978.7702774250763,1979.919411003066,1978.6314717856937,1979.5500099434494
2024-01-15 23:35:00+00:00,1979.5500099434494,1980.0409534849807,1978.1180471859643,1978.2624391781262
2024-01-15 23:40:00+00:00,1978.2624391781262,1979.3977390161633,1977.8288982993276,1978.5115196834454
2024-01-15 23:45:00+00:00,1978.5115196834454,1979.0499156249973,1978.0183513860252,1978.5316371150086
2024-01-15 23:50:00+00:00,1978.5316371150086,1979.0806883193743,1976.771664845333,1977.5175341261022
2024-01-15 23:55:00+00:00,1977.5175341261022,1979.0153229046657,1976.649501750863,1978.0777135035396
2024-01-16 00:00:00+00:00,1978.0777135035396,1979.0246438123447,1977.3627854508045,1977.7753078552498
2024-01-16 00:05:00+00:00,1977.7753078552498,1980.4381119875632,1977.5952939348983,1979.4606965255932
2024-01-16 00:10:00+00:00,1979.4606965255932,1981.1345089182814,1979.347465727987,1980.520358473913
2024-01-16 00:15:00+00:00,1980.520358473913,1980.7472242316362,1979.7972748994432,1980.4736693196737
2024-01-16 00:20:00+00:00,1980.4736693196737,1980.784134716809,1980.0324771145072,1980.1384636298344
2024-01-16 00:25:00+00:00,1980.1384636298344,1980.4456156596195,1978.9837512359102,1979.5280502553262
2024-01-16 00:30:00+00:00,1979.5280502553262,1980.4789526969819,1978.4291468815934,1978.8825525005745
2024-01-16 00:35:00+00:00,1978.8825525005745,1980.0431113369636,1978.418665785043,1979.1695546156873
2024-01-16 00:40:00+00:00,1979.1695546156873,1979.530891782094,1977.6528624506702,1977.8829871382673
2024-01-16 00:45:00+00:00,1977.8829871382673,1979.4489923546903,1977.5209167667401,1978.7601397494084
2024-01-16 00:50:00+00:00,1978.7601397494084,1979.7553902615268,1978.113337671197,1979.3917297805772
2024-01-16 00:55:00+00:00,1979.3917297805772,1979.6758456155708,1978.6895620256707,1979.2742570403682
2024-01-16 01:00:00+00:00,1979.2742570403682,1980.5488023179912,1978.4738040269724,1979.9520394128328
2024-01-16 01:05:00+00:00,1979.9520394128328,1982.96378542262,1979.8180463691194,1982.0228355888223
2024-01-16 01:10:00+00:00,1982.0228355888223,1983.2361753035966,1981.4159726730359,1982.2929473445317
2024-01-16 01:15:00+00:00,1982.2929473445317,1984.5840337938205,1981.6211485602153,1983.8431574617796
2024-01-16 01:20:00+00:00,1983.8431574617796,1984.618101557031,1983.399248139584,1983.5819741459184
2024-01-16 01:25:00+00:00,1983.5819741459184,1983.9176303828112,1982.0597791260457,1983.0393398170738
2024-01-16 01:30:00+00:00,1983.0393398170738,1984.3889029755933,1982.6595830023568,1983.9435926050205
2024-01-16 01:35:00+00:00,1983.9435926050205,1984.522088570351,1981.409679323063,1982.2223968152805
2024-01-16 01:40:00+00:00,1982.2223968152805,1983.7170186015737,1981.4948828929848,1983.088760234677
2024-01-16 01:45:00+00:00,1983.088760234677,1983.5331401207773,1982.3761679499764,1983.0907366697984
2024-01-16 01:50:00+00:00,1983.0907366697984,1983.470386538056,1982.338902053125,1982.6611825922228
2024-01-16 01:55:00+00:00,1982.6611825922228,1983.052596401751,1982.5467779179057,1982.7412262384412
2024-01-16 02:00:00+00:00,1982.7412262384412,1983.5708007455253,1982.1424074970096,1982.8441514470674
2024-01-16 02:05:00+00:00,1982.8441514470674,1984.4342533095848,1982.7245347078933,1983.9697004236928
2024-01-16 02:10:00+00:00,1983.9697004236928,1985.6317746217403,1983.6859895214548,1984.7300398567647
2024-01-16 02:15:00+00:00,1984.7300398567647,1985.1835743650379,1983.7729839756507,1984.9135797783501
2024-01-16 02:20:00+00:00,1984.9135797783501,1985.1183591364852,1983.9848770460776,1984.7178064509073
2024-01-16 02:25:00+00:00,1984.7178064509073,1985.5654508759335,1983.047340796635,1983.8704319339747
2024-01-16 02:30:00+00:00,1983.8704319339747,1984.330265472388,1983.3620012723597,1984.052342669286
2024-01-16 02:35:00+00:00,1984.052342669286,1984.6528720113467,1981.588424002496,1981.7374281415734
2024-01-16 02:40:00+00:00,1981.7374281415734,1983.5456174772844,1980.8058786806964,1982.6094787487573
2024-01-16 02:45:00+00:00,1982.6094787487573,1983.2246750330958,1981.8519433197557,1982.6112133680977
2024-01-16 02:50:00+00:00,1982.6112133680977,1982.7444288499744,1980.5594512818575,1981.1182322447191
2024-01-16 02:55:00+00:00,1981.1182322447191,1982.464359535415,1980.9424042053422,1981.6293600082818
2024-01-16 03:00:00+00:00,1981.6293600082818,1982.4476947864487,1980.6790275988476,1980.8320720668755
2024-01-16 03:05:00+00:00,1980.8320720668755,1981.2508129077635,1980.2668371102409,1980.4153647153644
2024-01-16 03:10:00+00:00,1980.4153647153644,1981.3787891148836,1978.5757264820777,1978.8105995940125
2024-01-16 03:15:00+00:00,1978.8105995940125,1979.3576737982235,1977.662414454568,1978.1392938528577
2024-01-16 03:20:00+00:00,1978.1392938528577,1978.6470839138035,1977.3844084651735,1978.285541177786
2024-01-16 03:25:00+00:00,1978.285541177786,1978.892096536904,1977.3926820381137,1978.2122436778461
2024-01-16 03:30:00+00:00,1978.2122436778461,1978.6098881161058,1977.8450854632117,1978.475020684499
2024-01-16 03:35:00+00:00,1978.475020684499,1978.7871807516826,1977.709947059883,1977.8195370705805
2024-01-16 03:40:00+00:00,1977.8195370705805,1979.0079074432529,1977.6547180502537,1978.32700928818
2024-01-16 03:45:00+00:00,1978.32700928818,1978.7645452299275,1976.7721090433429,1976.9944336678584
2024-01-16 03:50:00+00:00,1976.9944336678584,1977.404775240377,1975.7468033982582,1976.4812147578418
2024-01-16 03:55:00+00:00,1976.4812147578418,1976.6740811402083,1973.938452352666,1974.094506499769
2024-01-16 04:00:00+00:00,1974.094506499769,1974.697476783407,1973.3235200073545,1973.8145760732903
2024-01-16 04:05:00+00:00,1973.8145760732903,1974.7757149123502,1972.9644203955347,1973.3177013128825
2024-01-16 04:10:00+00:00,1973.3177013128825,1973.814843553278,1972.4327861552856,1973.13734672113
2024-01-16 04:15:00+00:00,1973.13734672113,1974.423406912111,1972.8398036179449,1973.6443541127983
2024-01-16 04:20:00+00:00,1973.6443541127983,1974.961735136668,1972.989133486323,1974.8175209320273
2024-01-16 04:25:00+00:00,1974.8175209320273,1975.4985377375567,1973.3990100819342,1973.7498680160543
2024-01-16 04:30:00+00:00,1973.7498680160543,1974.5136264152802,1973.1241994663376,1973.5246982497029
2024-01-16 04:35:00+00:00,1973.5246982497029,1973.8532715239705,1971.4655270448166,1971.7528413701107
2024-01-16 04:40:00+00:00,1971.7528413701107,1974.298621643105,1971.0744838813653,1973.3883645689084
2024-01-16 04:45:00+00:00,1973.3883645689084,1975.0603249398134,1973.095058327415,1974.5488723501091
2024-01-16 04:50:00+00:00,1974.5488723501091,1975.9225265140785,1973.5752216080468,1974.9585264843138
2024-01-16 04:55:00+00:00,1974.9585264843138,1976.8152249409247,1974.5689575606996,1976.0409930650874
2024-01-16 05:00:00+00:00,1976.0409930650874,1977.5951829851633,1975.3919966078433,1976.806473677252
2024-01-16 05:05:00+00:00,1976.806473677252,1977.4577178753027,1975.310240751011,1976.2288469279156
2024-01-16 05:10:00+00:00,1976.2288469279156,1977.729620546689,1975.7623999007583,1976.8714875232756
2024-01-16 05:15:00+00:00,1976.8714875232756,1978.7148320197311,1975.9956667052772,1977.9242570017955
2024-01-16 05:20:00+00:00,1977.9242570017955,1979.2679630785824,1977.704557741301,1978.647254935153
2024-01-16 05:25:00+00:00,1978.647254935153,1979.5142321681656,1977.6447819459338,1978.5690800757015
2024-01-16 05:30:00+00:00,1978.5690800757015,1979.2276769489692,1977.7241874267152,1978.2219909432833
2024-01-16 05:35:00+00:00,1978.2219909432833,1980.504384847384,1977.4649008820934,1980.3598891684112
2024-01-16 05:40:00+00:00,1980.3598891684112,1981.22662254134,1979.7680105403067,1980.6063124837888
2024-01-16 05:45:00+00:00,1980.6063124837888,1981.6000985296328,1980.0303705235672,1981.1005801068216
2024-01-16 05:50:00+00:00,1981.1005801068216,1981.6775317513795,1978.968845827591,1979.8410844100003
2024-01-16 05:55:00+00:00,1979.8410844100003,1980.9869878380491,1979.5647246008239,1980.458365645084
2024-01-16 06:00:00+00:00,1980.458365645084,1981.2445443564122,1980.3218110788728,1980.6833744205878
2024-01-16 06:05:00+00:00,1980.6833744205878,1981.3520633794665,1979.5555837270454,1979.9105119332946
2024-01-16 06:10:00+00:00,1979.9105119332946,1981.4946604781292,1979.4573598893553,1981.073826469286
2024-01-16 06:15:00+00:00,1981.073826469286,1981.9163165376858,1980.4269725568768,1981.0741499901726
2024-01-16 06:20:00+00:00,1981.0741499901726,1981.853210775521,1980.198283662486,1981.6602748181458
2024-01-16 06:25:00+00:00,1981.6602748181458,1982.2393376176876,1981.3337302929936,1982.07755244932
2024-01-16 06:30:00+00:00,1982.07755244932,1982.714069121413,1980.7130987131359,1981.4510233926785
2024-01-16 06:35:00+00:00,1981.4510233926785,1981.972803244055,1981.2152307899576,1981.7142294904374
2024-01-16 06:40:00+00:00,1981.7142294904374,1983.6023199758931,1980.9237081690706,1982.9627573621183
2024-01-16 06:45:00+00:00,1982.9627573621183,1983.7479451038923,1981.0919156476148,1981.9703904445148
2024-01-16 06:50:00+00:00,1981.9703904445148,1982.6748677038713,1980.7763932179437,1981.040026505958
2024-01-16 06:55:00+00:00,1981.040026505958,1981.7005797225388,1979.6200160027138,1980.222247721926
2024-01-16 07:00:00+00:00,1980.222247721926,1981.7722108573873,1979.5424997938428,1980.891359976926
2024-01-16 07:05:00+00:00,1980.891359976926,1981.7339367976729,1979.687580884745,1980.4779245616642
2024-01-16 07:10:00+00:00,1980.4779245616642,1981.206525201665,1980.0608249031147,1980.745208982043
2024-01-16 07:15:00+00:00,1980.745208982043,1982.7093512896245,1980.4462859027813,1981.7755888010884
2024-01-16 07:20:00+00:00,1981.7755888010884,1981.971662023622,1979.870301138717,1980.7648728726847
2024-01-16 07:25:00+00:00,1980.7648728726847,1982.573472109215,1979.9554156108788,1982.0931144846998
2024-01-16 07:30:00+00:00,1982.0931144846998,1982.3957763931603,1981.8033120771822,1982.1212532875545
2024-01-16 07:35:00+00:00,1982.1212532875545,1982.5568788800308,1981.1611529495021,1981.9655141673582
2024-01-16 07:40:00+00:00,1981.9655141673582,1984.12181766067,1981.6961268331022,1983.3440560654562
2024-01-16 07:45:00+00:00,1983.3440560654562,1984.6339483301285,1982.7171887796987,1983.757325626055
2024-01-16 07:50:00+00:00,1983.757325626055,1983.9438240172215,1981.7220487065576,1982.5753357970232
2024-01-16 07:55:00+00:00,1982.5753357970232,1983.3374123789267,1981.7617876512159,1982.5237624989732
2024-01-16 08:00:00+00:00,1982.5237624989732,1982.8381402185262,1981.0997003725138,1981.8311061316574
2024-01-16 08:05:00+00:00,1981.8311061316574,1982.7486898196717,1981.378503170529,1982.0719068701098
2024-01-16 08:10:00+00:00,1982.0719068701098,1982.2068248662106,1981.1134738040032,1981.6503065603722
2024-01-16 08:15:00+00:00,1981.6503065603722,1982.2430172645486,1981.1982259871381,1981.3465834536844
2024-01-16 08:20:00+00:00,1981.3465834536844,1982.4987408362856,1981.220694801244,1982.2110188541662
2024-01-16 08:25:00+00:00,1982.2110188541662,1983.1529897927448,1979.7498452206924,1980.6884064807632
2024-01-16 08:30:00+00:00,1980.6884064807632,1981.4122410306584,1980.577686067914,1980.9427602567541
2024-01-16 08:35:00+00:00,1980.9427602567541,1981.2370555512346,1980.4272733893833,1980.7338197857966
2024-01-16 08:40:00+00:00,1980.7338197857966,1981.700815598488,1979.779358203493,1981.026187983585
2024-01-16 08:45:00+00:00,1981.026187983585,1981.7868567531916,1978.25807789626,1978.8933258159827
2024-01-16 08:50:00+00:00,1978.8933258159827,1979.7120116626704,1977.0918065564226,1978.035739141598
2024-01-16 08:55:00+00:00,1978.035739141598,1978.5611461811488,1976.8799849370516,1977.6701795840809
2024-01-16 09:00:00+00:00,1977.6701795840809,1979.883905051135,1977.4615167552004,1979.1588114329302
2024-01-16 09:05:00+00:00,1979.1588114329302,1980.071534164913,1977.2972871558447,1978.029745430337
2024-01-16 09:10:00+00:00,1978.029745430337,1978.547598798279,1976.2941193788906,1977.0193527381969
2024-01-16 09:15:00+00:00,1977.0193527381969,1977.9999068936766,1976.2569057140674,1976.8483086931017
2024-01-16 09:20:00+00:00,1976.8483086931017,1978.1198793586325,1976.7425906817573,1977.1355398009985
2024-01-16 09:25:00+00:00,1977.1355398009985,1977.579999071883,1975.7950635731938,1976.5851371903386
2024-01-16 09:30:00+00:00,1976.5851371903386,1976.811785561352,1976.2238194314682,1976.663796377214
2024-01-16 09:35:00+00:00,1976.663796377214,1976.9123754920915,1974.461176053697,1975.1929749138226
2024-01-16 09:40:00+00:00,1975.1929749138226,1977.128939171619,1974.9990182799856,1976.714776927058
2024-01-16 09:45:00+00:00,1976.714776927058,1977.6589733923606,1976.2079508970514,1976.4112651812447
2024-01-16 09:50:00+00:00,1976.4112651812447,1977.1850517558967,1975.7972753993697,1976.5277031584562
2024-01-16 09:55:00+00:00,1976.5277031584562,1979.9570621152075,1976.252375074383,1978.9612136617923
2024-01-16 10:00:00+00:00,1978.9612136617923,1979.2274300085323,1977.901947918749,1978.4566553266054
2024-01-16 10:05:00+00:00,1978.4566553266054,1978.7475064789833,1976.8449640070799,1977.3415113206845
2024-01-16 10:10:00+00:00,1977.3415113206845,1977.5863229750564,1976.2930817032018,1976.4528763056398
2024-01-16 10:15:00+00:00,1976.4528763056398,1978.237132926595,1976.3427771516003,1977.9585124859955
2024-01-16 10:20:00+00:00,1977.9585124859955,1978.4147899208613,1977.101101797687,1977.7898943813082
2024-01-16 10:25:00+00:00,1977.7898943813082,1978.5007737351702,1976.4757126283557,1977.08708830464
2024-01-16 10:30:00+00:00,1977.08708830464,1977.5028534528328,1976.1348101987423,1977.0565011772467
2024-01-16 10:35:00+00:00,1977.0565011772467,1978.0308177281247,1976.3866115184926,1977.0153617383771
2024-01-16 10:40:00+00:00,1977.0153617383771,1978.718252127241,1976.1161141844448,1977.9237680635074
2024-01-16 10:45:00+00:00,1977.9237680635074,1979.470954176759,1977.6847377544877,1978.5747929636389
2024-01-16 10:50:00+00:00,1978.5747929636389,1979.1081372586902,1977.9364582986873,1978.9170766242282
2024-01-16 10:55:00+00:00,1978.9170766242282,1979.7039256826818,1978.5268681724413,1979.3545928220049
2024-01-16 11:00:00+00:00,1979.3545928220049,1979.5681136604153,1977.885484805029,1978.6321547463867
2024-01-16 11:05:00+00:00,1978.6321547463867,1979.4813449646842,1977.2696301025742,1977.5018339956584
2024-01-16 11:10:00+00:00,1977.5018339956584,1978.6899964601905,1977.0305865235648,1977.8703398965874
2024-01-16 11:15:00+00:00,1977.8703398965874,1978.9178747135086,1977.125184855941,1978.3474407128158
2024-01-16 11:20:00+00:00,1978.3474407128158,1979.3387448999804,1978.050403100307,1978.505126611266
2024-01-16 11:25:00+00:00,1978.505126611266,1979.1000522560373,1978.048415805859,1978.7676633721853
2024-01-16 11:30:00+00:00,1978.7676633721853,1980.190543476442,1978.545776810951,1979.3405731901164
2024-01-16 11:35:00+00:00,1979.3405731901164,1979.503436509682,1977.3490141662207,1978.3182013667997
2024-01-16 11:40:00+00:00,1978.3182013667997,1978.7310123576135,1977.504037272852,1978.0170647901937
2024-01-16 11:45:00+00:00,1978.0170647901937,1978.577253886863,1976.9162841383738,1977.2417644832856
2024-01-16 11:50:00+00:00,1977.2417644832856,1978.1211568396518,1975.0124298667647,1975.5721427933229
2024-01-16 11:55:00+00:00,1975.5721427933229,1976.4863403623701,1975.0441187804417,1976.055732651307
2024-01-16 12:00:00+00:00,1976.055732651307,1976.8090160577624,1975.449463369863,1975.8552077052063
2024-01-16 12:05:00+00:00,1975.8552077052063,1976.662979615979,1975.1506651862753,1976.2264775506537
2024-01-16 12:10:00+00:00,1976.2264775506537,1977.3411903289357,1975.668593113607,1976.7992786190305
2024-01-16 12:15:00+00:00,1976.7992786190305,1977.1966552117885,1975.4324694752636,1975.9902068325496
2024-01-16 12:20:00+00:00,1975.9902068325496,1978.0065971927538,1975.1313271620907,1977.3511839833645
2024-01-16 12:25:00+00:00,1977.3511839833645,1977.7315425706731,1976.4194132525074,1977.6284919336701
2024-01-16 12:30:00+00:00,1977.6284919336701,1979.1524363392305,1976.8827831483811,1978.541002248097
2024-01-16 12:35:00+00:00,1978.541002248097,1980.5044027819363,1977.9408340900518,1980.069865557086
2024-01-16 12:40:00+00:00,1980.069865557086,1980.9166776747738,1979.1077990870888,1979.6453200351568
2024-01-16 12:45:00+00:00,1979.6453200351568,1980.0855985818025,1978.9572434131485,1979.0949269051675
2024-01-16 12:50:00+00:00,1979.0949269051675,1980.1679144693708,1978.3934489194526,1979.2604982748244
2024-01-16 12:55:00+00:00,1979.2604982748244,1981.2154711640337,1978.6677327885752,1980.2635758120698
2024-01-16 13:00:00+00:00,1980.2635758120698,1981.6697400665298,1979.64563941688,1981.2952133881877
2024-01-16 13:05:00+00:00,1981.2952133881877,1981.892423586446,1978.6500788822486,1979.5261212186372
2024-01-16 13:10:00+00:00,1979.5261212186372,1980.9568025481665,1979.1104635864701,1980.822198577441
2024-01-16 13:15:00+00:00,1980.822198577441,1981.2619669448086,1979.823272479917,1980.4245673186117
2024-01-16 13:20:00+00:00,1980.4245673186117,1981.6541145931826,1980.1575982146499,1980.8693750792527
2024-01-16 13:25:00+00:00,1980.8693750792527,1981.758291827007,1979.4645749113213,1979.6808371036755
2024-01-16 13:30:00+00:00,1979.6808371036755,1980.5907525814375,1978.4607115689773,1978.8896701173808
2024-01-16 13:35:00+00:00,1978.8896701173808,1979.705165052823,1978.64806754632,1979.2221645183897
2024-01-16 13:40:00+00:00,1979.2221645183897,1979.3557428617412,1977.3447215698966,1977.6190759300207
2024-01-16 13:45:00+00:00,1977.6190759300207,1978.7951938061567,1977.1586103144411,1978.3489889770663
2024-01-16 13:50:00+00:00,1978.3489889770663,1979.08281818923,1976.8935190406035,1977.8669328319509
2024-01-16 13:55:00+00:00,1977.8669328319509,1978.5094769727586,1977.757348958925,1978.1188964738906
2024-01-16 14:00:00+00:00,1978.1188964738906,1979.0575869454872,1977.7033564579758,1978.2550861952725
2024-01-16 14:05:00+00:00,1978.2550861952725,1978.8560821284068,1977.2569233852266,1977.7591998180344
2024-01-16 14:10:00+00:00,1977.7591998180344,1979.513959760715,1976.8138001565949,1978.9440840855514
2024-01-16 14:15:00+00:00,1978.9440840855514,1981.2954644964962,1978.4865828117997,1981.0540745781118
2024-01-16 14:20:00+00:00,1981.0540745781118,1982.44996187661,1980.554208327565,1981.62456304514
2024-01-16 14:25:00+00:00,1981.62456304514,1982.00214308761,1979.977790567603,1980.0832756734603
2024-01-16 14:30:00+00:00,1980.0832756734603,1980.9605425409109,1979.3942669979235,1980.1957998663286
2024-01-16 14:35:00+00:00,1980.1957998663286,1980.8195673150642,1979.6542403377089,1979.9954438732254
2024-01-16 14:40:00+00:00,1979.9954438732254,1981.3965798865736,1979.0502595466232,1980.8176337303998
2024-01-16 14:45:00+00:00,1980.8176337303998,1981.6970202424895,1979.895063134443,1980.8756815364889
2024-01-16 14:50:00+00:00,1980.8756815364889,1983.3718119138377,1980.00482322919,1982.807410193339
2024-01-16 14:55:00+00:00,1982.807410193339,1983.7513662086321,1982.0941424633531,1983.434081923578
2024-01-16 15:00:00+00:00,1983.434081923578,1984.6267765570394,1982.506521673849,1983.9754646662823
2024-01-16 15:05:00+00:00,1983.9754646662823,1984.8724627322024,1983.2792783707464,1983.6695752332191
2024-01-16 15:10:00+00:00,1983.6695752332191,1984.4642229092103,1982.3874505418332,1982.8719130191337
2024-01-16 15:15:00+00:00,1982.8719130191337,1982.9720531650553,1982.530067681969,1982.7983567620065
2024-01-16 15:20:00+00:00,1982.7983567620065,1983.0956897723447,1982.158908508323,1982.983853396488
2024-01-16 15:25:00+00:00,1982.983853396488,1984.3045757952837,1982.2838604533886,1983.4179698216105
2024-01-16 15:30:00+00:00,1983.4179698216105,1984.144517002333,1982.7081466436068,1983.601857042342
2024-01-16 15:35:00+00:00,1983.601857042342,1984.4780271814127,1982.9446339409474,1983.3527583333869
2024-01-16 15:40:00+00:00,1983.3527583333869,1984.2139401577126,1982.7276136794183,1983.4001368244571
2024-01-16 15:45:00+00:00,1983.4001368244571,1984.347412780057,1982.8308316287785,1982.9865981370363
2024-01-16 15:50:00+00:00,1982.9865981370363,1983.836912015289,1981.344367094574,1982.0987694353385
2024-01-16 15:55:00+00:00,1982.0987694353385,1982.9225158057304,1980.7586558267533,1981.3208372352929
2024-01-16 16:00:00+00:00,1981.3208372352929,1982.6799705661124,1981.0943678948074,1981.7672838427216
2024-01-16 16:05:00+00:00,1981.7672838427216,1983.2210597554997,1981.3296460219424,1982.423140234201
2024-01-16 16:10:00+00:00,1982.423140234201,1982.7908452974953,1981.4902623077123,1982.2310003961409
2024-01-16 16:15:00+00:00,1982.2310003961409,1983.0322019228863,1981.7574256828543,1982.110879062472
2024-01-16 16:20:00+00:00,1982.110879062472,1982.777553115472,1981.6180670278736,1982.6053472796305
2024-01-16 16:25:00+00:00,1982.6053472796305,1983.3398662663355,1981.5965717654549,1982.4854299498004
2024-01-16 16:30:00+00:00,1982.4854299498004,1986.091016131724,1982.07641017411,1985.3158708859871
2024-01-16 16:35:00+00:00,1985.3158708859871,1985.8439658852406,1984.9591935127078,1985.4344008506362
2024-01-16 16:40:00+00:00,1985.4344008506362,1985.7295672271077,1984.495422556479,1984.9697502935894
2024-01-16 16:45:00+00:00,1984.9697502935894,1985.9040282473618,1982.4587807396347,1983.3428535648275
2024-01-16 16:50:00+00:00,1983.3428535648275,1983.8929980502858,1982.4447026680032,1983.5348259953205
2024-01-16 16:55:00+00:00,1983.5348259953205,1984.5692924662399,1983.054991123137,1984.4601635247084
2024-01-16 17:00:00+00:00,1984.4601635247084,1984.5712496521683,1984.221144269511,1984.412294625604
2024-01-16 17:05:00+00:00,1984.412294625604,1986.323434283439,1984.219929149965,1985.5321812195293
2024-01-16 17:10:00+00:00,1985.5321812195293,1985.9287988171477,1984.0321670642338,1985.0012767074154
2024-01-16 17:15:00+00:00,1985.0012767074154,1985.2535778929973,1984.6178602065024,1984.9131078577566
2024-01-16 17:20:00+00:00,1984.9131078577566,1985.2264865907925,1983.9012814132466,1984.7491034930606
2024-01-16 17:25:00+00:00,1984.7491034930606,1985.5687720279443,1983.749163249382,1984.0757396451595
2024-01-16 17:30:00+00:00,1984.0757396451595,1984.7548778119576,1982.30291073596,1982.7441951737383
2024-01-16 17:35:00+00:00,1982.7441951737383,1983.1635081177985,1981.3585711783574,1981.8895149298132
2024-01-16 17:40:00+00:00,1981.8895149298132,1982.7682266339502,1979.4523802817716,1980.180729871682
2024-01-16 17:45:00+00:00,1980.180729871682,1981.717441491257,1979.5381708149218,1980.8667446886295
2024-01-16 17:50:00+00:00,1980.8667446886295,1981.3384253683744,1980.4632662637396,1980.7152874873661
2024-01-16 17:55:00+00:00,1980.7152874873661,1980.8346071515107,1980.5172214543895,1980.6247798480929
2024-01-16 18:00:00+00:00,1980.6247798480929,1981.4390868221944,1979.7732470428787,1980.1107390114678
2024-01-16 18:05:00+00:00,1980.1107390114678,1981.8989857304327,1979.2306356599947,1980.9701437134734
2024-01-16 18:10:00+00:00,1980.9701437134734,1981.840169055042,1979.6529761029576,1980.2113330625825
2024-01-16 18:15:00+00:00,1980.2113330625825,1982.0868858803758,1979.9934945345408,1981.7304165150435
2024-01-16 18:20:00+00:00,1981.7304165150435,1983.5588501066584,1981.224987492858,1982.7097572845737
2024-01-16 18:25:00+00:00,1982.7097572845737,1983.3858148207096,1981.846791884063,1982.0833931280392
2024-01-16 18:30:00+00:00,1982.0833931280392,1982.7377983729275,1981.7563245684903,1981.9057320783618
2024-01-16 18:35:00+00:00,1981.9057320783618,1982.734666077238,1981.5190456623545,1982.474792422039
2024-01-16 18:40:00+00:00,1982.474792422039,1984.1624593769375,1981.517508861039,1983.6039089887643
2024-01-16 18:45:00+00:00,1983.6039089887643,1984.0659314448571,1982.2540799723988,1982.8937121080633
2024-01-16 18:50:00+00:00,1982.8937121080633,1983.680224155522,1981.689976043729,1982.447456144285
2024-01-16 18:55:00+00:00,1982.447456144285,1985.0150063862334,1982.2149709626967,1984.7047681452973
2024-01-16 19:00:00+00:00,1984.7047681452973,1986.0538994111912,1984.2634115063245,1985.5352280077573
2024-01-16 19:05:00+00:00,1985.5352280077573,1987.1694288932158,1985.3830677154529,1986.344920170945
2024-01-16 19:10:00+00:00,1986.344920170945,1989.0543130887484,1985.4947770086142,1988.0880267618702
2024-01-16 19:15:00+00:00,1988.0880267618702,1989.168391134607,1987.3689585563332,1988.4921438715817
2024-01-16 19:20:00+00:00,1988.4921438715817,1988.7058763338712,1987.5907173459575,1988.0843662428153
2024-01-16 19:25:00+00:00,1988.0843662428153,1988.9291216392041,1985.9784323967842,1986.5311942437984
2024-01-16 19:30:00+00:00,1986.5311942437984,1988.1251188919348,1986.0590709990538,1987.3096652519446
2024-01-16 19:35:00+00:00,1987.3096652519446,1988.0394015376464,1986.0291566904998,1986.2924853029756
2024-01-16 19:40:00+00:00,1986.2924853029756,1987.0237762341033,1986.0597318003047,1986.8990175909073
2024-01-16 19:45:00+00:00,1986.8990175909073,1987.8457135225026,1984.9792359908497,1985.1245185555251
2024-01-16 19:50:00+00:00,1985.1245185555251,1986.068452768195,1983.8712233270933,1984.7004506585722
2024-01-16 19:55:00+00:00,1984.7004506585722,1984.9715392316011,1984.5136599977081,1984.6871316866898
2024-01-16 20:00:00+00:00,1984.6871316866898,1985.6046977990018,1983.2389479196997,1983.5636126525326
2024-01-16 20:05:00+00:00,1983.5636126525326,1984.0444519620996,1982.4461420411976,1983.07434238419
2024-01-16 20:10:00+00:00,1983.07434238419,1983.2424279920383,1981.3337022254686,1982.3285804503275
2024-01-16 20:15:00+00:00,1982.3285804503275,1982.7584392488673,1982.114478270506,1982.4482494246197
2024-01-16 20:20:00+00:00,1982.4482494246197,1983.1271219687874,1981.2071261645235,1981.3179524568443
2024-01-16 20:25:00+00:00,1981.3179524568443,1982.2903976076595,1980.4115948352437,1981.084954958237
2024-01-16 20:30:00+00:00,1981.084954958237,1983.291016701376,1980.4767215664292,1982.324537037681
2024-01-16 20:35:00+00:00,1982.324537037681,1984.114751416486,1981.8854934594012,1983.5881385606478
2024-01-16 20:40:00+00:00,1983.5881385606478,1985.7042704846158,1983.1832153727605,1985.2923545995286
2024-01-16 20:45:00+00:00,1985.2923545995286,1986.367052845493,1984.9636093337497,1985.6688901470297
2024-01-16 20:50:00+00:00,1985.6688901470297,1986.0005009742079,1984.43700606479,1985.3053513199195
2024-01-16 20:55:00+00:00,1985.3053513199195,1986.0359854168948,1984.597603621553,1985.6039955077515
2024-01-16 21:00:00+00:00,1985.6039955077515,1986.8732168393058,1985.0214258737738,1986.2461764529214
2024-01-16 21:05:00+00:00,1986.2461764529214,1987.2590820302967,1985.5695724110346,1986.5009545825155
2024-01-16 21:10:00+00:00,1986.5009545825155,1988.4205492200067,1985.584865473536,1987.809042549967
2024-01-16 21:15:00+00:00,1987.809042549967,1987.918454870132,1986.277923797379,1987.2200921698497
2024-01-16 21:20:00+00:00,1987.2200921698497,1987.8570190340313,1986.8854594891498,1987.0365245484168
2024-01-16 21:25:00+00:00,1987.0365245484168,1988.0038461822746,1985.0784636377916,1985.6715877711176
2024-01-16 21:30:00+00:00,1985.6715877711176,1985.7991752715661,1984.9676100062065,1985.295587001212
2024-01-16 21:35:00+00:00,1985.295587001212,1986.8910266779585,1984.9772565143558,1986.4144371932332
2024-01-16 21:40:00+00:00,1986.4144371932332,1986.5806864335718,1985.9128997784871,1986.4645155653554
2024-01-16 21:45:00+00:00,1986.4645155653554,1987.5977026582805,1985.9564867103722,1987.140623130752
2024-01-16 21:50:00+00:00,1987.140623130752,1987.8262246482698,1986.6634282631494,1987.528353910673
2024-01-16 21:55:00+00:00,1987.528353910673,1988.5724909368557,1987.0538527998258,1988.399096376175
2024-01-16 22:00:00+00:00,1988.399096376175,1989.1866769032022,1987.0030808754789,1987.6501385415954
2024-01-16 22:05:00+00:00,1987.6501385415954,1988.2645841566791,1987.21440247183,1988.1344095339887
2024-01-16 22:10:00+00:00,1988.1344095339887,1989.5687353448855,1987.9270536353524,1988.7490095634462
2024-01-16 22:15:00+00:00,1988.7490095634462,1990.5115050168947,1988.561107893038,1989.7936538536903
2024-01-16 22:20:00+00:00,1989.7936538536903,1991.9319006120159,1989.6016245410133,1991.0515284780981
2024-01-16 22:25:00+00:00,1991.0515284780981,1991.1884079245997,1990.0151965047728,1990.6071057495976
2024-01-16 22:30:00+00:00,1990.6071057495976,1990.945033176393,1988.8290545636648,1989.3216702519862
2024-01-16 22:35:00+00:00,1989.3216702519862,1989.8897104813643,1987.8335500244264,1988.7467653955837
2024-01-16 22:40:00+00:00,1988.7467653955837,1990.472253551949,1988.5637922236695,1989.9408580423465
2024-01-16 22:45:00+00:00,1989.9408580423465,1990.0609112125294,1988.2524477903423,1989.0498450599093
2024-01-16 22:50:00+00:00,1989.0498450599093,1989.5775219503234,1987.0374188743283,1987.8139758827383
2024-01-16 22:55:00+00:00,1987.8139758827383,1988.2222560396929,1985.9395246072615,1986.6369466142362
2024-01-16 23:00:00+00:00,1986.6369466142362,1987.5420856642215,1985.2771275428893,1985.4695108115595
2024-01-16 23:05:00+00:00,1985.4695108115595,1986.457085901749,1985.0538030383123,1986.1210126740737
2024-01-16 23:10:00+00:00,1986.1210126740737,1986.2657032369239,1984.917209371007,1985.4331669792552
2024-01-16 23:15:00+00:00,1985.4331669792552,1985.6917151332684,1984.745152429904,1984.8739562471085
2024-01-16 23:20:00+00:00,1984.8739562471085,1986.2777329680694,1984.709617788543,1985.9055479402475
2024-01-16 23:25:00+00:00,1985.9055479402475,1987.0909570404979,1985.484676770422,1986.7507418168248
2024-01-16 23:30:00+00:00,1986.7507418168248,1988.1568072555228,1986.1794931509353,1987.5469047369543
2024-01-16 23:35:00+00:00,1987.5469047369543,1987.8858087695826,1986.6512540188805,1986.8609656898896
2024-01-16 23:40:00+00:00,1986.8609656898896,1987.1010320106043,1984.904947706805,1985.3307024473443
2024-01-16 23:45:00+00:00,1985.3307024473443,1985.905484748744,1985.2156079175859,1985.6504092635573
2024-01-16 23:50:00+00:00,1985.6504092635573,1987.4613372771785,1985.4233854237689,1987.2331583734367
2024-01-16 23:55:00+00:00,1987.2331583734367,1988.174879066894,1986.659608240708,1986.9155463561788
2024-01-17 00:00:00+00:00,1986.9155463561788,1987.6810679623977,1986.117958550892,1986.6737758888326
2024-01-17 00:05:00+00:00,1986.6737758888326,1987.5226051375844,1983.3105956947666,1983.7532780843555
2024-01-17 00:10:00+00:00,1983.7532780843555,1985.4662232707083,1983.2990626390535,1985.3153203620839
2024-01-17 00:15:00+00:00,1985.3153203620839,1985.8090527992774,1984.1949790766587,1985.1389112229062
2024-01-17 00:20:00+00:00,1985.1389112229062,1985.7524862582877,1983.0540129624092,1983.5747738763046
2024-01-17 00:25:00+00:00,1983.5747738763046,1984.103058404835,1983.391879093757,1983.5244161349387
2024-01-17 00:30:00+00:00,1983.5244161349387,1983.6950542605855,1982.5976915946032,1982.9913160519175
2024-01-17 00:35:00+00:00,1982.9913160519175,1983.897189600123,1982.759840522972,1983.5593512214934
2024-01-17 00:40:00+00:00,1983.5593512214934,1986.0720739296119,1982.688515626209,1985.5001591854611
2024-01-17 00:45:00+00:00,1985.5001591854611,1986.2479535752511,1983.9252281028696,1984.7783844835853
2024-01-17 00:50:00+00:00,1984.7783844835853,1985.3752117694519,1983.8044342756816,1984.9212973919207
2024-01-17 00:55:00+00:00,1984.9212973919207,1985.5418754714183,1984.4349898550984,1984.5779057140853
2024-01-17 01:00:00+00:00,1984.5779057140853,1985.334407884928,1983.523232619701,1983.9828516751386
2024-01-17 01:05:00+00:00,1983.9828516751386,1985.3262272474526,1983.646373695284,1984.3999132349586
2024-01-17 01:10:00+00:00,1984.3999132349586,1986.5472100301945,1983.6460063906213,1985.7955179963383
2024-01-17 01:15:00+00:00,1985.7955179963383,1986.5958138666756,1985.2757241702561,1986.19439437015
2024-01-17 01:20:00+00:00,1986.19439437015,1986.4302523189208,1985.3127257549154,1985.8132984703464
2024-01-17 01:25:00+00:00,1985.8132984703464,1986.6194592189624,1985.1890123435917,1986.2827772986775
2024-01-17 01:30:00+00:00,1986.2827772986775,1987.1706928189185,1985.6357966377814,1986.4986636581457
2024-01-17 01:35:00+00:00,1986.4986636581457,1987.438721709319,1986.1135826862517,1987.2351868787239
2024-01-17 01:40:00+00:00,1987.2351868787239,1988.1660189109584,1986.0767555864893,1986.7416427574663
2024-01-17 01:45:00+00:00,1986.7416427574663,1987.0851851763389,1986.196481794175,1986.8685736835087
2024-01-17 01:50:00+00:00,1986.8685736835087,1988.6713366946794,1986.6849546163687,1988.3541312005523
2024-01-17 01:55:00+00:00,1988.3541312005523,1988.6480347333172,1987.8281572649923,1988.3741746050796
2024-01-17 02:00:00+00:00,1988.3741746050796,1989.5981636537617,1988.021055433074,1989.2564375878337
2024-01-17 02:05:00+00:00,1989.2564375878337,1989.7847445247603,1988.9177306328295,1989.249960550542
2024-01-17 02:10:00+00:00,1989.249960550542,1990.294605561458,1988.8488936492738,1989.3164736061892
2024-01-17 02:15:00+00:00,1989.3164736061892,1990.1858557684986,1988.2765813836959,1988.651079715897
2024-01-17 02:20:00+00:00,1988.651079715897,1991.718840021628,1987.7594532068626,1991.2187575865116
2024-01-17 02:25:00+00:00,1991.2187575865116,1992.758113713029,1990.3726428409016,1992.2998803254013
2024-01-17 02:30:00+00:00,1992.2998803254013,1994.0677663885015,1992.177987334765,1993.365375846854
2024-01-17 02:35:00+00:00,1993.365375846854,1995.0802028667922,1992.9828225642598,1994.410214650824
2024-01-17 02:40:00+00:00,1994.410214650824,1995.1936665162248,1992.6264726242307,1993.4952001055035
2024-01-17 02:45:00+00:00,1993.4952001055035,1993.928066546803,1992.2483961438727,1992.8155526160624
2024-01-17 02:50:00+00:00,1992.8155526160624,1993.0742982600452,1992.1164318938747,1992.65526473319
2024-01-17 02:55:00+00:00,1992.65526473319,1993.5891364790907,1990.2899725013144,1991.1450308888382
2024-01-17 03:00:00+00:00,1991.1450308888382,1991.2571514780848,1989.3938149204155,1990.3347034262154
2024-01-17 03:05:00+00:00,1990.3347034262154,1991.1979658795858,1989.716428604232,1991.084514485509
2024-01-17 03:10:00+00:00,1991.084514485509,1991.5664646971672,1988.4824688251497,1989.1658419924563
2024-01-17 03:15:00+00:00,1989.1658419924563,1989.7184729258254,1987.5581837633113,1988.3583914445833
2024-01-17 03:20:00+00:00,1988.3583914445833,1988.5195329147518,1987.543052324295,1988.267588106464
2024-01-17 03:25:00+00:00,1988.267588106464,1988.8977948822937,1987.2879246207335,1988.1828492034563
2024-01-17 03:30:00+00:00,1988.1828492034563,1988.5203468393224,1987.5057147311,1988.153029713384
2024-01-17 03:35:00+00:00,1988.153029713384,1988.4831178313132,1986.9470478736412,1987.4653937984674
2024-01-17 03:40:00+00:00,1987.4653937984674,1988.9121408118656,1986.874778681312,1988.2840060641345
2024-01-17 03:45:00+00:00,1988.2840060641345,1989.0822896488878,1985.2394395973824,1986.1558433275234
2024-01-17 03:50:00+00:00,1986.1558433275234,1986.9646770515367,1985.3528043895994,1986.5302805906044
2024-01-17 03:55:00+00:00,1986.5302805906044,1987.3187335288906,1984.3469921040423,1985.1673922807104
2024-01-17 04:00:00+00:00,1985.1673922807104,1985.9193833580603,1983.8588297341187,1984.513142731624
2024-01-17 04:05:00+00:00,1984.513142731624,1984.640417314455,1984.318582430905,1984.446401204355
2024-01-17 04:10:00+00:00,1984.446401204355,1986.0592806384755,1983.8705563097055,1985.8948559177431
2024-01-17 04:15:00+00:00,1985.8948559177431,1986.5922883131727,1984.7665026111201,1985.0736352179545
2024-01-17 04:20:00+00:00,1985.0736352179545,1985.187800545719,1983.5321782044143,1983.7692037631189
2024-01-17 04:25:00+00:00,1983.7692037631189,1984.8149934817693,1983.3612786135748,1984.6472603499806
2024-01-17 04:30:00+00:00,1984.6472603499806,1985.0005375637536,1984.3176014184428,1984.5718828613278
2024-01-17 04:35:00+00:00,1984.5718828613278,1984.9907995754634,1983.921659580183,1984.583364476273
2024-01-17 04:40:00+00:00,1984.583364476273,1985.9625951439364,1984.2257813619342,1985.0890740503798
2024-01-17 04:45:00+00:00,1985.0890740503798,1986.8014636261796,1984.7284653643956,1985.9932073599177
2024-01-17 04:50:00+00:00,1985.9932073599177,1986.6647427805992,1985.7858067843574,1986.1373284219453
2024-01-17 04:55:00+00:00,1986.1373284219453,1986.3991528507042,1983.3530667690748,1984.2358231068317
2024-01-17 05:00:00+00:00,1984.2358231068317,1984.378337001115,1983.6991261900896,1984.0507499816674
2024-01-17 05:05:00+00:00,1984.0507499816674,1984.8108675472017,1983.7015457023795,1984.0703621752443
2024-01-17 05:10:00+00:00,1984.0703621752443,1984.4710493049263,1982.2830894301403,1983.0271374826257
2024-01-17 05:15:00+00:00,1983.0271374826257,1983.2251525373986,1981.1616894516599,1982.104840029851
2024-01-17 05:20:00+00:00,1982.104840029851,1983.5446446253409,1981.7704290313245,1982.680393000396
2024-01-17 05:25:00+00:00,1982.680393000396,1983.8881296571544,1981.6973666902513,1982.9020039351926
2024-01-17 05:30:00+00:00,1982.9020039351926,1983.5227526361737,1981.25484390598,1982.0865876175603
2024-01-17 05:35:00+00:00,1982.0865876175603,1982.7229156334286,1981.9132370855632,1982.594980749421
2024-01-17 05:40:00+00:00,1982.594980749421,1983.0871978145528,1982.2530128135,1982.7173657953867
2024-01-17 05:45:00+00:00,1982.7173657953867,1983.1105647756049,1980.6936391636125,1981.5532695495795
2024-01-17 05:50:00+00:00,1981.5532695495795,1982.2698217686768,1980.8910846910242,1981.3068893064478
2024-01-17 05:55:00+00:00,1981.3068893064478,1982.128747470481,1979.2002444709935,1980.1232032476853
2024-01-17 06:00:00+00:00,1980.1232032476853,1980.3269241222342,1978.5256716657193,1979.345097853937
2024-01-17 06:05:00+00:00,1979.345097853937,1980.4875786280904,1978.7547013620836,1979.6175918845445
2024-01-17 06:10:00+00:00,1979.6175918845445,1980.0756828660906,1978.3298398556137,1978.5142614182732
2024-01-17 06:15:00+00:00,1978.5142614182732,1978.633984505844,1976.5671439243195,1977.391093851011
2024-01-17 06:20:00+00:00,1977.391093851011,1978.147757977551,1976.5860044071362,1977.7319980093716
2024-01-17 06:25:00+00:00,1977.7319980093716,1977.945772473224,1976.5971916376234,1976.8237173001103
2024-01-17 06:30:00+00:00,1976.8237173001103,1977.3266800580534,1975.8227373702434,1976.5783591139243
2024-01-17 06:35:00+00:00,1976.5783591139243,1976.9172823681115,1975.6314692915023,1976.3521125852938
2024-01-17 06:40:00+00:00,1976.3521125852938,1977.047383577074,1975.4404103121692,1976.207359410774
2024-01-17 06:45:00+00:00,1976.207359410774,1977.1194207303731,1975.2106639714395,1976.5519000059485
2024-01-17 06:50:00+00:00,1976.5519000059485,1977.4051095482937,1975.4207047234793,1976.1626170887907
2024-01-17 06:55:00+00:00,1976.1626170887907,1976.5457704842572,1974.7005294606322,1975.4647272903721
2024-01-17 07:00:00+00:00,1975.4647272903721,1975.971399033127,1974.6487383746721,1975.049255857645
2024-01-17 07:05:00+00:00,1975.049255857645,1976.3215547270158,1974.6204693450927,1976.1006153341655
2024-01-17 07:10:00+00:00,1976.1006153341655,1977.8796348535595,1975.9211466702486,1976.9426657819663
2024-01-17 07:15:00+00:00,1976.9426657819663,1977.594601459713,1976.7085082938977,1976.8961749686325
2024-01-17 07:20:00+00:00,1976.8961749686325,1978.2453569784013,1976.269824121685,1978.0082186923562
2024-01-17 07:25:00+00:00,1978.0082186923562,1979.3784971708594,1977.7958164934832,1978.6508159333569
2024-01-17 07:30:00+00:00,1978.6508159333569,1978.8388869815972,1977.072288087216,1977.6856961773049
2024-01-17 07:35:00+00:00,1977.6856961773049,1979.226483075974,1977.2963588573512,1979.0524309008326
2024-01-17 07:40:00+00:00,1979.0524309008326,1981.8051361517241,1978.4155405238134,1981.581876148134
2024-01-17 07:45:00+00:00,1981.581876148134,1982.020468717495,1981.265393244171,1981.912401785149
2024-01-17 07:50:00+00:00,1981.912401785149,1982.2964236790735,1979.7088992662582,1980.4539892563723
2024-01-17 07:55:00+00:00,1980.4539892563723,1982.7957289315364,1979.793580580701,1981.810683283946
2024-01-17 08:00:00+00:00,1981.810683283946,1982.6149922155232,1981.4022574196954,1982.3636207345392
2024-01-17 08:05:00+00:00,1982.3636207345392,1983.2753183386799,1981.7921515374353,1982.2699936906101
2024-01-17 08:10:00+00:00,1982.2699936906101,1982.772407171148,1979.7780123037255,1980.4385866140046
2024-01-17 08:15:00+00:00,1980.4385866140046,1981.352759581999,1979.4447417186457,1980.3479435703907
2024-01-17 08:20:00+00:00,1980.3479435703907,1980.7071578709945,1979.6069834756443,1980.0799597773719
2024-01-17 08:25:00+00:00,1980.0799597773719,1980.9704745980307,1978.9601467661373,1979.7978245263228
2024-01-17 08:30:00+00:00,1979.7978245263228,1979.904315815829,1978.4537400666718,1979.4205498429392
2024-01-17 08:35:00+00:00,1979.4205498429392,1980.6157475205464,1978.7723113002564,1980.2910685787754
2024-01-17 08:40:00+00:00,1980.2910685787754,1981.0896677315427,1979.3595450224902,1979.9141723281848
2024-01-17 08:45:00+00:00,1979.9141723281848,1980.479214873845,1978.9409754506573,1980.3065434340772
2024-01-17 08:50:00+00:00,1980.3065434340772,1980.7026081837296,1978.0074879119375,1978.5897568338255
2024-01-17 08:55:00+00:00,1978.5897568338255,1978.9746214408449,1976.8836488504496,1977.7011689447413
2024-01-17 09:00:00+00:00,1977.7011689447413,1978.0823222301954,1977.1726592851287,1977.6979179694397
2024-01-17 09:05:00+00:00,1977.6979179694397,1978.6088525562648,1975.9704733928734,1976.896963461247
2024-01-17 09:10:00+00:00,1976.896963461247,1977.545363713511,1976.605432825197,1976.9350857605064
2024-01-17 09:15:00+00:00,1976.9350857605064,1977.0750331165784,1976.069193300401,1976.8942443186463
2024-01-17 09:20:00+00:00,1976.8942443186463,1977.1890768639582,1976.3935282793761,1977.0691622042375
2024-01-17 09:25:00+00:00,1977.0691622042375,1977.4463869534998,1976.4552395490055,1976.7759240900275
2024-01-17 09:30:00+00:00,1976.7759240900275,1977.7075680461683,1976.1202140474527,1977.3565266707074
2024-01-17 09:35:00+00:00,1977.3565266707074,1978.1619897144606,1975.8073514195369,1976.1331108756845
2024-01-17 09:40:00+00:00,1976.1331108756845,1976.8329104100374,1974.8592204416686,1975.7777688799038
2024-01-17 09:45:00+00:00,1975.7777688799038,1977.5251938850097,1975.245785298298,1977.1596181935429
2024-01-17 09:50:00+00:00,1977.1596181935429,1977.3246083421982,1976.0006282915367,1976.7889983308567
2024-01-17 09:55:00+00:00,1976.7889983308567,1978.8153266496336,1976.3220708088143,1978.1788183489984
2024-01-17 10:00:00+00:00,1978.1788183489984,1979.374347412736,1977.2020884831463,1978.4998891779194
2024-01-17 10:05:00+00:00,1978.4998891779194,1978.742094843859,1978.0108231482673,1978.2908723388196
2024-01-17 10:10:00+00:00,1978.2908723388196,1978.7241039284477,1977.3942383872284,1978.378265525383
2024-01-17 10:15:00+00:00,1978.378265525383,1980.305999854756,1977.829763182913,1979.8267025662665
2024-01-17 10:20:00+00:00,1979.8267025662665,1980.403887686226,1979.2302833315093,1979.5495794054264
2024-01-17 10:25:00+00:00,1979.5495794054264,1980.539199364184,1978.4257026374212,1978.5529351192963
2024-01-17 10:30:00+00:00,1978.5529351192963,1979.9703352510635,1977.6042290875625,1979.0115431041233
2024-01-17 10:35:00+00:00,1979.0115431041233,1980.4657974043935,1978.4986132729146,1979.6669467746613
2024-01-17 10:40:00+00:00,1979.6669467746613,1981.1354638278688,1979.2041172903705,1980.446063360667
2024-01-17 10:45:00+00:00,1980.446063360667,1980.5887997640434,1978.511280150492,1979.0783064926977
2024-01-17 10:50:00+00:00,1979.0783064926977,1980.2398580122713,1978.4102532423315,1979.44489821633
2024-01-17 10:55:00+00:00,1979.44489821633,1980.3765167895046,1978.7296467368176,1979.5131632376567
2024-01-17 11:00:00+00:00,1979.5131632376567,1980.0534619677126,1978.6416150456157,1979.2964472281146
2024-01-17 11:05:00+00:00,1979.2964472281146,1980.0154978136213,1978.6691743926917,1978.8763625089414
2024-01-17 11:10:00+00:00,1978.8763625089414,1979.5878929536734,1978.050478227047,1979.304334234887
2024-01-17 11:15:00+00:00,1979.304334234887,1979.4454540003867,1978.6442837432885,1979.2486803562056
2024-01-17 11:20:00+00:00,1979.2486803562056,1979.4030332405503,1978.2859335575893,1979.2119741545744
2024-01-17 11:25:00+00:00,1979.2119741545744,1981.9745486267623,1978.8235636146371,1981.0196261901194
2024-01-17 11:30:00+00:00,1981.0196261901194,1981.992215715793,1980.7343832432352,1981.0757847513532
2024-01-17 11:35:00+00:00,1981.0757847513532,1981.8899349885176,1979.7022124747082,1980.0355111010529
2024-01-17 11:40:00+00:00,1980.0355111010529,1980.2725553385478,1978.7572835561105,1979.2085550184188
2024-01-17 11:45:00+00:00,1979.2085550184188,1979.5129527759107,1978.098710393227,1978.5248709441764
2024-01-17 11:50:00+00:00,1978.5248709441764,1978.831584734449,1976.327020707762,1977.0733120150228
2024-01-17 11:55:00+00:00,1977.0733120150228,1978.221585773411,1976.8596907503184,1978.0542990225724
2024-01-17 12:00:00+00:00,1978.0542990225724,1980.6183111303162,1977.1436563123025,1979.7321959592293
2024-01-17 12:05:00+00:00,1979.7321959592293,1980.1099521333992,1978.4002718892862,1979.1649876832316
2024-01-17 12:10:00+00:00,1979.1649876832316,1980.4472108221091,1979.0199023683301,1979.9841050685466
2024-01-17 12:15:00+00:00,1979.9841050685466,1980.6605730317758,1978.9768677967288,1979.307972702472
2024-01-17 12:20:00+00:00,1979.307972702472,1979.4340728521136,1978.01758254208,1978.6900256849535
2024-01-17 12:25:00+00:00,1978.6900256849535,1979.1295206894074,1976.543528140171,1977.1113467280566
2024-01-17 12:30:00+00:00,1977.1113467280566,1977.2934262273268,1976.2677673563294,1977.057361561633
2024-01-17 12:35:00+00:00,1977.057361561633,1978.6828988381483,1976.7131618633298,1978.1679381030513
2024-01-17 12:40:00+00:00,1978.1679381030513,1980.076215891906,1977.285339907744,1979.305643054259
2024-01-17 12:45:00+00:00,1979.305643054259,1980.696764644316,1979.060316093804,1979.7810229145223
2024-01-17 12:50:00+00:00,1979.7810229145223,1980.458007096355,1978.6360282388016,1979.5389496096823
2024-01-17 12:55:00+00:00,1979.5389496096823,1980.8673483604484,1979.0889049685072,1980.624505266339
2024-01-17 13:00:00+00:00,1980.624505266339,1982.4368331839942,1980.0057036704873,1982.1929004694575
2024-01-17 13:05:00+00:00,1982.1929004694575,1982.3760072637788,1980.7121545744437,1981.5026731529986
2024-01-17 13:10:00+00:00,1981.5026731529986,1982.0267825734122,1980.6605165675212,1981.7440878957027
2024-01-17 13:15:00+00:00,1981.7440878957027,1982.2674762272927,1981.0287687534956,1981.698829683933
2024-01-17 13:20:00+00:00,1981.698829683933,1982.5092639916968,1980.2819175872505,1981.1204330402823
2024-01-17 13:25:00+00:00,1981.1204330402823,1981.7861915590113,1979.7791093814844,1980.062331859417
2024-01-17 13:30:00+00:00,1980.062331859417,1980.5348346284052,1978.4784181121552,1979.3139758227844
2024-01-17 13:35:00+00:00,1979.3139758227844,1979.6749012629568,1978.7642511551014,1979.4158554474716
2024-01-17 13:40:00+00:00,1979.4158554474716,1980.5734886437608,1978.9102132832497,1979.6482250193035
2024-01-17 13:45:00+00:00,1979.6482250193035,1980.1727857676021,1979.4631373150676,1979.7768207901702
2024-01-17 13:50:00+00:00,1979.7768207901702,1981.2431217575881,1979.0025534793972,1980.9330615102422
2024-01-17 13:55:00+00:00,1980.9330615102422,1981.341111296348,1979.3840265466124,1980.3147338545784
2024-01-17 14:00:00+00:00,1980.3147338545784,1981.2972653893282,1978.3514695326644,1979.1830434709366
2024-01-17 14:05:00+00:00,1979.1830434709366,1979.4205067143441,1977.6135395527454,1978.1230290226638
2024-01-17 14:10:00+00:00,1978.1230290226638,1979.1571611025236,1977.9197264789527,1978.481905088528
2024-01-17 14:15:00+00:00,1978.481905088528,1978.735824366637,1977.8673040351357,1977.9992600548194
2024-01-17 14:20:00+00:00,1977.9992600548194,1978.4375204399373,1976.0858261840604,1976.5174161182786
2024-01-17 14:25:00+00:00,1976.5174161182786,1977.613922142345,1975.6039743644415,1977.3530317710624
2024-01-17 14:30:00+00:00,1977.3530317710624,1978.7895069077958,1977.1200670585422,1978.6163244001448
2024-01-17 14:35:00+00:00,1978.6163244001448,1979.674113179731,1978.058728993942,1978.7821038448874
2024-01-17 14:40:00+00:00,1978.7821038448874,1979.823212603182,1978.6233566942565,1979.3642669450242
2024-01-17 14:45:00+00:00,1979.3642669450242,1979.7329676314903,1977.5001595686379,1978.1102243045543
2024-01-17 14:50:00+00:00,1978.1102243045543,1979.0642253265798,1976.401390045797,1976.8406142828999
2024-01-17 14:55:00+00:00,1976.8406142828999,1977.6646761271018,1976.374201631052,1976.9899001910771
2024-01-17 15:00:00+00:00,1976.9899001910771,1977.3465843561953,1976.307787055917,1977.1816009870583
2024-01-17 15:05:00+00:00,1977.1816009870583,1977.4379098014135,1976.5982170741895,1977.0111276797406
2024-01-17 15:10:00+00:00,1977.0111276797406,1977.4761196121378,1975.9086832264966,1976.7539986740135
2024-01-17 15:15:00+00:00,1976.7539986740135,1977.4291576678,1975.2133091535957,1976.1912994363897
2024-01-17 15:20:00+00:00,1976.1912994363897,1978.0097899484172,1975.750139641637,1977.4927506812408
2024-01-17 15:25:00+00:00,1977.4927506812408,1978.0632369240102,1975.9036473071078,1976.724792080972
2024-01-17 15:30:00+00:00,1976.724792080972,1977.3804291556535,1976.1669226577176,1976.6078692461167
2024-01-17 15:35:00+00:00,1976.6078692461167,1977.9944305598412,1976.5008101845667,1977.5460883846044
2024-01-17 15:40:00+00:00,1977.5460883846044,1977.9860879025478,1976.3407752694864,1976.630886785388
2024-01-17 15:45:00+00:00,1976.630886785388,1976.9906658613954,1975.8187377316842,1976.7636916825445
2024-01-17 15:50:00+00:00,1976.7636916825445,1977.2796290937415,1976.4746478956242,1976.6636786323804
2024-01-17 15:55:00+00:00,1976.6636786323804,1978.1524211881197,1976.2009464020985,1977.2226759300308
2024-01-17 16:00:00+00:00,1977.2226759300308,1977.87706840609,1974.9126729269062,1975.0249888922506
2024-01-17 16:05:00+00:00,1975.0249888922506,1975.4433798678785,1974.0233193739841,1974.7610792710523
2024-01-17 16:10:00+00:00,1974.7610792710523,1975.0122497403117,1973.2843075803507,1974.057149286571
2024-01-17 16:15:00+00:00,1974.057149286571,1975.9415807237897,1973.7758607750911,1975.0423770756436
2024-01-17 16:20:00+00:00,1975.0423770756436,1975.654043464499,1974.2813566802615,1974.995232397048
2024-01-17 16:25:00+00:00,1974.995232397048,1975.3265412716041,1973.8609406933049,1974.4916577432443
2024-01-17 16:30:00+00:00,1974.4916577432443,1975.8931979103177,1974.2749345528255,1975.2922030528641
2024-01-17 16:35:00+00:00,1975.2922030528641,1976.8242897536795,1974.9258102492897,1975.8711221021797
2024-01-17 16:40:00+00:00,1975.8711221021797,1977.7378838600205,1975.6830109407344,1976.7892467550155
2024-01-17 16:45:00+00:00,1976.7892467550155,1978.359878512882,1976.2739204649574,1977.7674807994883
2024-01-17 16:50:00+00:00,1977.7674807994883,1979.0542999760987,1977.4186495330644,1978.4632065461476
2024-01-17 16:55:00+00:00,1978.4632065461476,1979.07057880131,1977.6719599189612,1977.9512090893259
2024-01-17 17:00:00+00:00,1977.9512090893259,1978.7663931656602,1977.836953202896,1978.2227307991875
2024-01-17 17:05:00+00:00,1978.2227307991875,1979.4864429233473,1977.9943778087388,1978.4927448575188
2024-01-17 17:10:00+00:00,1978.4927448575188,1979.310089513686,1977.8093415715246,1978.8209427270613
2024-01-17 17:15:00+00:00,1978.8209427270613,1980.101538239261,1978.6259854848204,1979.128468305438
2024-01-17 17:20:00+00:00,1979.128468305438,1979.4170222087278,1978.7988738086249,1979.2149891443908
2024-01-17 17:25:00+00:00,1979.2149891443908,1980.0115809000333,1978.5616026550806,1978.8413496992118
2024-01-17 17:30:00+00:00,1978.8413496992118,1979.2132039457572,1978.3057976966759,1978.7798200524046
2024-01-17 17:35:00+00:00,1978.7798200524046,1979.7146318885582,1977.0322673056867,1977.899596256466
2024-01-17 17:40:00+00:00,1977.899596256466,1978.6873878987308,1976.9059369261981,1977.0946364734784
2024-01-17 17:45:00+00:00,1977.0946364734784,1978.6325144397106,1976.982055463863,1977.7490384392881
2024-01-17 17:50:00+00:00,1977.7490384392881,1978.1391829919191,1976.6173668867661,1977.4645613837022
2024-01-17 17:55:00+00:00,1977.4645613837022,1977.6874790944387,1977.2378712988489,1977.5506551380438
2024-01-17 18:00:00+00:00,1977.5506551380438,1978.308502447378,1976.3620264824938,1977.0691072266377
2024-01-17 18:05:00+00:00,1977.0691072266377,1977.4746481371976,1974.837036288728,1975.602967133303
2024-01-17 18:10:00+00:00,1975.602967133303,1976.2936673302597,1974.6930496992723,1975.2451563222842
2024-01-17 18:15:00+00:00,1975.2451563222842,1976.9370885007183,1974.4526166846856,1976.7017826621325
2024-01-17 18:20:00+00:00,1976.7017826621325,1977.1152178014017,1976.2773109223274,1976.6113252746302
2024-01-17 18:25:00+00:00,1976.6113252746302,1977.1916526721711,1975.4759721129262,1976.0005866197193
2024-01-17 18:30:00+00:00,1976.0005866197193,1977.3524524618415,1975.2146529594668,1976.6271615519001
2024-01-17 18:35:00+00:00,1976.6271615519001,1977.3532331861343,1976.0276083539186,1976.1941644498586
2024-01-17 18:40:00+00:00,1976.1941644498586,1976.4833320351217,1974.9220887678039,1975.6450747188458
2024-01-17 18:45:00+00:00,1975.6450747188458,1976.2421782618117,1973.2857385932218,1974.2404328540763
2024-01-17 18:50:00+00:00,1974.2404328540763,1974.445166393415,1972.0200227434989,1972.6982027447882
2024-01-17 18:55:00+00:00,1972.6982027447882,1973.2567554267366,1972.5122776376677,1973.074905618334
2024-01-17 19:00:00+00:00,1973.074905618334,1973.9241528608259,1972.4274850413378,1973.2011757935954
2024-01-17 19:05:00+00:00,1973.2011757935954,1973.787612140265,1972.4467120908548,1973.2375589171781
2024-01-17 19:10:00+00:00,1973.2375589171781,1974.6007804092665,1972.2848121643901,1973.8626563918428
2024-01-17 19:15:00+00:00,1973.8626563918428,1974.505611818735,1972.928434786055,1973.4514906028685
2024-01-17 19:20:00+00:00,1973.4514906028685,1973.8936414278096,1972.8340455885389,1973.4706197788769
2024-01-17 19:25:00+00:00,1973.4706197788769,1973.9285827582498,1972.074715364257,1972.6914382797438
2024-01-17 19:30:00+00:00,1972.6914382797438,1972.8556006197005,1971.7111867542444,1971.9179734410732
2024-01-17 19:35:00+00:00,1971.9179734410732,1972.7091636759396,1970.5946231785656,1971.2456496975053
2024-01-17 19:40:00+00:00,1971.2456496975053,1972.4335853724956,1971.0477662209275,1972.1178565253863
2024-01-17 19:45:00+00:00,1972.1178565253863,1973.3243826835458,1971.7386634170668,1972.7554865897876
2024-01-17 19:50:00+00:00,1972.7554865897876,1973.314052417068,1971.2480796498785,1971.8504818236954
2024-01-17 19:55:00+00:00,1971.8504818236954,1972.0258612826826,1970.8864949960262,1971.5648471565046
2024-01-17 20:00:00+00:00,1971.5648471565046,1972.1652226458953,1971.3093819054882,1971.6742372388796
2024-01-17 20:05:00+00:00,1971.6742372388796,1972.5828560295759,1970.050968734181,1970.9501975656897
2024-01-17 20:10:00+00:00,1970.9501975656897,1972.4889989513665,1970.3578745561767,1971.5591540495018
2024-01-17 20:15:00+00:00,1971.5591540495018,1971.8948501888444,1969.9859147257364,1970.8526928609167
2024-01-17 20:20:00+00:00,1970.8526928609167,1971.3056788833132,1969.7961867094714,1970.5513816646255
2024-01-17 20:25:00+00:00,1970.5513816646255,1971.194714821567,1969.6328984160687,1970.250238529286
2024-01-17 20:30:00+00:00,1970.250238529286,1970.7358979381772,1968.412190573871,1968.5885881849345
2024-01-17 20:35:00+00:00,1968.5885881849345,1969.2525835459558,1966.4301171440059,1967.012162962949
2024-01-17 20:40:00+00:00,1967.012162962949,1967.2464272263553,1965.7298896551974,1966.2352078919478
2024-01-17 20:45:00+00:00,1966.2352078919478,1967.8387362468134,1965.8176003954645,1967.3013554519111
2024-01-17 20:50:00+00:00,1967.3013554519111,1968.23797310001,1967.0018455541779,1967.8235871433167
2024-01-17 20:55:00+00:00,1967.8235871433167,1968.789542776043,1967.3108984681369,1968.2289101387591
2024-01-17 21:00:00+00:00,1968.2289101387591,1968.813775454158,1966.879765997148,1967.664974487921
2024-01-17 21:05:00+00:00,1967.664974487921,1968.3567742580183,1966.5189141118587,1967.24285311463
2024-01-17 21:10:00+00:00,1967.24285311463,1967.89489944963,1967.1267304593532,1967.2817069170217
2024-01-17 21:15:00+00:00,1967.2817069170217,1968.2251673124529,1966.434528436075,1967.5225160089624
2024-01-17 21:20:00+00:00,1967.5225160089624,1967.8972660919364,1965.6081466514877,1966.1518449819732
2024-01-17 21:25:00+00:00,1966.1518449819732,1966.9537669860752,1964.88834231317,1965.5099594405606
2024-01-17 21:30:00+00:00,1965.5099594405606,1965.900309896285,1964.163528633392,1964.8164553527142
2024-01-17 21:35:00+00:00,1964.8164553527142,1966.2947895954087,1964.173792880803,1965.9942992949516
2024-01-17 21:40:00+00:00,1965.9942992949516,1966.3929548607434,1964.7174739589198,1965.5011414113153
2024-01-17 21:45:00+00:00,1965.5011414113153,1965.7459767561443,1964.2521179728676,1964.762102286178
2024-01-17 21:50:00+00:00,1964.762102286178,1966.056647906162,1964.4644850621805,1965.4923929506367
2024-01-17 21:55:00+00:00,1965.4923929506367,1965.6643426497185,1964.3846732049778,1965.0918310483942
2024-01-17 22:00:00+00:00,1965.0918310483942,1966.7452253629626,1964.7948972839845,1965.9258314895653
2024-01-17 22:05:00+00:00,1965.9258314895653,1966.6541912909172,1964.256019792938,1965.0522267757008
2024-01-17 22:10:00+00:00,1965.0522267757008,1966.9951729308407,1964.069106739182,1966.7431505507489
2024-01-17 22:15:00+00:00,1966.7431505507489,1966.9671249164876,1965.9662626058027,1966.664644344198
2024-01-17 22:20:00+00:00,1966.664644344198,1967.5894384897197,1966.3736666583063,1966.7849489095768
2024-01-17 22:25:00+00:00,1966.7849489095768,1966.9218032739536,1965.6722651462114,1966.5653644911604
2024-01-17 22:30:00+00:00,1966.5653644911604,1966.9290827302011,1966.34137907229,1966.5181184063802
2024-01-17 22:35:00+00:00,1966.5181184063802,1967.3526343467377,1965.740281861736,1966.5311989626543
2024-01-17 22:40:00+00:00,1966.5311989626543,1966.6821182270983,1965.623668723188,1966.229327858039
2024-01-17 22:45:00+00:00,1966.229327858039,1968.2894958240518,1965.4476605661853,1967.3412015920037
2024-01-17 22:50:00+00:00,1967.3412015920037,1968.0862560915093,1965.0767479394153,1965.307528039732
2024-01-17 22:55:00+00:00,1965.307528039732,1965.5729599050662,1963.5484799516205,1964.2109869431174
2024-01-17 23:00:00+00:00,1964.2109869431174,1964.4964912183643,1963.0750448083704,1963.8693593866124
2024-01-17 23:05:00+00:00,1963.8693593866124,1964.086775932476,1963.6081469553608,1963.7451581553755
2024-01-17 23:10:00+00:00,1963.7451581553755,1965.8500645354363,1963.5885321937574,1965.0367730828668
2024-01-17 23:15:00+00:00,1965.0367730828668,1966.4533274099265,1964.1328541879786,1965.5290377117121
2024-01-17 23:20:00+00:00,1965.5290377117121,1966.4984971949127,1964.8027017625566,1965.5238121475095
2024-01-17 23:25:00+00:00,1965.5238121475095,1965.7971296277533,1964.441155915829,1964.7964706229675
2024-01-17 23:30:00+00:00,1964.7964706229675,1967.4309909177957,1964.6904678817807,1966.559612414375
2024-01-17 23:35:00+00:00,1966.559612414375,1967.9463824513025,1965.9238854835367,1967.3388579735536
2024-01-17 23:40:00+00:00,1967.3388579735536,1969.7858681617665,1966.4251592773587,1969.6311699518037
2024-01-17 23:45:00+00:00,1969.6311699518037,1969.933336872564,1967.5149619492465,1968.286160843387
2024-01-17 23:50:00+00:00,1968.286160843387,1970.0643638063266,1967.319105498556,1969.834326285315
2024-01-17 23:55:00+00:00,1969.834326285315,1970.5885831821763,1968.8255681580551,1969.7426586809652
2024-01-18 00:00:00+00:00,1969.7426586809652,1970.5194950454834,1968.6912676649752,1968.9728933548934
2024-01-18 00:05:00+00:00,1968.9728933548934,1969.962147337584,1968.3724835173364,1969.087131174454
2024-01-18 00:10:00+00:00,1969.087131174454,1969.4224892957507,1968.7698686926187,1969.193202828135
2024-01-18 00:15:00+00:00,1969.193202828135,1970.039163103675,1968.793612651669,1968.9104569022209
2024-01-18 00:20:00+00:00,1968.9104569022209,1969.5516733205961,1966.9231607401873,1967.60482054704
2024-01-18 00:25:00+00:00,1967.60482054704,1967.9071743195357,1966.4718886780947,1967.2902058068119
2024-01-18 00:30:00+00:00,1967.2902058068119,1967.7944133411531,1965.3352845534976,1966.134799857036
2024-01-18 00:35:00+00:00,1966.134799857036,1966.3332305104173,1965.467093289037,1966.2149151944386
2024-01-18 00:40:00+00:00,1966.2149151944386,1967.1827392025054,1964.4834039435807,1964.9891127660878
2024-01-18 00:45:00+00:00,1964.9891127660878,1965.7064938442759,1964.1574352492387,1965.1857336768696
2024-01-18 00:50:00+00:00,1965.1857336768696,1965.5976228891795,1964.4651383235741,1964.8141237770458
2024-01-18 00:55:00+00:00,1964.8141237770458,1966.2713669453965,1964.16346258069,1965.6729083603
2024-01-18 01:00:00+00:00,1965.6729083603,1966.5744203564027,1963.9742877855374,1964.9629534303563
2024-01-18 01:05:00+00:00,1964.9629534303563,1965.7006634025631,1962.8026115077694,1963.7403682510976
2024-01-18 01:10:00+00:00,1963.7403682510976,1964.0212066573292,1961.5584882056605,1962.4707068279736
2024-01-18 01:15:00+00:00,1962.4707068279736,1963.0726267023078,1961.6528183813818,1962.703878297977
2024-01-18 01:20:00+00:00,1962.703878297977,1966.4888279683028,1961.7743425765084,1966.2455487741152
2024-01-18 01:25:00+00:00,1966.2455487741152,1966.7929116510697,1964.6994589712315,1964.995622197002
2024-01-18 01:30:00+00:00,1964.995622197002,1965.8753468792986,1964.1337599005885,1964.4235401985616
2024-01-18 01:35:00+00:00,1964.4235401985616,1965.965207773876,1963.9668666629084,1965.800881905705
2024-01-18 01:40:00+00:00,1965.800881905705,1967.3537760146357,1965.4965105130216,1966.3778280432412
2024-01-18 01:45:00+00:00,1966.3778280432412,1968.3644228775445,1965.981909286711,1967.508734544714
2024-01-18 01:50:00+00:00,1967.508734544714,1968.071666547415,1966.7330885252145,1967.7697057668545
2024-01-18 01:55:00+00:00,1967.7697057668545,1968.6061502949046,1967.5996230623205,1968.1890450455735
2024-01-18 02:00:00+00:00,1968.1890450455735,1968.8503530189537,1967.2278497995462,1968.2166324221116
2024-01-18 02:05:00+00:00,1968.2166324221116,1968.483990947942,1966.9011520515483,1967.1940124311836
2024-01-18 02:10:00+00:00,1967.1940124311836,1968.1659450714767,1966.2113281471468,1967.3624852625117
2024-01-18 02:15:00+00:00,1967.3624852625117,1967.9667215141228,1965.9505012798013,1966.4613855711752
2024-01-18 02:20:00+00:00,1966.4613855711752,1967.7280147448307,1965.796922301702,1967.000178386501
2024-01-18 02:25:00+00:00,1967.000178386501,1967.9906002398004,1964.2684640028615,1964.516621032636
2024-01-18 02:30:00+00:00,1964.516621032636,1964.9598149723918,1962.0600987762698,1962.6122056377064
2024-01-18 02:35:00+00:00,1962.6122056377064,1963.1290007281568,1961.98838373152,1962.4390787110858
2024-01-18 02:40:00+00:00,1962.4390787110858,1962.974516631402,1961.9767299439397,1962.4748915637565
2024-01-18 02:45:00+00:00,1962.4748915637565,1964.8132058247322,1961.987562083684,1964.0843916644808
2024-01-18 02:50:00+00:00,1964.0843916644808,1964.7899744446813,1962.9405057208305,1963.288385045318
2024-01-18 02:55:00+00:00,1963.288385045318,1964.0361638911415,1962.5556052952604,1963.7932739322005
2024-01-18 03:00:00+00:00,1963.7932739322005,1964.7308537040428,1961.872597861253,1962.1010898815043
2024-01-18 03:05:00+00:00,1962.1010898815043,1964.8025224696719,1961.545664089012,1964.169685842761
2024-01-18 03:10:00+00:00,1964.169685842761,1964.8347842647368,1960.7687100532828,1961.7479091968607
2024-01-18 03:15:00+00:00,1961.7479091968607,1964.0039702751026,1960.9228443359696,1963.0301844400287
2024-01-18 03:20:00+00:00,1963.0301844400287,1963.3768001110411,1961.8596470893076,1962.614796822927
2024-01-18 03:25:00+00:00,1962.614796822927,1962.846580652638,1960.2880658974918,1960.8858846899345
2024-01-18 03:30:00+00:00,1960.8858846899345,1961.5167294556543,1960.1498719143353,1960.2766913704165
2024-01-18 03:35:00+00:00,1960.2766913704165,1961.9096255656066,1959.8438737935314,1960.9680857475664
2024-01-18 03:40:00+00:00,1960.9680857475664,1961.161022063512,1960.2411977416286,1960.7293742238026
2024-01-18 03:45:00+00:00,1960.7293742238026,1960.9049283306304,1959.6473851635803,1959.8566826571137
2024-01-18 03:50:00+00:00,1959.8566826571137,1960.6319583359914,1959.3166123545236,1959.8991836094806
2024-01-18 03:55:00+00:00,1959.8991836094806,1960.5541543377808,1959.342586177827,1959.7733884820123
2024-01-18 04:00:00+00:00,1959.7733884820123,1960.948461219322,1958.8502311204286,1960.4757304401655
2024-01-18 04:05:00+00:00,1960.4757304401655,1961.7428895782264,1959.521955883102,1960.9678911345302
2024-01-18 04:10:00+00:00,1960.9678911345302,1961.9565572618988,1959.907041341786,1960.4163825365576
2024-01-18 04:15:00+00:00,1960.4163825365576,1960.5957376282652,1958.7206231255952,1959.5918187643485
2024-01-18 04:20:00+00:00,1959.5918187643485,1960.2531901490693,1958.7165013652834,1959.5009272569037
2024-01-18 04:25:00+00:00,1959.5009272569037,1960.0162023769371,1958.2938680617735,1959.2296465716954
2024-01-18 04:30:00+00:00,1959.2296465716954,1959.7461223240323,1958.5996575916627,1959.335451139984
2024-01-18 04:35:00+00:00,1959.335451139984,1959.5475540220261,1957.757904697769,1958.2777455417001
2024-01-18 04:40:00+00:00,1958.2777455417001,1958.4126416687334,1957.6667082929425,1958.257457362614
2024-01-18 04:45:00+00:00,1958.257457362614,1958.9553395553462,1957.073685221452,1957.3850477162614
2024-01-18 04:50:00+00:00,1957.3850477162614,1958.2491529051597,1957.1741826699017,1957.7595494396794
2024-01-18 04:55:00+00:00,1957.7595494396794,1958.3291037788504,1957.4812244494715,1957.8676099754596
2024-01-18 05:00:00+00:00,1957.8676099754596,1958.6975001391786,1957.0998023593459,1957.5113570744718
2024-01-18 05:05:00+00:00,1957.5113570744718,1957.6414821671165,1955.6428076186214,1955.9562445236677
2024-01-18 05:10:00+00:00,1955.9562445236677,1956.9567484133097,1955.371953654975,1956.8377878675387
2024-01-18 05:15:00+00:00,1956.8377878675387,1957.4812075693226,1955.661737709454,1955.937338686593
2024-01-18 05:20:00+00:00,1955.937338686593,1956.2922876370205,1955.1608502063996,1955.374558814016
2024-01-18 05:25:00+00:00,1955.374558814016,1955.869553939796,1954.2134540766278,1955.1652916570267
2024-01-18 05:30:00+00:00,1955.1652916570267,1955.979654242691,1954.5892942659377,1955.4024059714766
2024-01-18 05:35:00+00:00,1955.4024059714766,1956.167568725509,1954.4647586619565,1954.779812200901
2024-01-18 05:40:00+00:00,1954.779812200901,1955.3537698540729,1953.932334558938,1954.178212255175
2024-01-18 05:45:00+00:00,1954.178212255175,1955.0513561182702,1951.9234035935242,1952.762330271277
2024-01-18 05:50:00+00:00,1952.762330271277,1953.7898708093785,1952.3325284939197,1953.574381325682
2024-01-18 05:55:00+00:00,1953.574381325682,1954.094296949717,1952.5943706114458,1953.0025652755428
2024-01-18 06:00:00+00:00,1953.0025652755428,1953.6168088473914,1951.6288220543486,1952.4526885722835
2024-01-18 06:05:00+00:00,1952.4526885722835,1953.213069183969,1949.78771461541,1950.450250287842
2024-01-18 06:10:00+00:00,1950.450250287842,1951.2534965708865,1949.5390993548763,1949.7927355362217
2024-01-18 06:15:00+00:00,1949.7927355362217,1950.6501582723429,1949.5805540820445,1950.45962886015
2024-01-18 06:20:00+00:00,1950.45962886015,1951.8470472094125,1950.099109860428,1951.287734343302
2024-01-18 06:25:00+00:00,1951.287734343302,1952.2468455456114,1949.5415161547342,1950.2291060056252
2024-01-18 06:30:00+00:00,1950.2291060056252,1950.6592307841252,1949.9907183853657,1950.1593619524615
2024-01-18 06:35:00+00:00,1950.1593619524615,1950.7769923215842,1949.345234744366,1950.6054142882008
2024-01-18 06:40:00+00:00,1950.6054142882008,1951.073558643835,1948.6051339854234,1949.2005131583112
2024-01-18 06:45:00+00:00,1949.2005131583112,1949.453729255496,1947.884810351022,1948.7394662688484
2024-01-18 06:50:00+00:00,1948.7394662688484,1950.0008007112087,1948.2131220118217,1949.2581553756982
2024-01-18 06:55:00+00:00,1949.2581553756982,1951.1019956223954,1948.8502548587635,1950.1297217597469
2024-01-18 07:00:00+00:00,1950.1297217597469,1951.0046061044388,1947.8263215023082,1948.709538664772
2024-01-18 07:05:00+00:00,1948.709538664772,1949.4441023487054,1946.9843425066106,1947.5979335594473
2024-01-18 07:10:00+00:00,1947.5979335594473,1949.5235632799152,1947.2931574993574,1948.5285409149242
2024-01-18 07:15:00+00:00,1948.5285409149242,1948.9042698634048,1947.9296370315897,1948.0483336506554
2024-01-18 07:20:00+00:00,1948.0483336506554,1948.9404925943438,1947.8483381163585,1948.2560894911924
2024-01-18 07:25:00+00:00,1948.2560894911924,1948.8486097166747,1946.6474566679435,1947.0918010633666
2024-01-18 07:30:00+00:00,1947.0918010633666,1948.670522139442,1946.8924005277486,1948.0263066079367
2024-01-18 07:35:00+00:00,1948.0263066079367,1948.7657568282661,1947.582317513886,1948.2606199615718
2024-01-18 07:40:00+00:00,1948.2606199615718,1950.3672973474288,1947.8149834420901,1949.4178731180637
2024-01-18 07:45:00+00:00,1949.4178731180637,1949.6463740545596,1947.548707628595,1948.4510034811772
2024-01-18 07:50:00+00:00,1948.4510034811772,1949.212344081851,1947.5501961877653,1947.8404781629356
2024-01-18 07:55:00+00:00,1947.8404781629356,1948.4397134752467,1945.746667418314,1946.6223224424957
2024-01-18 08:00:00+00:00,1946.6223224424957,1947.1165816345979,1944.968323645171,1945.387176733974
2024-01-18 08:05:00+00:00,1945.387176733974,1945.7130987397425,1943.6124983416385,1944.0592136481423
2024-01-18 08:10:00+00:00,1944.0592136481423,1944.5524273087274,1943.7424914616286,1944.0733550857892
2024-01-18 08:15:00+00:00,1944.0733550857892,1944.4333015121852,1942.8741357670065,1943.0909591953591
2024-01-18 08:20:00+00:00,1943.0909591953591,1944.0398645438324,1942.5626207715557,1942.902596510053
2024-01-18 08:25:00+00:00,1942.902596510053,1943.2469221523236,1941.7188245094494,1942.1028847394607
2024-01-18 08:30:00+00:00,1942.1028847394607,1942.7740698144978,1941.9203371748974,1942.2427752061608
2024-01-18 08:35:00+00:00,1942.2427752061608,1943.7335791929706,1942.078342255328,1942.807543965177
2024-01-18 08:40:00+00:00,1942.807543965177,1943.8198707407284,1942.2590084268425,1943.3501983449319
2024-01-18 08:45:00+00:00,1943.3501983449319,1944.5625915855298,1942.4214415395713,1943.9524247094457
2024-01-18 08:50:00+00:00,1943.9524247094457,1944.8931419270875,1942.918669071117,1943.6441698789583
2024-01-18 08:55:00+00:00,1943.6441698789583,1944.910203945466,1943.4838074516217,1944.101287262207
2024-01-18 09:00:00+00:00,1944.101287262207,1945.0652212459918,1942.8904849863088,1943.6868901594423
2024-01-18 09:05:00+00:00,1943.6868901594423,1944.4395209625902,1941.879515188913,1942.775410273573
2024-01-18 09:10:00+00:00,1942.775410273573,1943.6211926094584,1941.0495167345969,1941.4798545886508
2024-01-18 09:15:00+00:00,1941.4798545886508,1942.222984803768,1940.434665166474,1941.263165778034
2024-01-18 09:20:00+00:00,1941.263165778034,1941.7569095577417,1941.1194797202807,1941.3354017510626
2024-01-18 09:25:00+00:00,1941.3354017510626,1943.5201853922001,1941.0787199903073,1942.643567884823
2024-01-18 09:30:00+00:00,1942.643567884823,1943.1296213812739,1941.1688307794984,1942.0489059078866
2024-01-18 09:35:00+00:00,1942.0489059078866,1943.7261097588926,1941.537337618017,1943.215566570807
2024-01-18 09:40:00+00:00,1943.215566570807,1943.9588256771551,1941.263983155506,1941.652793015872
2024-01-18 09:45:00+00:00,1941.652793015872,1942.4631584589888,1940.62258832968,1941.417755635671
2024-01-18 09:50:00+00:00,1941.417755635671,1943.9394132644609,1940.5485760263512,1943.3823813426352
2024-01-18 09:55:00+00:00,1943.3823813426352,1943.7400847743422,1942.3049182337297,1942.9345462296092
2024-01-18 10:00:00+00:00,1942.9345462296092,1943.906426062191,1941.7567381544102,1941.9812421229587
2024-01-18 10:05:00+00:00,1941.9812421229587,1942.3780411443906,1940.7850916667373,1940.9217100320957
2024-01-18 10:10:00+00:00,1940.9217100320957,1943.1284665042667,1940.1287425171956,1942.7976982053635
2024-01-18 10:15:00+00:00,1942.7976982053635,1944.7695916460293,1942.2976820469812,1943.7907570682817
2024-01-18 10:20:00+00:00,1943.7907570682817,1944.355985851221,1942.5234960370465,1943.1604911243558
2024-01-18 10:25:00+00:00,1943.1604911243558,1943.2682533077798,1942.4712516314876,1942.6207228422804
2024-01-18 10:30:00+00:00,1942.6207228422804,1942.8063918817772,1939.5672331350006,1940.2517822540365
2024-01-18 10:35:00+00:00,1940.2517822540365,1940.7616674101148,1939.1732523633586,1939.9627163641915
2024-01-18 10:40:00+00:00,1939.9627163641915,1941.958843688847,1939.4807262253062,1941.240945366607
2024-01-18 10:45:00+00:00,1941.240945366607,1941.8230382367199,1938.7422660623665,1939.3754458409655
2024-01-18 10:50:00+00:00,1939.3754458409655,1940.4807671325248,1938.71843767085,1940.2311532599372
2024-01-18 10:55:00+00:00,1940.2311532599372,1941.3017355980703,1939.4575433589778,1940.6791706615943
2024-01-18 11:00:00+00:00,1940.6791706615943,1942.239259673311,1940.4607892770075,1941.9927232564469
2024-01-18 11:05:00+00:00,1941.9927232564469,1942.9177979568478,1941.1340841086726,1941.40210542611
2024-01-18 11:10:00+00:00,1941.40210542611,1942.0860540841309,1941.1575112488613,1941.540286254691
2024-01-18 11:15:00+00:00,1941.540286254691,1943.5677175299136,1940.9941320828955,1942.668080381506
2024-01-18 11:20:00+00:00,1942.668080381506,1943.9292453911676,1941.8717885723563,1943.0181600312806
2024-01-18 11:25:00+00:00,1943.0181600312806,1944.2257336371379,1942.0263961907592,1943.5693174253695
2024-01-18 11:30:00+00:00,1943.5693174253695,1944.0495873594557,1942.885791735979,1943.197495950746
2024-01-18 11:35:00+00:00,1943.197495950746,1943.520138102816,1942.1274519939743,1942.94789181377
2024-01-18 11:40:00+00:00,1942.94789181377,1943.3262340045208,1941.99223310432,1942.3377231785623
2024-01-18 11:45:00+00:00,1942.3377231785623,1943.109105070652,1941.9031464407658,1942.3617501406527
2024-01-18 11:50:00+00:00,1942.3617501406527,1942.9767817787765,1941.4951038380539,1942.3123692343952
2024-01-18 11:55:00+00:00,1942.3123692343952,1942.4652746846486,1941.605206747304,1942.0029339386974
2024-01-18 12:00:00+00:00,1942.0029339386974,1942.2622481695525,1939.8894319405583,1939.9931220455576
2024-01-18 12:05:00+00:00,1939.9931220455576,1940.9417663894842,1938.2898244384546,1938.6345941561285
2024-01-18 12:10:00+00:00,1938.6345941561285,1939.4621284167663,1937.555119018233,1938.4930063550578
2024-01-18 12:15:00+00:00,1938.4930063550578,1940.3281849663233,1938.041307603297,1939.4701223118316
2024-01-18 12:20:00+00:00,1939.4701223118316,1939.7252132567007,1938.3252167457954,1938.5905516079872
2024-01-18 12:25:00+00:00,1938.5905516079872,1938.8737070767988,1937.21041032157,1938.0337621649471
2024-01-18 12:30:00+00:00,1938.0337621649471,1938.4187106357908,1937.6716324268064,1937.9156967819958
2024-01-18 12:35:00+00:00,1937.9156967819958,1939.4831224604607,1937.4743466742134,1938.7127961309652
2024-01-18 12:40:00+00:00,1938.7127961309652,1940.8320141075028,1937.7574200477707,1940.1405245083852
2024-01-18 12:45:00+00:00,1940.1405245083852,1940.6515762601693,1939.28083328945,1940.3158443074876
2024-01-18 12:50:00+00:00,1940.3158443074876,1941.189342050063,1940.0264675034527,1940.2450531122392
2024-01-18 12:55:00+00:00,1940.2450531122392,1940.7233377557195,1939.1946210904532,1939.4477104704831
2024-01-18 13:00:00+00:00,1939.4477104704831,1940.7000824275897,1939.2949938655986,1939.724417795105
2024-01-18 13:05:00+00:00,1939.724417795105,1940.0068201977479,1939.269267679657,1939.38428639055
2024-01-18 13:10:00+00:00,1939.38428639055,1940.13119400565,1938.5547314288885,1939.4467497164583
2024-01-18 13:15:00+00:00,1939.4467497164583,1939.8814631540122,1938.092775542633,1938.5670381184564
2024-01-18 13:20:00+00:00,1938.5670381184564,1940.2682486470326,1938.0800439017933,1939.4726805160128
2024-01-18 13:25:00+00:00,1939.4726805160128,1940.1503422135975,1938.225874498194,1939.0291302733465
2024-01-18 13:30:00+00:00,1939.0291302733465,1939.359028564311,1937.2239493756556,1937.562142064802
2024-01-18 13:35:00+00:00,1937.562142064802,1938.361301086126,1936.7666395145332,1937.452211270367
2024-01-18 13:40:00+00:00,1937.452211270367,1938.1068356888727,1935.9317878009851,1936.372321959162
2024-01-18 13:45:00+00:00,1936.372321959162,1937.3178331842591,1935.8804312104808,1936.779925112208
2024-01-18 13:50:00+00:00,1936.779925112208,1938.0317226115449,1936.5026976569202,1937.902950935247
2024-01-18 13:55:00+00:00,1937.902950935247,1938.5225646233598,1937.4995308160528,1938.3211485512966
2024-01-18 14:00:00+00:00,1938.3211485512966,1939.2739896266487,1937.486778900418,1938.1078331340157
2024-01-18 14:05:00+00:00,1938.1078331340157,1938.8004058453364,1937.1099595406797,1937.284084338296
2024-01-18 14:10:00+00:00,1937.284084338296,1937.5443054120774,1936.5923820616606,1936.773809667645
2024-01-18 14:15:00+00:00,1936.773809667645,1939.017561647763,1936.5282282901567,1938.6273388722582
2024-01-18 14:20:00+00:00,1938.6273388722582,1939.7653301200437,1937.642018715605,1939.518477304688
2024-01-18 14:25:00+00:00,1939.518477304688,1939.8522163877358,1937.6561121273135,1938.5381137013194
2024-01-18 14:30:00+00:00,1938.5381137013194,1939.193726402934,1936.6485958002295,1937.624201101585
2024-01-18 14:35:00+00:00,1937.624201101585,1938.457115705793,1937.033549448778,1937.9043778091868
2024-01-18 14:40:00+00:00,1937.9043778091868,1938.8609610668912,1937.1034473027466,1937.9384470521143
2024-01-18 14:45:00+00:00,1937.9384470521143,1938.2028139578426,1937.3216504957215,1937.98712742799
2024-01-18 14:50:00+00:00,1937.98712742799,1939.2756795359899,1937.4825909292579,1938.498448984374
2024-01-18 14:55:00+00:00,1938.498448984374,1939.2077850460862,1937.1005971788375,1937.4812305007636
2024-01-18 15:00:00+00:00,1937.4812305007636,1938.4746859558084,1936.2932287301082,1936.7151421002754
2024-01-18 15:05:00+00:00,1936.7151421002754,1938.0832376684095,1936.23386052479,1937.5875038209758
2024-01-18 15:10:00+00:00,1937.5875038209758,1938.4080861222594,1937.3995501484926,1937.8412455349608
2024-01-18 15:15:00+00:00,1937.8412455349608,1938.2482644498307,1936.8344256566309,1937.586204647591
2024-01-18 15:20:00+00:00,1937.586204647591,1938.3718525514846,1936.766921749029,1937.4711603065575
2024-01-18 15:25:00+00:00,1937.4711603065575,1939.0175482714092,1937.1775165834315,1938.0258518988046
2024-01-18 15:30:00+00:00,1938.0258518988046,1938.976799995868,1937.5104542573629,1938.2739963992256
2024-01-18 15:35:00+00:00,1938.2739963992256,1938.4286244327095,1937.1411808078756,1937.6445596092303
2024-01-18 15:40:00+00:00,1937.6445596092303,1938.440917700982,1935.5984513854687,1936.5718744360418
2024-01-18 15:45:00+00:00,1936.5718744360418,1938.2312441041663,1936.4170410417014,1937.266130601938
2024-01-18 15:50:00+00:00,1937.266130601938,1937.7545703672188,1935.6960503377932,1936.149720417368
2024-01-18 15:55:00+00:00,1936.149720417368,1938.208916605311,1936.0451876468367,1937.96916118524
2024-01-18 16:00:00+00:00,1937.96916118524,1938.8058641148784,1936.5131896638989,1936.911574598503
2024-01-18 16:05:00+00:00,1936.911574598503,1937.76050809002,1935.733722393059,1936.3355245346943
2024-01-18 16:10:00+00:00,1936.3355245346943,1938.2514289997673,1935.4529299480414,1937.2941873102052
2024-01-18 16:15:00+00:00,1937.2941873102052,1939.1505924670432,1936.4874681507024,1938.5787942156696
2024-01-18 16:20:00+00:00,1938.5787942156696,1939.0357943967222,1937.62202309557,1938.6232496485145
2024-01-18 16:25:00+00:00,1938.6232496485145,1939.4539591529472,1935.7560472041987,1936.206096437375
2024-01-18 16:30:00+00:00,1936.206096437375,1936.905349050411,1935.142668434977,1936.077376059786
2024-01-18 16:35:00+00:00,1936.077376059786,1936.5152170715296,1933.6098148696642,1934.174546306513
2024-01-18 16:40:00+00:00,1934.174546306513,1934.521451551442,1933.4348383452996,1933.7033521528608
2024-01-18 16:45:00+00:00,1933.7033521528608,1934.7693373709242,1932.864927219085,1934.4496779846836
2024-01-18 16:50:00+00:00,1934.4496779846836,1935.429699613582,1934.2715177761484,1935.146678778719
2024-01-18 16:55:00+00:00,1935.146678778719,1935.3549060335874,1934.4641102139726,1935.2435396970513
2024-01-18 17:00:00+00:00,1935.2435396970513,1935.8205531154763,1934.7554732333601,1935.4508576244525
2024-01-18 17:05:00+00:00,1935.4508576244525,1936.2132613588249,1934.9058044588353,1935.9970962571435
2024-01-18 17:10:00+00:00,1935.9970962571435,1936.8059319504434,1935.4180802590884,1935.627073145504
2024-01-18 17:15:00+00:00,1935.627073145504,1936.0780918660928,1934.5739231241712,1935.2755860870104
2024-01-18 17:20:00+00:00,1935.2755860870104,1936.759715591997,1934.93790692755,1936.3468730700297
2024-01-18 17:25:00+00:00,1936.3468730700297,1937.5736262292894,1936.1686082671793,1936.7694333068725
2024-01-18 17:30:00+00:00,1936.7694333068725,1938.2717080276864,1936.4006554066611,1937.8459836186976
2024-01-18 17:35:00+00:00,1937.8459836186976,1938.5489727657623,1937.6784705275554,1938.1975743611185
2024-01-18 17:40:00+00:00,1938.1975743611185,1939.4790001231581,1937.4619396506966,1938.5338611225363
2024-01-18 17:45:00+00:00,1938.5338611225363,1939.9177030858793,1937.590740738596,1939.2687793274229
2024-01-18 17:50:00+00:00,1939.2687793274229,1940.1776249087463,1938.3563761094724,1939.901797004453
2024-01-18 17:55:00+00:00,1939.901797004453,1941.6602077612447,1939.04393894362,1941.4332891474023
2024-01-18 18:00:00+00:00,1941.4332891474023,1942.4813333741163,1940.5376688135077,1941.959426862661
2024-01-18 18:05:00+00:00,1941.959426862661,1942.0663971575261,1941.391323711004,1941.5261568246551
2024-01-18 18:10:00+00:00,1941.5261568246551,1942.104676027139,1940.5287031759099,1941.1631437557337
2024-01-18 18:15:00+00:00,1941.1631437557337,1942.0982368822367,1939.4302881128172,1940.301516918486
2024-01-18 18:20:00+00:00,1940.301516918486,1940.7700983725142,1939.6728843521591,1940.498213830032
2024-01-18 18:25:00+00:00,1940.498213830032,1941.2675517378932,1939.1164326705994,1939.856597551308
2024-01-18 18:30:00+00:00,1939.856597551308,1940.1262912670968,1938.032046034711,1938.669966282031
2024-01-18 18:35:00+00:00,1938.669966282031,1940.0315616907133,1937.9800966905732,1939.2407641058207
2024-01-18 18:40:00+00:00,1939.2407641058207,1941.4079499373047,1938.4386513453287,1940.559776881551
2024-01-18 18:45:00+00:00,1940.559776881551,1941.5172790182264,1938.7927107819337,1939.1115642155223
2024-01-18 18:50:00+00:00,1939.1115642155223,1940.75746331473,1938.340255127864,1939.9715100390179
2024-01-18 18:55:00+00:00,1939.9715100390179,1940.7795851516282,1939.5371562987773,1940.1544579494926
2024-01-18 19:00:00+00:00,1940.1544579494926,1940.3933385554092,1938.2914559100984,1939.221669730593
2024-01-18 19:05:00+00:00,1939.221669730593,1939.5390425772628,1937.8765244643992,1938.5904222338193
2024-01-18 19:10:00+00:00,1938.5904222338193,1939.1019862042215,1937.6396814940397,1938.4072595200903
2024-01-18 19:15:00+00:00,1938.4072595200903,1941.02850845773,1937.4466627552242,1940.4605208513963
2024-01-18 19:20:00+00:00,1940.4605208513963,1941.0993319785414,1939.7057384992252,1940.6637970424358
2024-01-18 19:25:00+00:00,1940.6637970424358,1942.7040664074013,1940.0140810954942,1942.077406873453
2024-01-18 19:30:00+00:00,1942.077406873453,1942.895471235152,1941.0222763709126,1941.5273585450068
2024-01-18 19:35:00+00:00,1941.5273585450068,1942.9837542244215,1941.4021533885327,1942.4728310297007
2024-01-18 19:40:00+00:00,1942.4728310297007,1944.0005440670132,1941.6158228399122,1943.191845371862
2024-01-18 19:45:00+00:00,1943.191845371862,1943.6632140078714,1941.7727246635377,1942.5759900467451
2024-01-18 19:50:00+00:00,1942.5759900467451,1943.3316194266733,1941.773836701153,1942.0464263611757
2024-01-18 19:55:00+00:00,1942.0464263611757,1943.4228804354266,1941.4618016229795,1942.4779947813179
2024-01-18 20:00:00+00:00,1942.4779947813179,1943.4567540725095,1940.812334735576,1941.047436670412
2024-01-18 20:05:00+00:00,1941.047436670412,1941.6877865572712,1940.9049046990158,1941.0145823948656
2024-01-18 20:10:00+00:00,1941.0145823948656,1941.3980881148836,1939.0197262934344,1939.8395970166036
2024-01-18 20:15:00+00:00,1939.8395970166036,1939.946081536961,1939.3474580434618,1939.8339831693054
2024-01-18 20:20:00+00:00,1939.8339831693054,1940.5881116437765,1939.599099818696,1940.208579372419
2024-01-18 20:25:00+00:00,1940.208579372419,1941.4121119172792,1939.3720568751942,1940.8227560866005
2024-01-18 20:30:00+00:00,1940.8227560866005,1941.8509415784035,1940.4803946438833,1941.1731559838106
2024-01-18 20:35:00+00:00,1941.1731559838106,1941.7712244723327,1940.5624324153605,1940.9970597565073
2024-01-18 20:40:00+00:00,1940.9970597565073,1941.2450046992103,1939.670749802232,1940.5067381468245
2024-01-18 20:45:00+00:00,1940.5067381468245,1941.0289068685051,1938.8792165511584,1939.7325924146953
2024-01-18 20:50:00+00:00,1939.7325924146953,1940.1425914794359,1938.7285818694102,1939.179314864008
2024-01-18 20:55:00+00:00,1939.179314864008,1940.1589751568883,1938.6245096975467,1938.7875918176453
2024-01-18 21:00:00+00:00,1938.7875918176453,1939.1044614343605,1937.7121440392918,1938.3143906094567
2024-01-18 21:05:00+00:00,1938.3143906094567,1939.4021221614664,1937.7949451950058,1938.4656563566143
2024-01-18 21:10:00+00:00,1938.4656563566143,1939.4162761411233,1937.5315114643415,1937.8462568118541
2024-01-18 21:15:00+00:00,1937.8462568118541,1938.497245792757,1936.1345705175816,1936.4093974073392
2024-01-18 21:20:00+00:00,1936.4093974073392,1937.3772678539606,1936.0061351939235,1937.0048948293045
2024-01-18 21:25:00+00:00,1937.0048948293045,1937.6647138179897,1935.577818828045,1936.316494049819
2024-01-18 21:30:00+00:00,1936.316494049819,1937.2305834199574,1933.9319783197504,1934.8057607417666
2024-01-18 21:35:00+00:00,1934.8057607417666,1935.5803033330058,1933.1393547909177,1933.9640715976236
2024-01-18 21:40:00+00:00,1933.9640715976236,1934.7008756448797,1933.4247884772753,1933.6427275138858
2024-01-18 21:45:00+00:00,1933.6427275138858,1933.9082777568644,1932.9594162910546,1933.430317275303
2024-01-18 21:50:00+00:00,1933.430317275303,1934.5963174525134,1932.6166920384655,1933.6047827527623
2024-01-18 21:55:00+00:00,1933.6047827527623,1935.8727864607383,1933.499649201228,1935.3163252017853
2024-01-18 22:00:00+00:00,1935.3163252017853,1935.7207455150506,1933.758305005842,1934.1200203262958
2024-01-18 22:05:00+00:00,1934.1200203262958,1935.9233819874312,1933.597571256026,1935.5517693056759
2024-01-18 22:10:00+00:00,1935.5517693056759,1936.4719088396025,1935.0685039653904,1935.689500303967
2024-01-18 22:15:00+00:00,1935.689500303967,1935.982147147643,1934.6826463494813,1935.3900287369775
2024-01-18 22:20:00+00:00,1935.3900287369775,1935.7171479963745,1933.1923417380533,1933.3579514663686
2024-01-18 22:25:00+00:00,1933.3579514663686,1934.184332249158,1932.3260600656913,1933.084377996179
2024-01-18 22:30:00+00:00,1933.084377996179,1934.1430340184388,1932.173970850856,1933.6569158195284
2024-01-18 22:35:00+00:00,1933.6569158195284,1934.2486028459116,1931.7351552650941,1932.6934613750652
2024-01-18 22:40:00+00:00,1932.6934613750652,1933.3378207556907,1931.1492842403966,1931.302910789177
2024-01-18 22:45:00+00:00,1931.302910789177,1931.994085122779,1929.7627443876593,1930.1094706880076
2024-01-18 22:50:00+00:00,1930.1094706880076,1930.674740157331,1929.5709918544649,1930.2453387432868
2024-01-18 22:55:00+00:00,1930.2453387432868,1930.4942678818743,1929.302399844224,1930.2594797762604
2024-01-18 23:00:00+00:00,1930.2594797762604,1932.4246091425716,1929.5571081721719,1931.6772795918714
2024-01-18 23:05:00+00:00,1931.6772795918714,1932.2713361096312,1930.894424360722,1931.2229336499975
2024-01-18 23:10:00+00:00,1931.2229336499975,1932.8912909989115,1930.2378490767037,1931.9259203395252
2024-01-18 23:15:00+00:00,1931.9259203395252,1932.7699431837307,1930.4670128926357,1930.804796265431
2024-01-18 23:20:00+00:00,1930.804796265431,1930.9528143013556,1930.0007006586352,1930.5816458000277
2024-01-18 23:25:00+00:00,1930.5816458000277,1931.7480991662392,1929.9734373959498,1931.5472845133181
2024-01-18 23:30:00+00:00,1931.5472845133181,1932.4374140302364,1930.636731924937,1931.2650687259556
2024-01-18 23:35:00+00:00,1931.2650687259556,1932.6469826282346,1930.3005414935228,1931.713851077724
2024-01-18 23:40:00+00:00,1931.713851077724,1932.4570477961693,1930.4412484365887,1930.5434148493982
2024-01-18 23:45:00+00:00,1930.5434148493982,1931.2972296828489,1929.025707828451,1929.6731017447607
2024-01-18 23:50:00+00:00,1929.6731017447607,1930.655652472736,1928.4296154188437,1929.1584154850184
2024-01-18 23:55:00+00:00,1929.1584154850184,1929.4704691057684,1927.3289384462746,1928.1140149143507
2024-01-19 00:00:00+00:00,1928.1140149143507,1928.2270416445558,1926.8669073800904,1927.6713051750814
2024-01-19 00:05:00+00:00,1927.6713051750814,1929.1634405205323,1927.2279863714004,1928.9678115754252
2024-01-19 00:10:00+00:00,1928.9678115754252,1929.2274420790748,1928.280518908364,1928.7360163428862
2024-01-19 00:15:00+00:00,1928.7360163428862,1929.9318048450339,1928.5163256661237,1928.9415252590263
2024-01-19 00:20:00+00:00,1928.9415252590263,1931.2060408667178,1928.32602001838,1930.3329142484092
2024-01-19 00:25:00+00:00,1930.3329142484092,1930.5405365158067,1929.3555916533505,1930.3360895054964
2024-01-19 00:30:00+00:00,1930.3360895054964,1930.6993395984123,1930.0132964067566,1930.1855074348473
2024-01-19 00:35:00+00:00,1930.1855074348473,1931.116612048366,1929.412605577289,1929.7310807715219
2024-01-19 00:40:00+00:00,1929.7310807715219,1930.9120338338694,1928.8011427837669,1930.724124497883
2024-01-19 00:45:00+00:00,1930.724124497883,1932.5125045038542,1930.109513616557,1931.5322633625226
2024-01-19 00:50:00+00:00,1931.5322633625226,1934.2146754275168,1930.660944917679,1933.371522129044
2024-01-19 00:55:00+00:00,1933.371522129044,1935.35711092425,1932.8998076235225,1935.2276981992743
2024-01-19 01:00:00+00:00,1935.2276981992743,1935.6587559077584,1933.5977432656016,1933.874430166359
2024-01-19 01:05:00+00:00,1933.874430166359,1935.369391200466,1932.962615809062,1934.5609539768873
2024-01-19 01:10:00+00:00,1934.5609539768873,1936.8769541567874,1934.411465501493,1936.4660219614364
2024-01-19 01:15:00+00:00,1936.4660219614364,1937.68184720313,1936.0466045120852,1936.7569773627422
2024-01-19 01:20:00+00:00,1936.7569773627422,1937.908101137151,1935.8553074838246,1936.9121646059384
2024-01-19 01:25:00+00:00,1936.9121646059384,1937.2094979523426,1935.6070039767285,1935.8845652086902
2024-01-19 01:30:00+00:00,1935.8845652086902,1937.45597596744,1934.962757678162,1936.925834639101
2024-01-19 01:35:00+00:00,1936.925834639101,1937.1226327656132,1935.4167734796906,1936.026472383696
2024-01-19 01:40:00+00:00,1936.026472383696,1936.3257267536408,1935.462418306573,1936.1968966277857
2024-01-19 01:45:00+00:00,1936.1968966277857,1937.0902485321587,1935.7671583253837,1935.9091672231618
2024-01-19 01:50:00+00:00,1935.9091672231618,1937.3349822766531,1934.9606313250285,1936.341083562376
2024-01-19 01:55:00+00:00,1936.341083562376,1936.9080495099406,1935.0374689595951,1935.9658959967403
2024-01-19 02:00:00+00:00,1935.9658959967403,1936.4292347255935,1934.9910423322162,1935.601074316676
2024-01-19 02:05:00+00:00,1935.601074316676,1937.4779391326533,1934.7281788170537,1936.5495127771321
2024-01-19 02:10:00+00:00,1936.5495127771321,1937.1376623927601,1935.9077258341479,1936.5318306430818
2024-01-19 02:15:00+00:00,1936.5318306430818,1937.8800677291338,1936.2369531965048,1937.3706425991454
2024-01-19 02:20:00+00:00,1937.3706425991454,1937.8498114517483,1936.0422757537228,1936.7862364234843
2024-01-19 02:25:00+00:00,1936.7862364234843,1938.28681800111,1936.2660179011577,1938.140808628166
2024-01-19 02:30:00+00:00,1938.140808628166,1938.7616545770413,1937.350475799293,1938.6316213401788
2024-01-19 02:35:00+00:00,1938.6316213401788,1940.147682859757,1938.2452730871187,1939.7545814850203
2024-01-19 02:40:00+00:00,1939.7545814850203,1941.1364825391706,1939.55147148598,1940.4727312423145
2024-01-19 02:45:00+00:00,1940.4727312423145,1941.396756586987,1938.6693450549774,1939.0712230079082
2024-01-19 02:50:00+00:00,1939.0712230079082,1939.976241293455,1936.07699036066,1936.766184525142
2024-01-19 02:55:00+00:00,1936.766184525142,1937.8390192697086,1936.3176612006725,1937.7390090644587
2024-01-19 03:00:00+00:00,1937.7390090644587,1938.4661955206557,1936.4582498847092,1937.3193463505233
2024-01-19 03:05:00+00:00,1937.3193463505233,1937.5906603921978,1936.316296283994,1936.9675369491745
2024-01-19 03:10:00+00:00,1936.9675369491745,1937.7915133973954,1935.9928105569097,1936.225487946189
2024-01-19 03:15:00+00:00,1936.225487946189,1936.9933674324277,1935.5295481186333,1935.7346950643275
2024-01-19 03:20:00+00:00,1935.7346950643275,1936.3108191506913,1934.957816536816,1936.01647343739
2024-01-19 03:25:00+00:00,1936.01647343739,1937.5046775794808,1935.299396700121,1936.825171698529
2024-01-19 03:30:00+00:00,1936.825171698529,1937.5742461337059,1936.1324016189617,1936.5702651801791
2024-01-19 03:35:00+00:00,1936.5702651801791,1936.7799963689308,1934.3860893101998,1934.6069267826701
2024-01-19 03:40:00+00:00,1934.6069267826701,1936.0955695770244,1934.226864298183,1935.150239603778
2024-01-19 03:45:00+00:00,1935.150239603778,1935.681467400854,1934.496179320811,1935.4240763020364
2024-01-19 03:50:00+00:00,1935.4240763020364,1936.0844685085244,1934.6017194912095,1934.8740840472203
2024-01-19 03:55:00+00:00,1934.8740840472203,1935.3046111638635,1932.8068298979376,1933.7100971316997
2024-01-19 04:00:00+00:00,1933.7100971316997,1934.0090206975547,1932.1185644160043,1932.5066610973065
2024-01-19 04:05:00+00:00,1932.5066610973065,1933.9552748830224,1932.3070291927922,1933.639060778366
2024-01-19 04:10:00+00:00,1933.639060778366,1934.1337540711593,1932.8947113061452,1933.087220994213
2024-01-19 04:15:00+00:00,1933.087220994213,1934.7046725704097,1932.8488652561082,1934.1763805686207
2024-01-19 04:20:00+00:00,1934.1763805686207,1934.8184961773247,1933.324481341235,1933.9549095636207
2024-01-19 04:25:00+00:00,1933.9549095636207,1935.5698429808617,1933.4524755358493,1934.7492975099065
2024-01-19 04:30:00+00:00,1934.7492975099065,1935.2329378352213,1932.9578954762083,1933.917344162465
2024-01-19 04:35:00+00:00,1933.917344162465,1934.6968579705813,1931.9002983623295,1932.7801331819771
2024-01-19 04:40:00+00:00,1932.7801331819771,1933.0022145144428,1931.9726100011349,1932.601004571222
2024-01-19 04:45:00+00:00,1932.601004571222,1933.553635043439,1930.4571036612645,1931.036933607009
2024-01-19 04:50:00+00:00,1931.036933607009,1931.9941761333373,1929.421888324325,1929.8293924630177
2024-01-19 04:55:00+00:00,1929.8293924630177,1930.448785756553,1929.2494195850725,1930.2529844614724
2024-01-19 05:00:00+00:00,1930.2529844614724,1932.4117212133808,1929.2941024234524,1931.665521978343
2024-01-19 05:05:00+00:00,1931.665521978343,1932.6781808916937,1930.8637152171252,1931.829926755817
2024-01-19 05:10:00+00:00,1931.829926755817,1932.0325136578786,1929.8875585996836,1930.341564581118
2024-01-19 05:15:00+00:00,1930.341564581118,1930.8081376044795,1928.9620289769025,1929.41722150817
2024-01-19 05:20:00+00:00,1929.41722150817,1930.489195240058,1928.8393846304443,1929.5790015364125
2024-01-19 05:25:00+00:00,1929.5790015364125,1930.1607849252862,1928.6324598214517,1929.4528532972138
2024-01-19 05:30:00+00:00,1929.4528532972138,1932.3843324439379,1929.0539306745463,1931.6190301221668
2024-01-19 05:35:00+00:00,1931.6190301221668,1934.1733163086853,1931.488016383335,1933.3275001302945
2024-01-19 05:40:00+00:00,1933.3275001302945,1933.550693611061,1932.465622954416,1933.061817174717
2024-01-19 05:45:00+00:00,1933.061817174717,1935.1690876751024,1932.2808207124524,1934.9598270952597
2024-01-19 05:50:00+00:00,1934.9598270952597,1935.9105148530432,1933.3865034796356,1934.1051037249867
2024-01-19 05:55:00+00:00,1934.1051037249867,1935.0678492223492,1932.8134566255092,1933.2525162328582
2024-01-19 06:00:00+00:00,1933.2525162328582,1935.137663610646,1933.0156806537946,1934.5516411518352
2024-01-19 06:05:00+00:00,1934.5516411518352,1935.5239864403495,1933.505833726171,1933.6111516921733
2024-01-19 06:10:00+00:00,1933.6111516921733,1933.8516921762816,1932.8763615559453,1933.1102939528712
2024-01-19 06:15:00+00:00,1933.1102939528712,1934.8709994532283,1932.4921936624874,1934.5641095555047
2024-01-19 06:20:00+00:00,1934.5641095555047,1934.8457146567223,1933.223698504342,1934.1967240068238
2024-01-19 06:25:00+00:00,1934.1967240068238,1935.5800750769165,1933.2394637744983,1935.4371428359036
2024-01-19 06:30:00+00:00,1935.4371428359036,1936.6524537982007,1935.256612198644,1936.088473963117
2024-01-19 06:35:00+00:00,1936.088473963117,1936.7923281664894,1934.966256576234,1935.7163760493688
2024-01-19 06:40:00+00:00,1935.7163760493688,1936.728751351547,1935.3324280262686,1936.310360160171
2024-01-19 06:45:00+00:00,1936.310360160171,1937.7821236637512,1935.760384974089,1937.3436146580268
2024-01-19 06:50:00+00:00,1937.3436146580268,1938.675538510633,1936.9880834430126,1938.1059368328952
2024-01-19 06:55:00+00:00,1938.1059368328952,1939.0598065315708,1936.4735342926142,1937.3561463694768
2024-01-19 07:00:00+00:00,1937.3561463694768,1939.121126464185,1936.4443197362248,1938.2245935807657
2024-01-19 07:05:00+00:00,1938.2245935807657,1938.669684085565,1935.2156175390587,1936.1148818348452
2024-01-19 07:10:00+00:00,1936.1148818348452,1936.3742192460113,1935.09844263069,1935.8403876477591
2024-01-19 07:15:00+00:00,1935.8403876477591,1936.3018106901495,1935.5082291859883,1935.8876998112862
2024-01-19 07:20:00+00:00,1935.8876998112862,1936.8519224466922,1934.9371748055962,1936.7445452148954
2024-01-19 07:25:00+00:00,1936.7445452148954,1938.13215424079,1935.92713186899,1937.9924783985282
2024-01-19 07:30:00+00:00,1937.9924783985282,1938.4829529942504,1936.4925781900663,1936.7699992236878
2024-01-19 07:35:00+00:00,1936.7699992236878,1937.3231293779957,1935.3600243476644,1936.261621810884
2024-01-19 07:40:00+00:00,1936.261621810884,1936.7540694446418,1935.7910244296077,1936.142004933824
2024-01-19 07:45:00+00:00,1936.142004933824,1936.71117366893,1935.3731706891958,1935.7038548396054
2024-01-19 07:50:00+00:00,1935.7038548396054,1936.877343774764,1935.497599968453,1936.0342270393062
2024-01-19 07:55:00+00:00,1936.0342270393062,1936.844485035798,1935.7093699416766,1936.6109688141369
2024-01-19 08:00:00+00:00,1936.6109688141369,1937.349182654758,1936.0467496205338,1937.2228198414746
2024-01-19 08:05:00+00:00,1937.2228198414746,1938.0474624425449,1936.7239704692606,1936.904409909691
2024-01-19 08:10:00+00:00,1936.904409909691,1940.1180771010258,1936.3005743610638,1939.7956772759296
2024-01-19 08:15:00+00:00,1939.7956772759296,1940.747803114078,1938.6079878704452,1938.7365369029624
2024-01-19 08:20:00+00:00,1938.7365369029624,1939.1079073622043,1937.8608200170804,1938.5479307390067
2024-01-19 08:25:00+00:00,1938.5479307390067,1940.5349120597532,1938.0068433670249,1939.960078868749
2024-01-19 08:30:00+00:00,1939.960078868749,1941.5541000173623,1939.2728281361362,1940.7093761000983
2024-01-19 08:35:00+00:00,1940.7093761000983,1942.092089049868,1940.3852750845515,1941.4362840178449
2024-01-19 08:40:00+00:00,1941.4362840178449,1943.004760204784,1941.004031569032,1942.5972932739412
2024-01-19 08:45:00+00:00,1942.5972932739412,1942.835708551214,1941.7551917849312,1942.4455173737845
2024-01-19 08:50:00+00:00,1942.4455173737845,1943.2004909094437,1941.9049850932336,1942.5639329520857
2024-01-19 08:55:00+00:00,1942.5639329520857,1943.9770015087424,1942.1974883734383,1943.6147293731
2024-01-19 09:00:00+00:00,1943.6147293731,1945.7156252616921,1942.8882464173348,1945.115669013173
2024-01-19 09:05:00+00:00,1945.115669013173,1945.8962534433279,1943.4057068563359,1943.9862408439894
2024-01-19 09:10:00+00:00,1943.9862408439894,1944.8655975479323,1943.424033667311,1943.551189831233
2024-01-19 09:15:00+00:00,1943.551189831233,1944.0217099411236,1942.5995027818908,1943.5993476832325
2024-01-19 09:20:00+00:00,1943.5993476832325,1944.880458498341,1942.8492227516829,1944.4647819318957
2024-01-19 09:25:00+00:00,1944.4647819318957,1944.6980839721589,1942.6624694700083,1943.3920305598258
2024-01-19 09:30:00+00:00,1943.3920305598258,1944.4905852461902,1942.8059695143857,1944.295175129116
2024-01-19 09:35:00+00:00,1944.295175129116,1944.5317628631115,1943.1387685283269,1943.7258989219217
2024-01-19 09:40:00+00:00,1943.7258989219217,1945.0364238482796,1943.4492886528406,1944.4590897700434
2024-01-19 09:45:00+00:00,1944.4590897700434,1945.1901480373178,1944.0002842283116,1944.7437150147775
2024-01-19 09:50:00+00:00,1944.7437150147775,1946.7622470789922,1943.8750074184377,1946.1420210687902
2024-01-19 09:55:00+00:00,1946.1420210687902,1946.5056393057548,1944.3206210226979,1945.264202900682
2024-01-19 10:00:00+00:00,1945.264202900682,1946.054209826012,1944.6263581587905,1945.8366096653538
2024-01-19 10:05:00+00:00,1945.8366096653538,1946.2876132529036,1945.2931155937626,1945.62982203791
2024-01-19 10:10:00+00:00,1945.62982203791,1946.6103425628269,1944.764138303886,1945.0476267528447
2024-01-19 10:15:00+00:00,1945.0476267528447,1946.2926518482232,1944.689841473546,1945.958319912707
2024-01-19 10:20:00+00:00,1945.958319912707,1946.2561361856037,1944.3443285843955,1945.1329914616906
2024-01-19 10:25:00+00:00,1945.1329914616906,1946.7162698892646,1944.7825460951606,1945.8512608756942
2024-01-19 10:30:00+00:00,1945.8512608756942,1946.71610201718,1944.6262613632464,1944.9626787571074
2024-01-19 10:35:00+00:00,1944.9626787571074,1945.7423443138591,1943.724278404044,1943.9369174942124
2024-01-19 10:40:00+00:00,1943.9369174942124,1944.8539011657017,1943.766406787669,1944.609350018153
2024-01-19 10:45:00+00:00,1944.609350018153,1947.4047985427085,1943.7647749898174,1946.6021656875046
2024-01-19 10:50:00+00:00,1946.6021656875046,1947.7032564820477,1946.4922020228685,1947.066332696087
2024-01-19 10:55:00+00:00,1947.066332696087,1947.6806519977085,1945.4286978262667,1946.2485032239806
2024-01-19 11:00:00+00:00,1946.2485032239806,1947.5238630239144,1945.8094971480748,1946.5875761463967
2024-01-19 11:05:00+00:00,1946.5875761463967,1947.4642523107257,1945.6589344312954,1946.346047842888
2024-01-19 11:10:00+00:00,1946.346047842888,1946.4886763986215,1945.0779413139142,1945.773342374595
2024-01-19 11:15:00+00:00,1945.773342374595,1946.3129143105155,1945.2253436208493,1945.9951359723727
2024-01-19 11:20:00+00:00,1945.9951359723727,1947.371793104766,1945.2382823715345,1946.5080131927991
2024-01-19 11:25:00+00:00,1946.5080131927991,1947.7737252406969,1945.800304658595,1947.2692895184973
2024-01-19 11:30:00+00:00,1947.2692895184973,1947.5357726254595,1945.4858975892657,1946.3641409739632
2024-01-19 11:35:00+00:00,1946.3641409739632,1948.1113016408528,1945.6226597312466,1947.8637670978958
2024-01-19 11:40:00+00:00,1947.8637670978958,1948.7833749498106,1947.067678819211,1947.6157295344099
2024-01-19 11:45:00+00:00,1947.6157295344099,1947.9039453115643,1945.252892832163,1946.1819641116545
2024-01-19 11:50:00+00:00,1946.1819641116545,1946.4837189152734,1945.1857169696582,1945.432397583282
2024-01-19 11:55:00+00:00,1945.432397583282,1945.8972555519058,1944.7949996319405,1945.5572260573242
2024-01-19 12:00:00+00:00,1945.5572260573242,1946.06055771189,1944.0965321821602,1944.7954638785054
2024-01-19 12:05:00+00:00,1944.7954638785054,1945.499377794262,1943.824219359721,1944.9869952330953
2024-01-19 12:10:00+00:00,1944.9869952330953,1945.5167343814767,1943.5720413515546,1944.175601893355
2024-01-19 12:15:00+00:00,1944.175601893355,1945.6932706804314,1943.202947978333,1945.1082728313118
2024-01-19 12:20:00+00:00,1945.1082728313118,1946.0888230568123,1944.35035966674,1945.2673366972913
2024-01-19 12:25:00+00:00,1945.2673366972913,1945.479991600517,1944.4675595475837,1945.0306052536134
2024-01-19 12:30:00+00:00,1945.0306052536134,1946.428904728965,1944.9290846015272,1945.915014063316
2024-01-19 12:35:00+00:00,1945.915014063316,1946.857250673812,1944.2251012316199,1945.0577504467597
2024-01-19 12:40:00+00:00,1945.0577504467597,1945.7527834017333,1944.159541481687,1944.9074852421631
2024-01-19 12:45:00+00:00,1944.9074852421631,1945.9856492315764,1944.6137624314945,1945.4298806363088
2024-01-19 12:50:00+00:00,1945.4298806363088,1946.2343310795193,1945.2644742959978,1945.757676744069
2024-01-19 12:55:00+00:00,1945.757676744069,1946.0391477597848,1945.6288360347398,1945.7977968380992
2024-01-19 13:00:00+00:00,1945.7977968380992,1946.8093799904154,1944.8803135954936,1946.5765733791832
2024-01-19 13:05:00+00:00,1946.5765733791832,1947.434907760918,1945.7227750265654,1946.0910085949781
2024-01-19 13:10:00+00:00,1946.0910085949781,1946.810669917613,1945.2595762597282,1946.0594411230966
2024-01-19 13:15:00+00:00,1946.0594411230966,1946.851482277017,1945.1387868561267,1945.2518494332187
2024-01-19 13:20:00+00:00,1945.2518494332187,1946.1158039111192,1944.5518225166772,1945.1752441966228
2024-01-19 13:25:00+00:00,1945.1752441966228,1945.8381923756992,1943.766145308906,1944.1048364540675
2024-01-19 13:30:00+00:00,1944.1048364540675,1944.5990157354402,1942.20425792376,1943.027467854689
2024-01-19 13:35:00+00:00,1943.027467854689,1943.4418806488834,1942.8213161208967,1942.9948354919752
2024-01-19 13:40:00+00:00,1942.9948354919752,1943.9026571342808,1941.126476702711,1942.0483179064106
2024-01-19 13:45:00+00:00,1942.0483179064106,1943.0787111537331,1941.5709775537694,1942.7137989420303
2024-01-19 13:50:00+00:00,1942.7137989420303,1944.356772337576,1941.9105020988352,1943.5677356106107
2024-01-19 13:55:00+00:00,1943.5677356106107,1945.0401528644252,1943.1735548086638,1944.0690171869717
2024-01-19 14:00:00+00:00,1944.0690171869717,1945.1885638132376,1943.3151044139204,1944.7267426588762
2024-01-19 14:05:00+00:00,1944.7267426588762,1945.8271793339331,1944.2865668900597,1945.168826282694
2024-01-19 14:10:00+00:00,1945.168826282694,1945.7832597309512,1943.4917500239142,1943.7823829984018
2024-01-19 14:15:00+00:00,1943.7823829984018,1944.4449695481976,1942.5046359869161,1942.7617270906262
2024-01-19 14:20:00+00:00,1942.7617270906262,1943.3209895996383,1942.1142204475987,1943.035152278422
2024-01-19 14:25:00+00:00,1943.035152278422,1943.9319992256248,1941.6204658341724,1942.034431216351
2024-01-19 14:30:00+00:00,1942.034431216351,1942.802225295898,1940.9988356909987,1941.396439147752
2024-01-19 14:35:00+00:00,1941.396439147752,1941.5473753541862,1940.7544496294427,1941.3386946406742
2024-01-19 14:40:00+00:00,1941.3386946406742,1942.5925687665235,1940.3507681981919,1941.595535525519
2024-01-19 14:45:00+00:00,1941.595535525519,1941.7980334303588,1939.8964921170461,1940.1492678108034
2024-01-19 14:50:00+00:00,1940.1492678108034,1940.7427487562195,1939.688701193623,1940.1492510199155
2024-01-19 14:55:00+00:00,1940.1492510199155,1941.5514370836445,1939.1714779241606,1940.897913899664
2024-01-19 15:00:00+00:00,1940.897913899664,1941.334596190951,1940.100313182863,1941.2152678003688
2024-01-19 15:05:00+00:00,1941.2152678003688,1942.7575859699048,1940.8387929065682,1942.5466635820305
2024-01-19 15:10:00+00:00,1942.5466635820305,1943.4249778380872,1941.1787767624012,1942.103748056245
2024-01-19 15:15:00+00:00,1942.103748056245,1943.5804802539337,1941.9955613955763,1943.2340446041148
2024-01-19 15:20:00+00:00,1943.2340446041148,1945.9898960473045,1943.1166010072045,1945.1641327395096
2024-01-19 15:25:00+00:00,1945.1641327395096,1946.75398228819,1944.8786050565097,1945.791796477711
2024-01-19 15:30:00+00:00,1945.791796477711,1946.9231796088288,1945.2979306126545,1946.6729178246144
2024-01-19 15:35:00+00:00,1946.6729178246144,1947.7369659829874,1946.369705478782,1947.5694344276708
2024-01-19 15:40:00+00:00,1947.5694344276708,1948.0245606940682,1945.4280483034158,1945.5910062581092
2024-01-19 15:45:00+00:00,1945.5910062581092,1945.991577473511,1944.0431003056347,1944.9431107857808
2024-01-19 15:50:00+00:00,1944.9431107857808,1946.2676447317276,1944.822423719093,1945.9079016660153
2024-01-19 15:55:00+00:00,1945.9079016660153,1946.023887727809,1944.3043350244184,1944.7425835999334
2024-01-19 16:00:00+00:00,1944.7425835999334,1945.731407275706,1943.754007230948,1944.9951276295928
2024-01-19 16:05:00+00:00,1944.9951276295928,1945.8321551946735,1944.6388726147077,1945.47147972897
2024-01-19 16:10:00+00:00,1945.47147972897,1946.7451515977593,1945.3149403044167,1946.5954082710136
2024-01-19 16:15:00+00:00,1946.5954082710136,1946.869819367259,1946.0620160253893,1946.4591669953186
2024-01-19 16:20:00+00:00,1946.4591669953186,1948.04138051207,1945.7074765576285,1947.225896668704
2024-01-19 16:25:00+00:00,1947.225896668704,1947.7900602466036,1946.3961983430258,1947.1926301192882
2024-01-19 16:30:00+00:00,1947.1926301192882,1948.8789549040039,1946.9108832618679,1948.600820009534
2024-01-19 16:35:00+00:00,1948.600820009534,1949.4578810938353,1947.102571655931,1948.0065540585792
2024-01-19 16:40:00+00:00,1948.0065540585792,1948.9465501662787,1947.263200533464,1947.5057335808656
2024-01-19 16:45:00+00:00,1947.5057335808656,1948.0479782666748,1946.6240635256142,1947.8453714535617
2024-01-19 16:50:00+00:00,1947.8453714535617,1950.0295801707857,1947.236792553732,1949.3330074297069
2024-01-19 16:55:00+00:00,1949.3330074297069,1950.2086308669336,1948.7790566943531,1949.543489277859
2024-01-19 17:00:00+00:00,1949.543489277859,1950.1847023049615,1949.3842644083975,1949.494728388696
2024-01-19 17:05:00+00:00,1949.494728388696,1950.2952697792336,1948.7544363575166,1948.9120818172937
2024-01-19 17:10:00+00:00,1948.9120818172937,1949.9427425408876,1948.2691383416682,1949.8360741016886
2024-01-19 17:15:00+00:00,1949.8360741016886,1950.784745642439,1948.426964207009,1949.192333383665
2024-01-19 17:20:00+00:00,1949.192333383665,1949.3173298707272,1948.2461035721765,1948.946666222818
2024-01-19 17:25:00+00:00,1948.946666222818,1949.5770724447395,1947.8307424908076,1948.669738685676
2024-01-19 17:30:00+00:00,1948.669738685676,1950.378531674781,1947.9504778214782,1949.6510579126068
2024-01-19 17:35:00+00:00,1949.6510579126068,1949.9195720773619,1948.5105413379554,1948.8577212215819
2024-01-19 17:40:00+00:00,1948.8577212215819,1949.0525583422282,1947.2647963845802,1948.076384796228
2024-01-19 17:45:00+00:00,1948.076384796228,1949.0277992737547,1947.2116868718904,1948.2353421584955
2024-01-19 17:50:00+00:00,1948.2353421584955,1948.5574546719438,1947.9211708422072,1948.2480330382216
2024-01-19 17:55:00+00:00,1948.2480330382216,1948.5650403403001,1945.902692884404,1946.890573635481
2024-01-19 18:00:00+00:00,1946.890573635481,1947.748874444237,1945.9348606848341,1946.0677230844433
2024-01-19 18:05:00+00:00,1946.0677230844433,1946.4664107849928,1945.0960126896643,1945.4643876112275
2024-01-19 18:10:00+00:00,1945.4643876112275,1946.4169159251726,1944.4827549837203,1945.4748929611112
2024-01-19 18:15:00+00:00,1945.4748929611112,1945.7323782700978,1944.4170130997934,1944.6913740492434
2024-01-19 18:20:00+00:00,1944.6913740492434,1946.5752749752194,1944.3910515384575,1946.4414008880785
2024-01-19 18:25:00+00:00,1946.4414008880785,1946.8416505705375,1945.9854460190436,1946.6600472299806
2024-01-19 18:30:00+00:00,1946.6600472299806,1947.9182491271422,1946.5560356920662,1947.7238743195423
2024-01-19 18:35:00+00:00,1947.7238743195423,1948.2604524582075,1946.9184695560916,1947.9954943255334
2024-01-19 18:40:00+00:00,1947.9954943255334,1948.3092361592442,1947.371108602436,1948.1896684067292
2024-01-19 18:45:00+00:00,1948.1896684067292,1949.2609164025891,1947.1945506730453,1948.825896755215
2024-01-19 18:50:00+00:00,1948.825896755215,1949.2090130537815,1947.545760470823,1948.4917621934103
2024-01-19 18:55:00+00:00,1948.4917621934103,1949.0183107773187,1946.7273171122936,1946.8338253267232
2024-01-19 19:00:00+00:00,1946.8338253267232,1948.031553276765,1945.8499837759312,1947.2058261685524
2024-01-19 19:05:00+00:00,1947.2058261685524,1947.763471304407,1945.728008484723,1946.5089053726317
2024-01-19 19:10:00+00:00,1946.5089053726317,1948.6608921924144,1945.9971661644972,1947.6680999945352
2024-01-19 19:15:00+00:00,1947.6680999945352,1948.5407232267564,1946.4252092116624,1946.8297067100036
2024-01-19 19:20:00+00:00,1946.8297067100036,1947.470837586757,1946.0656201911183,1946.944201002413
2024-01-19 19:25:00+00:00,1946.944201002413,1947.1575887598538,1946.7244620591168,1946.9477526262285
2024-01-19 19:30:00+00:00,1946.9477526262285,1947.7710270599798,1945.8980066342929,1946.4137100551916
2024-01-19 19:35:00+00:00,1946.4137100551916,1947.3706189806464,1945.7676503209739,1946.0469181006558
2024-01-19 19:40:00+00:00,1946.0469181006558,1946.787789772959,1944.9373386552309,1945.866104265371
2024-01-19 19:45:00+00:00,1945.866104265371,1946.6134590868344,1944.9007255868507,1946.0052593267878
2024-01-19 19:50:00+00:00,1946.0052593267878,1946.42903322647,1945.8346340549754,1946.2156911882832
2024-01-19 19:55:00+00:00,1946.2156911882832,1946.4205755098503,1945.4045174181836,1946.2387548705642
2024-01-19 20:00:00+00:00,1946.2387548705642,1946.4614028286137,1945.3238255496453,1946.2076935349155
2024-01-19 20:05:00+00:00,1946.2076935349155,1946.4856521610693,1943.2471904024414,1944.1831004747646
2024-01-19 20:10:00+00:00,1944.1831004747646,1946.0831442852852,1943.6877268314606,1945.4075297023523
2024-01-19 20:15:00+00:00,1945.4075297023523,1946.8548366513403,1944.8198205180026,1946.0048215372256
2024-01-19 20:20:00+00:00,1946.0048215372256,1946.1380004897333,1944.239457311575,1944.8481302240864
2024-01-19 20:25:00+00:00,1944.8481302240864,1945.4654509994075,1943.089285656748,1944.0737163771987
2024-01-19 20:30:00+00:00,1944.0737163771987,1944.3950517667454,1941.6976265265391,1942.1320060277017
2024-01-19 20:35:00+00:00,1942.1320060277017,1943.0905357318252,1939.2291148954257,1939.453319476586
2024-01-19 20:40:00+00:00,1939.453319476586,1940.0092546162523,1938.7378615562302,1939.0154531060848
2024-01-19 20:45:00+00:00,1939.0154531060848,1940.6736455325413,1938.3205245208185,1940.5006037936064
2024-01-19 20:50:00+00:00,1940.5006037936064,1941.16979989081,1939.8109211722203,1940.6217022855292
2024-01-19 20:55:00+00:00,1940.6217022855292,1941.4539325819826,1939.6273122120372,1940.805517966964
2024-01-19 21:00:00+00:00,1940.805517966964,1941.3225419978153,1940.2965100805957,1940.8606559488508
2024-01-19 21:05:00+00:00,1940.8606559488508,1942.2291642417697,1940.5594635810303,1941.378147697032
2024-01-19 21:10:00+00:00,1941.378147697032,1942.1220628522142,1940.8147522653035,1941.3307601117358
2024-01-19 21:15:00+00:00,1941.3307601117358,1942.071493319867,1940.1318646767877,1940.5771957155678
2024-01-19 21:20:00+00:00,1940.5771957155678,1941.1391015457907,1939.7838005599403,1940.0368532780112
2024-01-19 21:25:00+00:00,1940.0368532780112,1941.6208240443993,1939.3331089167534,1940.647032535624
2024-01-19 21:30:00+00:00,1940.647032535624,1940.8158198992028,1939.9236901841887,1940.2828368213054
2024-01-19 21:35:00+00:00,1940.2828368213054,1941.0280876412712,1937.5887486771237,1938.5564056267096
2024-01-19 21:40:00+00:00,1938.5564056267096,1939.5596044922236,1937.9754197292984,1939.0469739059172
2024-01-19 21:45:00+00:00,1939.0469739059172,1939.8493687938985,1938.6120857659935,1939.2485921570733
2024-01-19 21:50:00+00:00,1939.2485921570733,1941.3489996022777,1938.9132642686216,1940.4519567962855
2024-01-19 21:55:00+00:00,1940.4519567962855,1940.938280358824,1939.6662281697281,1940.545132362242
2024-01-19 22:00:00+00:00,1940.545132362242,1940.6619109201501,1940.396759159805,1940.5554744447345
2024-01-19 22:05:00+00:00,1940.5554744447345,1940.8026026401083,1939.5910828734602,1940.456561404196
2024-01-19 22:10:00+00:00,1940.456561404196,1941.2482135711714,1939.2452755627037,1939.7415542846281
2024-01-19 22:15:00+00:00,1939.7415542846281,1940.782942123514,1939.182647094139,1939.98690518706
2024-01-19 22:20:00+00:00,1939.98690518706,1940.1494284793284,1938.7917728456048,1939.5197716290359
2024-01-19 22:25:00+00:00,1939.5197716290359,1939.8354015210307,1938.116096687357,1938.587568460045
2024-01-19 22:30:00+00:00,1938.587568460045,1939.310528400973,1937.7862469821798,1938.492919661305
2024-01-19 22:35:00+00:00,1938.492919661305,1939.0440982438413,1938.1043402640612,1938.576939394726
2024-01-19 22:40:00+00:00,1938.576939394726,1939.490390399161,1937.7290648242606,1938.9019066995559
2024-01-19 22:45:00+00:00,1938.9019066995559,1939.8792774202957,1938.3446273584689,1939.5057863185066
2024-01-19 22:50:00+00:00,1939.5057863185066,1942.340276336782,1938.5191268206172,1941.476684045465
2024-01-19 22:55:00+00:00,1941.476684045465,1942.3579480110657,1940.8335239673604,1941.2322687872038
2024-01-19 23:00:00+00:00,1941.2322687872038,1942.6530210218311,1940.6244298880508,1942.443743081646
2024-01-19 23:05:00+00:00,1942.443743081646,1943.4089198689774,1941.882683397548,1942.4467374822557
2024-01-19 23:10:00+00:00,1942.4467374822557,1943.2240239876048,1941.8082017262595,1942.5584708181602
2024-01-19 23:15:00+00:00,1942.5584708181602,1943.9910320669526,1941.970057086003,1943.2880642960524
2024-01-19 23:20:00+00:00,1943.2880642960524,1943.8710969106207,1942.1249416456033,1942.5179051839775
2024-01-19 23:25:00+00:00,1942.5179051839775,1943.3234668109617,1941.9463461337987,1942.4463607928265
2024-01-19 23:30:00+00:00,1942.4463607928265,1943.3280393579494,1941.8455041382153,1943.0640653555201
2024-01-19 23:35:00+00:00,1943.0640653555201,1943.2238344113284,1940.8129212160143,1941.7604176751813
2024-01-19 23:40:00+00:00,1941.7604176751813,1942.1424082535032,1940.5171053906079,1940.9113459730866
2024-01-19 23:45:00+00:00,1940.9113459730866,1941.4587586620455,1939.9239764847546,1940.5040863975062
2024-01-19 23:50:00+00:00,1940.5040863975062,1940.6389087548562,1940.063558023769,1940.4746764218332
2024-01-19 23:55:00+00:00,1940.4746764218332,1942.0990219550652,1939.780412176903,1941.164726044095
2024-01-20 00:00:00+00:00,1941.164726044095,1941.8254151453168,1939.866290067613,1940.0045091205386
2024-01-20 00:05:00+00:00,1940.0045091205386,1942.0766011368246,1939.2092398600284,1941.2530066142053
2024-01-20 00:10:00+00:00,1941.2530066142053,1942.6978437813536,1941.0736727308251,1941.880953131213
2024-01-20 00:15:00+00:00,1941.880953131213,1943.230608028195,1941.5634109672537,1942.422344431701
2024-01-20 00:20:00+00:00,1942.422344431701,1942.8613073931738,1940.0431868569926,1940.6460911795982
2024-01-20 00:25:00+00:00,1940.6460911795982,1941.7690296552753,1939.7399200485552,1940.9353497718032
2024-01-20 00:30:00+00:00,1940.9353497718032,1941.9258325360813,1939.8996935538262,1940.2276005413219
2024-01-20 00:35:00+00:00,1940.2276005413219,1941.577258181349,1939.939057762832,1940.8821964332794
2024-01-20 00:40:00+00:00,1940.8821964332794,1941.4587199358175,1940.2571519757196,1940.7923384384992
2024-01-20 00:45:00+00:00,1940.7923384384992,1941.1940568840646,1940.0926565263792,1940.3975469786637
2024-01-20 00:50:00+00:00,1940.3975469786637,1941.0226128485992,1938.9770532283974,1939.561436566305
2024-01-20 00:55:00+00:00,1939.561436566305,1940.210779434262,1938.5313931588018,1939.3427925395595
2024-01-20 01:00:00+00:00,1939.3427925395595,1940.3572796510525,1938.9264796514767,1939.9395708941463
2024-01-20 01:05:00+00:00,1939.9395708941463,1940.2798412264203,1938.1446899025823,1938.4578034964584
2024-01-20 01:10:00+00:00,1938.4578034964584,1939.267653370243,1937.4820901174585,1937.7722231386451
2024-01-20 01:15:00+00:00,1937.7722231386451,1938.276430572462,1936.9866891875465,1937.5344486093627
2024-01-20 01:20:00+00:00,1937.5344486093627,1937.7018693753748,1936.7071273688848,1937.3457478035232
2024-01-20 01:25:00+00:00,1937.3457478035232,1938.003235465198,1936.409575691116,1936.9126078839756
2024-01-20 01:30:00+00:00,1936.9126078839756,1937.6446393155502,1936.5405388739186,1937.076914325853
2024-01-20 01:35:00+00:00,1937.076914325853,1937.6352107267787,1936.322451167367,1937.1362579898444
2024-01-20 01:40:00+00:00,1937.1362579898444,1937.300888130672,1934.6311586446377,1935.2358116156142
2024-01-20 01:45:00+00:00,1935.2358116156142,1936.9664698045851,1935.1257234029656,1936.1447009916194
2024-01-20 01:50:00+00:00,1936.1447009916194,1936.6790042536184,1933.9579095407448,1934.8543248426079
2024-01-20 01:55:00+00:00,1934.8543248426079,1936.108334676944,1934.4324703637856,1935.8955181821123
2024-01-20 02:00:00+00:00,1935.8955181821123,1937.174365461425,1934.9680136574293,1936.5826936886035
2024-01-20 02:05:00+00:00,1936.5826936886035,1937.2261114843425,1934.657801800307,1934.9868991680623
2024-01-20 02:10:00+00:00,1934.9868991680623,1935.60452768468,1934.274740195332,1935.0740070158681
2024-01-20 02:15:00+00:00,1935.0740070158681,1937.2231961562584,1934.447355157103,1936.2923334059433
2024-01-20 02:20:00+00:00,1936.2923334059433,1937.8222120447167,1936.19032427103,1937.5342267373364
2024-01-20 02:25:00+00:00,1937.5342267373364,1938.1371800881805,1936.7025809089769,1937.6915153454065
2024-01-20 02:30:00+00:00,1937.6915153454065,1938.2343094871817,1935.9911935173682,1936.988756012923
2024-01-20 02:35:00+00:00,1936.988756012923,1938.3817928569254,1936.8592130736154,1938.071230600211
2024-01-20 02:40:00+00:00,1938.071230600211,1938.3907487748538,1936.1586625102968,1936.7122284677625
2024-01-20 02:45:00+00:00,1936.7122284677625,1937.1449436282323,1934.5568110432503,1935.3619051515986
2024-01-20 02:50:00+00:00,1935.3619051515986,1936.2649180938638,1934.8462175919244,1936.0545110757487
2024-01-20 02:55:00+00:00,1936.0545110757487,1936.6548963934526,1934.3527428412472,1934.9559301512736
2024-01-20 03:00:00+00:00,1934.9559301512736,1935.716686585306,1934.7780580363985,1935.4481451375407
2024-01-20 03:05:00+00:00,1935.4481451375407,1936.2733379888111,1933.7202424226841,1934.4787059338491
2024-01-20 03:10:00+00:00,1934.4787059338491,1935.3353147472071,1933.339077251938,1933.9053313215438
2024-01-20 03:15:00+00:00,1933.9053313215438,1935.0723319947742,1932.9540436111545,1934.9473346173884
2024-01-20 03:20:00+00:00,1934.9473346173884,1935.2132690245314,1934.7207364046724,1934.8754653781118
2024-01-20 03:25:00+00:00,1934.8754653781118,1936.0487000885319,1934.239866679414,1935.4503452786514
2024-01-20 03:30:00+00:00,1935.4503452786514,1935.8153318101529,1934.5680862082208,1935.2776414913183
2024-01-20 03:35:00+00:00,1935.2776414913183,1935.5861544397676,1934.505333876757,1934.8646934658823
2024-01-20 03:40:00+00:00,1934.8646934658823,1935.6054575707553,1933.369296355651,1934.2396209469657
2024-01-20 03:45:00+00:00,1934.2396209469657,1934.4548882844895,1933.219394560082,1933.4053469129203
2024-01-20 03:50:00+00:00,1933.4053469129203,1934.26271056287,1932.5124816554985,1933.7631678146574
2024-01-20 03:55:00+00:00,1933.7631678146574,1934.5642989352107,1933.6478467099137,1934.1679791270587
2024-01-20 04:00:00+00:00,1934.1679791270587,1935.8485406746438,1933.5886800721264,1935.66698791064
2024-01-20 04:05:00+00:00,1935.66698791064,1936.3535403639132,1935.1046695217726,1935.9249233414582
2024-01-20 04:10:00+00:00,1935.9249233414582,1936.0993948249295,1935.5197777731946,1935.6905074996346
2024-01-20 04:15:00+00:00,1935.6905074996346,1936.320367044103,1935.2003838541707,1936.1414240262895
2024-01-20 04:20:00+00:00,1936.1414240262895,1937.7358066647328,1935.9541636234126,1937.4415244162842
2024-01-20 04:25:00+00:00,1937.4415244162842,1937.9038633327164,1935.9673497039878,1936.1458214348313
2024-01-20 04:30:00+00:00,1936.1458214348313,1938.131216619342,1935.700775127974,1937.6487541062463
2024-01-20 04:35:00+00:00,1937.6487541062463,1938.3304510241078,1936.373193514556,1936.918295956203
2024-01-20 04:40:00+00:00,1936.918295956203,1937.0387557065778,1935.8539547805412,1936.1948874916563
2024-01-20 04:45:00+00:00,1936.1948874916563,1939.2805822225332,1935.8354957650079,1938.5128689504027
2024-01-20 04:50:00+00:00,1938.5128689504027,1939.8263432515967,1937.6977338350537,1939.4988497715358
2024-01-20 04:55:00+00:00,1939.4988497715358,1940.0997370778252,1938.5800871698393,1939.0109477665696
2024-01-20 05:00:00+00:00,1939.0109477665696,1940.350420515082,1938.7454738643912,1939.7867141626707
2024-01-20 05:05:00+00:00,1939.7867141626707,1941.9854653630528,1939.175176414551,1941.0134084924182
2024-01-20 05:10:00+00:00,1941.0134084924182,1942.583496597028,1940.1439238329235,1941.6347796774292
2024-01-20 05:15:00+00:00,1941.6347796774292,1943.6227848883407,1940.823662440274,1942.6266735504555
2024-01-20 05:20:00+00:00,1942.6266735504555,1943.2610281873822,1941.6472030347722,1942.9548159594056
2024-01-20 05:25:00+00:00,1942.9548159594056,1944.3089100165691,1942.6197298662269,1943.4258388633782
2024-01-20 05:30:00+00:00,1943.4258388633782,1943.7398170305553,1942.13555026511,1942.401316364455
2024-01-20 05:35:00+00:00,1942.401316364455,1942.7560815866707,1941.0483757031548,1941.4787223094845
2024-01-20 05:40:00+00:00,1941.4787223094845,1941.9680064386873,1940.6327874226636,1941.6543024420141
2024-01-20 05:45:00+00:00,1941.6543024420141,1942.6134251664778,1939.8421459536078,1940.4482660110439
2024-01-20 05:50:00+00:00,1940.4482660110439,1941.259564384243,1940.3216527685927,1941.0564343431267
2024-01-20 05:55:00+00:00,1941.0564343431267,1941.711676934441,1940.6496779339307,1940.9849450607594
2024-01-20 06:00:00+00:00,1940.9849450607594,1942.1869445498753,1940.1565766895276,1942.0527339532139
2024-01-20 06:05:00+00:00,1942.0527339532139,1943.1661729287398,1941.2833896027896,1942.8607492240633
2024-01-20 06:10:00+00:00,1942.8607492240633,1943.6481668527813,1941.621576860102,1942.4950264174377
2024-01-20 06:15:00+00:00,1942.4950264174377,1943.4066599681287,1939.8948300146913,1940.0742489370118
2024-01-20 06:20:00+00:00,1940.0742489370118,1940.646846750941,1938.0163585685184,1938.7756789184664
2024-01-20 06:25:00+00:00,1938.7756789184664,1939.5090319766136,1938.2659926664794,1938.779676029295
2024-01-20 06:30:00+00:00,1938.779676029295,1940.791265170661,1937.9606589931188,1940.626554702691
2024-01-20 06:35:00+00:00,1940.626554702691,1941.5315633971184,1939.6614141021175,1940.645632543272
2024-01-20 06:40:00+00:00,1940.645632543272,1941.3912675807512,1939.6581036147543,1941.1756654454714
2024-01-20 06:45:00+00:00,1941.1756654454714,1941.5036831689958,1940.5947279316122,1941.1597844744094
2024-01-20 06:50:00+00:00,1941.1597844744094,1941.5546854292195,1938.0482621583335,1938.7653778854349
2024-01-20 06:55:00+00:00,1938.7653778854349,1939.6897710035782,1937.8645102759117,1939.3131726882202
2024-01-20 07:00:00+00:00,1939.3131726882202,1939.9346480301224,1938.5237286884494,1939.0908390040368
2024-01-20 07:05:00+00:00,1939.0908390040368,1939.2906968167335,1936.7648129489842,1937.74120077158
2024-01-20 07:10:00+00:00,1937.74120077158,1938.5025577170643,1937.5545325585556,1938.3709828235262
2024-01-20 07:15:00+00:00,1938.3709828235262,1939.2879599020819,1937.3821630825778,1938.330076577403
2024-01-20 07:20:00+00:00,1938.330076577403,1941.7919998464104,1937.6272808176257,1940.9888302186669
2024-01-20 07:25:00+00:00,1940.9888302186669,1941.4938916372025,1938.8012967914271,1938.9934288494146
2024-01-20 07:30:00+00:00,1938.9934288494146,1939.1104437172992,1938.1470373154118,1938.274178602683
2024-01-20 07:35:00+00:00,1938.274178602683,1939.1540914129123,1937.3055292642966,1938.32235295987
2024-01-20 07:40:00+00:00,1938.32235295987,1939.2684838386056,1937.02693095591,1937.9810019926658
2024-01-20 07:45:00+00:00,1937.9810019926658,1938.8652841520013,1937.5541105149723,1938.5705559526598
2024-01-20 07:50:00+00:00,1938.5705559526598,1940.2103365726728,1937.849748281085,1939.3755071007438
2024-01-20 07:55:00+00:00,1939.3755071007438,1940.7661536898254,1939.2472936777438,1939.811496820798
2024-01-20 08:00:00+00:00,1939.811496820798,1940.8297500789397,1939.0157032625616,1939.8750713378072
2024-01-20 08:05:00+00:00,1939.8750713378072,1940.1934113540385,1938.7799695894046,1939.25417885016
2024-01-20 08:10:00+00:00,1939.25417885016,1940.0704469355267,1938.8997449414212,1939.422692571518
2024-01-20 08:15:00+00:00,1939.422692571518,1941.1033814800594,1938.5802041195873,1940.2322917053439
2024-01-20 08:20:00+00:00,1940.2322917053439,1940.589791030803,1940.0446213050639,1940.345987770333
2024-01-20 08:25:00+00:00,1940.345987770333,1940.5248010810417,1937.8801830048644,1938.4613805808908
2024-01-20 08:30:00+00:00,1938.4613805808908,1940.245868246742,1938.104423422052,1939.9842915567083
2024-01-20 08:35:00+00:00,1939.9842915567083,1940.9180857262563,1939.237973197703,1939.5432934083003
2024-01-20 08:40:00+00:00,1939.5432934083003,1940.8374105711175,1939.1599690724292,1940.3418720874492
2024-01-20 08:45:00+00:00,1940.3418720874492,1940.7375042459964,1939.4712320577737,1939.8996955701361
2024-01-20 08:50:00+00:00,1939.8996955701361,1941.236627759019,1939.23318493737,1940.8796376528387
2024-01-20 08:55:00+00:00,1940.8796376528387,1941.394424884513,1939.6259367529265,1940.590794524672
2024-01-20 09:00:00+00:00,1940.590794524672,1942.8136218144884,1940.2393171043054,1941.9408923661567
2024-01-20 09:05:00+00:00,1941.9408923661567,1943.2722973127322,1941.0950967052959,1943.1251770961705
2024-01-20 09:10:00+00:00,1943.1251770961705,1943.670697710513,1941.6964520783338,1942.5520825986869
2024-01-20 09:15:00+00:00,1942.5520825986869,1943.3155528551024,1939.363661697839,1939.9326791992326
2024-01-20 09:20:00+00:00,1939.9326791992326,1940.6739291357028,1939.5030930305754,1940.2521483458602
2024-01-20 09:25:00+00:00,1940.2521483458602,1940.7900006397329,1939.188786125674,1939.3698674957063
2024-01-20 09:30:00+00:00,1939.3698674957063,1940.8673974614637,1938.5767517175968,1940.261295684917
2024-01-20 09:35:00+00:00,1940.261295684917,1941.2321006899006,1940.0527389108552,1940.6088562714924
2024-01-20 09:40:00+00:00,1940.6088562714924,1940.9984541165002,1939.6752936465616,1940.2805719133376
2024-01-20 09:45:00+00:00,1940.2805719133376,1940.7262585298172,1939.2244026234457,1939.4343166935066
2024-01-20 09:50:00+00:00,1939.4343166935066,1940.2037462137089,1938.3963982375833,1938.6765292325942
2024-01-20 09:55:00+00:00,1938.6765292325942,1940.486557867171,1938.5048648089637,1940.0058581909516
2024-01-20 10:00:00+00:00,1940.0058581909516,1941.3925942884257,1939.2546806802216,1940.881546898561
2024-01-20 10:05:00+00:00,1940.881546898561,1941.3331479868611,1940.0039193469972,1940.6946008156565
2024-01-20 10:10:00+00:00,1940.6946008156565,1941.4641539221818,1939.800726623527,1940.993558611134
2024-01-20 10:15:00+00:00,1940.993558611134,1942.2439090614484,1940.1826151339715,1941.829481565149
2024-01-20 10:20:00+00:00,1941.829481565149,1942.1560380805552,1941.4052510720342,1941.67118335413
2024-01-20 10:25:00+00:00,1941.67118335413,1941.832134837122,1939.2065782191798,1940.0527752033713
2024-01-20 10:30:00+00:00,1940.0527752033713,1941.766903184043,1939.2970303410193,1941.5568362143379
2024-01-20 10:35:00+00:00,1941.5568362143379,1942.2371806001597,1941.047432069297,1941.2746614930186
2024-01-20 10:40:00+00:00,1941.2746614930186,1941.3908622917302,1939.8409457241805,1940.731418710443
2024-01-20 10:45:00+00:00,1940.731418710443,1941.6586421026145,1940.2800207402288,1940.7651987369377
2024-01-20 10:50:00+00:00,1940.7651987369377,1941.4050595986632,1939.0850882858388,1939.9135908436056
2024-01-20 10:55:00+00:00,1939.9135908436056,1940.7328652835856,1938.4335631056683,1938.9466630096128
2024-01-20 11:00:00+00:00,1938.9466630096128,1939.454325544248,1938.4905085719433,1939.1577287570576
2024-01-20 11:05:00+00:00,1939.1577287570576,1939.9005200667302,1938.403209763738,1938.5293479645559
2024-01-20 11:10:00+00:00,1938.5293479645559,1939.1110291892053,1937.899665678698,1938.9256198555972
2024-01-20 11:15:00+00:00,1938.9256198555972,1940.2517907808171,1938.549277609208,1939.3009342534563
2024-01-20 11:20:00+00:00,1939.3009342534563,1941.9550227568752,1938.8897547418326,1941.0954147041587
2024-01-20 11:25:00+00:00,1941.0954147041587,1941.4957538133074,1940.2392636056722,1940.8684182242225
2024-01-20 11:30:00+00:00,1940.8684182242225,1941.6478840436416,1939.9491488196797,1940.9642413521653
2024-01-20 11:35:00+00:00,1940.9642413521653,1941.7900948871188,1940.3404433041576,1940.4906864195243
2024-01-20 11:40:00+00:00,1940.4906864195243,1942.138783189456,1939.60505320985,1941.5805200130283
2024-01-20 11:45:00+00:00,1941.5805200130283,1942.345815135502,1940.8144642340771,1942.0365118700995
2024-01-20 11:50:00+00:00,1942.0365118700995,1943.0082565721364,1941.564182870667,1942.399114021344
2024-01-20 11:55:00+00:00,1942.399114021344,1944.4234490447732,1941.833198049669,1944.120043170697
2024-01-20 12:00:00+00:00,1944.120043170697,1945.057520264714,1944.0067032577888,1944.398955402742
2024-01-20 12:05:00+00:00,1944.398955402742,1945.527455627355,1943.9316713044468,1944.6621414453562
2024-01-20 12:10:00+00:00,1944.6621414453562,1945.0238896145522,1942.98170699901,1943.5007660807878
2024-01-20 12:15:00+00:00,1943.5007660807878,1944.2398764341194,1941.587547735997,1941.947487023623
2024-01-20 12:20:00+00:00,1941.947487023623,1942.1605313307416,1940.6292857458948,1941.5049149040933
2024-01-20 12:25:00+00:00,1941.5049149040933,1941.7252600950872,1940.5451860751946,1941.6159085616698
2024-01-20 12:30:00+00:00,1941.6159085616698,1942.1450173207534,1940.4506469918788,1940.6516485766235
2024-01-20 12:35:00+00:00,1940.6516485766235,1941.5967505743429,1938.922289584301,1939.811015645805
2024-01-20 12:40:00+00:00,1939.811015645805,1941.4536045619272,1938.9620430711793,1940.5139855167179
2024-01-20 12:45:00+00:00,1940.5139855167179,1940.742901921963,1939.863388045692,1940.0243455717105
2024-01-20 12:50:00+00:00,1940.0243455717105,1940.3094358373614,1939.1157859277555,1939.5189636509128
2024-01-20 12:55:00+00:00,1939.5189636509128,1940.0103481205867,1938.8945464380668,1939.23316477557
2024-01-20 13:00:00+00:00,1939.23316477557,1940.0286780246436,1937.9930637653454,1938.2693037685376
2024-01-20 13:05:00+00:00,1938.2693037685376,1939.9309259510553,1938.0833631301164,1939.0680909174557
2024-01-20 13:10:00+00:00,1939.0680909174557,1941.2704644840856,1938.5902777600656,1940.379404275166
2024-01-20 13:15:00+00:00,1940.379404275166,1941.5901760200127,1940.1275105037028,1941.3394010939696
2024-01-20 13:20:00+00:00,1941.3394010939696,1943.1296172562613,1940.839227788474,1942.7486271928215
2024-01-20 13:25:00+00:00,1942.7486271928215,1943.6444797945937,1940.322971181459,1940.9958950079706
2024-01-20 13:30:00+00:00,1940.9958950079706,1942.1243463326357,1940.4792922237832,1941.8363860002976
2024-01-20 13:35:00+00:00,1941.8363860002976,1942.3296283257127,1941.2200514223323,1941.7423935709062
2024-01-20 13:40:00+00:00,1941.7423935709062,1943.484590025387,1941.1807589219525,1943.0103114273772
2024-01-20 13:45:00+00:00,1943.0103114273772,1943.8720079620036,1941.7500048830486,1942.4553012341746
2024-01-20 13:50:00+00:00,1942.4553012341746,1944.0883158309023,1941.6610908536773,1943.2175906125074
2024-01-20 13:55:00+00:00,1943.2175906125074,1945.3086149043065,1942.6954151919615,1944.854283362993
2024-01-20 14:00:00+00:00,1944.854283362993,1945.708267465848,1944.2722401943843,1945.44308914158
2024-01-20 14:05:00+00:00,1945.44308914158,1946.098479767681,1944.6497756903777,1945.6019778823215
2024-01-20 14:10:00+00:00,1945.6019778823215,1946.3317652235537,1945.2236078712974,1945.5004615221935
2024-01-20 14:15:00+00:00,1945.5004615221935,1946.9655198772193,1945.1348118002486,1946.0221703395741
2024-01-20 14:20:00+00:00,1946.0221703395741,1946.9457793789113,1945.7871927455087,1945.9015469527317
2024-01-20 14:25:00+00:00,1945.9015469527317,1946.6913261446289,1944.308935895575,1944.9035368093748
2024-01-20 14:30:00+00:00,1944.9035368093748,1945.928257833065,1944.368132153592,1945.5186667810942
2024-01-20 14:35:00+00:00,1945.5186667810942,1947.4320612944655,1944.8829878832005,1947.07398702577
2024-01-20 14:40:00+00:00,1947.07398702577,1948.2910874776433,1946.4507490468116,1947.4903401973102
2024-01-20 14:45:00+00:00,1947.4903401973102,1949.03978917691,1947.0449152584372,1948.523481938709
2024-01-20 14:50:00+00:00,1948.523481938709,1950.1236284638699,1947.7403869940692,1949.6870568295767
2024-01-20 14:55:00+00:00,1949.6870568295767,1950.7088701915357,1949.462717987498,1949.7903555033795
2024-01-20 15:00:00+00:00,1949.7903555033795,1950.5856953055675,1949.68273331718,1949.7973645018544
2024-01-20 15:05:00+00:00,1949.7973645018544,1950.7394602078555,1948.1687583846956,1949.1377524618686
2024-01-20 15:10:00+00:00,1949.1377524618686,1949.5299108071597,1948.7526780295482,1949.4148442117641
2024-01-20 15:15:00+00:00,1949.4148442117641,1950.6782931471976,1948.5998791475868,1949.9369554383377
2024-01-20 15:20:00+00:00,1949.9369554383377,1950.7757000284605,1948.5838888521941,1949.1615983802626
2024-01-20 15:25:00+00:00,1949.1615983802626,1950.0062483492056,1948.7553618190857,1948.9686725576578
2024-01-20 15:30:00+00:00,1948.9686725576578,1950.4747068741895,1948.7306365481882,1949.9885737700283
2024-01-20 15:35:00+00:00,1949.9885737700283,1950.6892662466348,1948.5123370843191,1949.4616703135684
2024-01-20 15:40:00+00:00,1949.4616703135684,1950.3479677751134,1948.7504584010437,1950.1993562959335
2024-01-20 15:45:00+00:00,1950.1993562959335,1950.9019438246173,1949.9914750189698,1950.605017502975
2024-01-20 15:50:00+00:00,1950.605017502975,1951.1325517801808,1949.4100312528315,1950.3980419292973
2024-01-20 15:55:00+00:00,1950.3980419292973,1951.7052095391664,1949.9186402272594,1951.2724121051342
2024-01-20 16:00:00+00:00,1951.2724121051342,1952.0244890982694,1950.5148207160917,1951.8988659996644
2024-01-20 16:05:00+00:00,1951.8988659996644,1952.3680684853068,1951.7135460463107,1951.91825106942
2024-01-20 16:10:00+00:00,1951.91825106942,1952.2400444784519,1951.051406950004,1952.0787826491244
2024-01-20 16:15:00+00:00,1952.0787826491244,1953.0560212223202,1951.33798198812,1952.5050282944883
2024-01-20 16:20:00+00:00,1952.5050282944883,1953.4617277268333,1951.806773947059,1953.0248071774436
2024-01-20 16:25:00+00:00,1953.0248071774436,1954.4237017299756,1952.0695017635328,1953.4907704978898
2024-01-20 16:30:00+00:00,1953.4907704978898,1954.8772584242079,1953.1849705505263,1954.2031661960627
2024-01-20 16:35:00+00:00,1954.2031661960627,1954.6095774771277,1953.2658171147903,1953.828070479806
2024-01-20 16:40:00+00:00,1953.828070479806,1955.9341560083342,1952.990769771071,1955.225825394166
2024-01-20 16:45:00+00:00,1955.225825394166,1955.7538241276313,1954.8584048864254,1955.2085811283525
2024-01-20 16:50:00+00:00,1955.2085811283525,1955.6263668702431,1954.1315786046903,1955.1226070874964
2024-01-20 16:55:00+00:00,1955.1226070874964,1956.5458231655307,1954.2984545961995,1956.3734475898832
2024-01-20 17:00:00+00:00,1956.3734475898832,1957.99426676367,1955.8607608482378,1957.348849453327
2024-01-20 17:05:00+00:00,1957.348849453327,1958.3236062379128,1955.0568622673156,1955.7509524241464
2024-01-20 17:10:00+00:00,1955.7509524241464,1956.4657006106245,1955.0905008536897,1955.8224005777147
2024-01-20 17:15:00+00:00,1955.8224005777147,1956.7331889577454,1955.1795225671885,1956.587627847768
2024-01-20 17:20:00+00:00,1956.587627847768,1957.4431657888072,1955.8351429327129,1957.1518490100839
2024-01-20 17:25:00+00:00,1957.1518490100839,1957.5549770251655,1955.1553688663741,1955.7234679522312
2024-01-20 17:30:00+00:00,1955.7234679522312,1956.573934985889,1954.8146820711754,1955.1648216647961
2024-01-20 17:35:00+00:00,1955.1648216647961,1956.1526593274118,1954.3272553843738,1954.5431990277548
2024-01-20 17:40:00+00:00,1954.5431990277548,1955.705719905334,1953.9163696049902,1955.1828864020629
2024-01-20 17:45:00+00:00,1955.1828864020629,1956.6844461030566,1954.411294200961,1956.0391685718505
2024-01-20 17:50:00+00:00,1956.0391685718505,1956.719319121394,1955.8951180980562,1956.4399158260615
2024-01-20 17:55:00+00:00,1956.4399158260615,1957.0742889455062,1955.5688680623389,1956.484199444757
2024-01-20 18:00:00+00:00,1956.484199444757,1957.1150147377816,1955.1520422802544,1955.8305115612536
2024-01-20 18:05:00+00:00,1955.8305115612536,1957.3062593576383,1955.5819105863968,1956.870436764786
2024-01-20 18:10:00+00:00,1956.870436764786,1957.7644978823455,1954.8208521484523,1954.963478826747
2024-01-20 18:15:00+00:00,1954.963478826747,1955.7100357642994,1954.00835424277,1955.5271867411282
2024-01-20 18:20:00+00:00,1955.5271867411282,1956.6818128239245,1955.2879878987005,1956.144082064354
2024-01-20 18:25:00+00:00,1956.144082064354,1957.3459767679028,1955.9482585447774,1956.4950976426262
2024-01-20 18:30:00+00:00,1956.4950976426262,1956.83309828747,1955.6242491528747,1956.5647924935245
2024-01-20 18:35:00+00:00,1956.5647924935245,1956.8884399988804,1956.0412604611247,1956.7666968654178
2024-01-20 18:40:00+00:00,1956.7666968654178,1958.0950948337136,1956.5675867831621,1957.4415011606754
2024-01-20 18:45:00+00:00,1957.4415011606754,1958.2976126748915,1956.1668772642377,1956.9180221663753
2024-01-20 18:50:00+00:00,1956.9180221663753,1958.1943711814956,1956.2229336925716,1957.6493930705985
2024-01-20 18:55:00+00:00,1957.6493930705985,1958.529945269981,1957.4900217893924,1957.7239027327878
2024-01-20 19:00:00+00:00,1957.7239027327878,1958.127882126342,1957.2761782343698,1957.8812913528375
2024-01-20 19:05:00+00:00,1957.8812913528375,1958.2565116457843,1954.6848897262912,1955.5569360381921
2024-01-20 19:10:00+00:00,1955.5569360381921,1955.7668436834106,1953.7534050508532,1954.4266966446878
2024-01-20 19:15:00+00:00,1954.4266966446878,1955.208429075248,1953.3524780449588,1954.2919658532744
2024-01-20 19:20:00+00:00,1954.2919658532744,1954.761049528429,1952.903975887682,1953.7626151602958
2024-01-20 19:25:00+00:00,1953.7626151602958,1954.7810989961465,1953.1603849561407,1954.644572667896
2024-01-20 19:30:00+00:00,1954.644572667896,1955.2517140927077,1952.5550831941605,1953.3663562117626
2024-01-20 19:35:00+00:00,1953.3663562117626,1955.001296567251,1952.4942334603818,1954.5139761117264
2024-01-20 19:40:00+00:00,1954.5139761117264,1955.9595684099977,1953.8027563801238,1955.3012042597122
2024-01-20 19:45:00+00:00,1955.3012042597122,1956.4388017989356,1954.4968708698673,1955.558689277182
2024-01-20 19:50:00+00:00,1955.558689277182,1955.7207872321492,1954.8401645894462,1955.178537334786
2024-01-20 19:55:00+00:00,1955.178537334786,1956.077221108505,1953.8938362658228,1954.1890089480567
2024-01-20 20:00:00+00:00,1954.1890089480567,1954.6908596225783,1952.7669961138681,1953.1552948110375
2024-01-20 20:05:00+00:00,1953.1552948110375,1953.9403354141587,1952.2333184006895,1952.5659947339107
2024-01-20 20:10:00+00:00,1952.5659947339107,1952.9833756396124,1952.0261494399788,1952.6115547735665
2024-01-20 20:15:00+00:00,1952.6115547735665,1953.8749667635661,1951.868892134511,1953.2695865328083
2024-01-20 20:20:00+00:00,1953.2695865328083,1954.793074228045,1952.317001910424,1953.9640988231295
2024-01-20 20:25:00+00:00,1953.9640988231295,1955.697381047955,1953.0418263801691,1954.99097703822
2024-01-20 20:30:00+00:00,1954.99097703822,1956.6450457575766,1954.1786661312988,1955.9695587129106
2024-01-20 20:35:00+00:00,1955.9695587129106,1956.3795839786765,1955.2894137330131,1955.4004320920571
2024-01-20 20:40:00+00:00,1955.4004320920571,1955.919746462313,1954.2155048471188,1954.9762776131406
2024-01-20 20:45:00+00:00,1954.9762776131406,1956.6974806909068,1954.5733091818317,1955.9970784625227
2024-01-20 20:50:00+00:00,1955.9970784625227,1956.880597666638,1954.834232384154,1955.3283776726537
2024-01-20 20:55:00+00:00,1955.3283776726537,1956.5016607643238,1954.8101303882695,1956.3029231017574
2024-01-20 21:00:00+00:00,1956.3029231017574,1956.830176245339,1956.0171880365128,1956.407521091297
2024-01-20 21:05:00+00:00,1956.407521091297,1956.6759083319723,1954.5863633586105,1955.2261008765606
2024-01-20 21:10:00+00:00,1955.2261008765606,1956.6140535184295,1954.9240641762137,1955.6843609645553
2024-01-20 21:15:00+00:00,1955.6843609645553,1956.8204581982957,1955.4929027558444,1955.9450659596796
2024-01-20 21:20:00+00:00,1955.9450659596796,1956.2133326191115,1954.4669192395497,1955.278968882785
2024-01-20 21:25:00+00:00,1955.278968882785,1955.9803208801195,1953.0281656215752,1953.1845973510833
2024-01-20 21:30:00+00:00,1953.1845973510833,1953.7461789505858,1952.3643940613943,1953.4954902043191
2024-01-20 21:35:00+00:00,1953.4954902043191,1954.2332532702335,1952.5494213013396,1953.953682066096
2024-01-20 21:40:00+00:00,1953.953682066096,1955.0823065101042,1953.6108655712449,1954.754591560437
2024-01-20 21:45:00+00:00,1954.754591560437,1955.8665895398863,1954.2248531152018,1955.1943631937781
2024-01-20 21:50:00+00:00,1955.1943631937781,1955.3058440431146,1954.2007142724835,1954.6126533005884
2024-01-20 21:55:00+00:00,1954.6126533005884,1955.4470286294447,1952.3545090045864,1953.171720857448
2024-01-20 22:00:00+00:00,1953.171720857448,1953.5949622112175,1952.4767790851117,1953.1161382027972
2024-01-20 22:05:00+00:00,1953.1161382027972,1954.2328409687987,1952.4909422938738,1954.0461861764556
2024-01-20 22:10:00+00:00,1954.0461861764556,1954.9148969737666,1953.0547638091925,1954.0182601361705
2024-01-20 22:15:00+00:00,1954.0182601361705,1954.665832924446,1952.4585065248154,1952.9809557589458
2024-01-20 22:20:00+00:00,1952.9809557589458,1953.1703964363694,1951.1993059840224,1951.533656140613
2024-01-20 22:25:00+00:00,1951.533656140613,1951.7484856244469,1948.536718098191,1949.226599172428
2024-01-20 22:30:00+00:00,1949.226599172428,1950.2855644749814,1948.9389542568733,1949.4574017316495
2024-01-20 22:35:00+00:00,1949.4574017316495,1950.7631136724478,1948.9616647461817,1949.9219119219058
2024-01-20 22:40:00+00:00,1949.9219119219058,1950.7139771728007,1947.3308325942965,1948.0327854478878
2024-01-20 22:45:00+00:00,1948.0327854478878,1948.222721169085,1946.5874563947457,1947.5416825578625
2024-01-20 22:50:00+00:00,1947.5416825578625,1949.145236938533,1946.9729777889697,1948.87418427611
2024-01-20 22:55:00+00:00,1948.87418427611,1949.0634837576613,1946.760446952751,1947.015075096497
2024-01-20 23:00:00+00:00,1947.015075096497,1948.7845176464084,1946.3860695451374,1948.4150209771387
2024-01-20 23:05:00+00:00,1948.4150209771387,1950.1802510664265,1948.001824661197,1949.5190525259677
2024-01-20 23:10:00+00:00,1949.5190525259677,1950.647141990528,1949.3567315848163,1950.3539382656222
2024-01-20 23:15:00+00:00,1950.3539382656222,1951.0315159479685,1949.6976747480705,1950.8640724133986
2024-01-20 23:20:00+00:00,1950.8640724133986,1952.1761005301198,1950.1207372423332,1951.3828691998358
2024-01-20 23:25:00+00:00,1951.3828691998358,1952.5745142568126,1951.198309409856,1952.0215225645097
2024-01-20 23:30:00+00:00,1952.0215225645097,1954.4245174492812,1951.8061878710162,1953.5720536890767
2024-01-20 23:35:00+00:00,1953.5720536890767,1954.3706886138189,1951.7110025759446,1952.6419390143467
2024-01-20 23:40:00+00:00,1952.6419390143467,1952.7487653357914,1950.720277619146,1951.1187899974793
2024-01-20 23:45:00+00:00,1951.1187899974793,1952.0448055114766,1948.8130274963753,1949.400518849781
2024-01-20 23:50:00+00:00,1949.400518849781,1950.3010317189055,1949.297400303411,1949.6714074272056
2024-01-20 23:55:00+00:00,1949.6714074272056,1951.5050344205415,1949.3207456160692,1950.6590418755086
2024-01-21 00:00:00+00:00,1950.6590418755086,1950.976917068411,1949.7043654172398,1950.0780910347594
2024-01-21 00:05:00+00:00,1950.0780910347594,1950.7040134114366,1949.7502647856718,1950.5279650244509
2024-01-21 00:10:00+00:00,1950.5279650244509,1951.6431629804533,1950.3525525450088,1950.7880587305222
2024-01-21 00:15:00+00:00,1950.7880587305222,1952.0692234640155,1950.4920811521708,1951.9053021883478
2024-01-21 00:20:00+00:00,1951.9053021883478,1953.0098680555857,1951.205358032018,1952.634886269607
2024-01-21 00:25:00+00:00,1952.634886269607,1953.5211292415238,1952.2465392773001,1953.0823384416333
2024-01-21 00:30:00+00:00,1953.0823384416333,1953.420194869767,1951.6922895636578,1952.5510972740128
2024-01-21 00:35:00+00:00,1952.5510972740128,1953.4337453863568,1951.4031463351944,1952.2764322235687
2024-01-21 00:40:00+00:00,1952.2764322235687,1953.8041403536783,1951.3027443324656,1953.1445390086717
2024-01-21 00:45:00+00:00,1953.1445390086717,1953.5724025772013,1952.74638016068,1953.3615720020778
2024-01-21 00:50:00+00:00,1953.3615720020778,1955.5331028253138,1952.632341852295,1954.612020007574
2024-01-21 00:55:00+00:00,1954.612020007574,1955.341179228893,1953.3341948434731,1954.1141053745232
2024-01-21 01:00:00+00:00,1954.1141053745232,1955.2121392326314,1953.1691653764888,1955.0390346865033
2024-01-21 01:05:00+00:00,1955.0390346865033,1955.395398563906,1954.276099085024,1954.9376580214405
2024-01-21 01:10:00+00:00,1954.9376580214405,1955.9493483330755,1954.0288947832735,1955.378551019033
2024-01-21 01:15:00+00:00,1955.378551019033,1956.1588808391577,1953.759959537803,1953.8974362597332
2024-01-21 01:20:00+00:00,1953.8974362597332,1954.9082965049372,1953.4181196084169,1954.5767761918553
2024-01-21 01:25:00+00:00,1954.5767761918553,1955.474710867434,1953.3919732933966,1953.8280190890898
2024-01-21 01:30:00+00:00,1953.8280190890898,1955.3842243096738,1953.6502328530457,1954.9552919690989
2024-01-21 01:35:00+00:00,1954.9552919690989,1956.703313009517,1954.6671474495047,1955.7898133122558
2024-01-21 01:40:00+00:00,1955.7898133122558,1955.9575457914734,1954.8363150978648,1955.2849711560643
2024-01-21 01:45:00+00:00,1955.2849711560643,1957.4390499076108,1955.033992902101,1956.6734958168513
2024-01-21 01:50:00+00:00,1956.6734958168513,1958.4277980011393,1956.3206090785845,1958.097866395587
2024-01-21 01:55:00+00:00,1958.097866395587,1960.195867623456,1957.596314996153,1959.7315766339466
2024-01-21 02:00:00+00:00,1959.7315766339466,1961.5802554507327,1959.4530319406417,1960.9124792247621
2024-01-21 02:05:00+00:00,1960.9124792247621,1961.4127779059997,1960.0032623874731,1960.6649888043664
2024-01-21 02:10:00+00:00,1960.6649888043664,1962.6224063346267,1959.9320064702974,1962.0415987314034
2024-01-21 02:15:00+00:00,1962.0415987314034,1962.7826834906725,1960.6744398252229,1961.0057560246564
2024-01-21 02:20:00+00:00,1961.0057560246564,1961.2849238962006,1959.9899396676408,1960.7989372558702
2024-01-21 02:25:00+00:00,1960.7989372558702,1962.1699693944113,1960.0671851585764,1961.1853367483263
2024-01-21 02:30:00+00:00,1961.1853367483263,1962.008988962174,1959.4813904589257,1959.82778955464
2024-01-21 02:35:00+00:00,1959.82778955464,1961.9057207579403,1959.438713369211,1960.9909322666222
2024-01-21 02:40:00+00:00,1960.9909322666222,1961.9054504011644,1960.7411506882233,1961.6365474297418
2024-01-21 02:45:00+00:00,1961.6365474297418,1962.2204947338896,1960.8516793617428,1961.6059290590022
2024-01-21 02:50:00+00:00,1961.6059290590022,1962.2043781328011,1959.3122303454338,1959.7752327436392
2024-01-21 02:55:00+00:00,1959.7752327436392,1960.2629969165312,1959.1297781157673,1959.2615489680836
2024-01-21 03:00:00+00:00,1959.2615489680836,1960.6591938678207,1958.6597646576097,1960.0672421909333
2024-01-21 03:05:00+00:00,1960.0672421909333,1961.4795867043142,1959.190048775225,1960.7343258140884
2024-01-21 03:10:00+00:00,1960.7343258140884,1961.4787484293172,1959.2841151661955,1960.0108686513709
2024-01-21 03:15:00+00:00,1960.0108686513709,1960.369445044535,1958.5891949905888,1958.9307608922888
2024-01-21 03:20:00+00:00,1958.9307608922888,1959.1687288724418,1958.26119908383,1959.03600035944
2024-01-21 03:25:00+00:00,1959.03600035944,1959.3395743733022,1957.6376658138843,1958.074513545667
2024-01-21 03:30:00+00:00,1958.074513545667,1958.1839994211389,1956.0871847963929,1956.699899608296
2024-01-21 03:35:00+00:00,1956.699899608296,1958.32651428166,1956.1379326212377,1958.0750635004795
2024-01-21 03:40:00+00:00,1958.0750635004795,1958.3306776299692,1957.5767538351986,1958.1563871652297
2024-01-21 03:45:00+00:00,1958.1563871652297,1959.3869293865873,1957.6529473614644,1958.5600986017948
2024-01-21 03:50:00+00:00,1958.5600986017948,1959.2762361146663,1957.5253059628628,1958.4121328425451
2024-01-21 03:55:00+00:00,1958.4121328425451,1959.5319111898762,1958.0457617023187,1959.3436288991456
2024-01-21 04:00:00+00:00,1959.3436288991456,1960.6085394104325,1959.0546439442537,1960.2836091025874
2024-01-21 04:05:00+00:00,1960.2836091025874,1960.4789214269347,1959.5775091540065,1960.2136406275672
2024-01-21 04:10:00+00:00,1960.2136406275672,1960.7809618650224,1959.456638005913,1959.8972063904957
2024-01-21 04:15:00+00:00,1959.8972063904957,1960.7338457409355,1959.3173606513858,1959.6061867053415
2024-01-21 04:20:00+00:00,1959.6061867053415,1960.6601220540983,1959.3353229812765,1960.4834928044982
2024-01-21 04:25:00+00:00,1960.4834928044982,1960.9615198291629,1959.9204032493892,1960.6746127494562
2024-01-21 04:30:00+00:00,1960.6746127494562,1961.5374467200263,1958.7989192870957,1959.6751428856746
2024-01-21 04:35:00+00:00,1959.6751428856746,1961.0980792813407,1958.898074482802,1960.937978818937
2024-01-21 04:40:00+00:00,1960.937978818937,1961.9110097591413,1960.3388501523525,1961.0310500746796
2024-01-21 04:45:00+00:00,1961.0310500746796,1962.224783777096,1960.3637057186518,1961.5464933379642
2024-01-21 04:50:00+00:00,1961.5464933379642,1963.287046499028,1961.1065223611297,1962.8941358121829
2024-01-21 04:55:00+00:00,1962.8941358121829,1963.6604491199014,1962.4771340966802,1963.4194910121416
2024-01-21 05:00:00+00:00,1963.4194910121416,1964.8616308977425,1962.8653633998324,1964.2238436703942
2024-01-21 05:05:00+00:00,1964.2238436703942,1964.5946064144011,1963.5315160523949,1964.2189789784295
2024-01-21 05:10:00+00:00,1964.2189789784295,1965.2648850647774,1963.7448417644728,1964.8264302106998
2024-01-21 05:15:00+00:00,1964.8264302106998,1966.4818541109012,1963.986662947387,1965.7058837691334
2024-01-21 05:20:00+00:00,1965.7058837691334,1966.5783318742501,1965.1805139544506,1966.13028245288
2024-01-21 05:25:00+00:00,1966.13028245288,1967.1288213737548,1965.3157783489542,1966.1204899179354
2024-01-21 05:30:00+00:00,1966.1204899179354,1967.1109432373962,1965.131853367189,1966.0372672152944
2024-01-21 05:35:00+00:00,1966.0372672152944,1967.0119781754127,1965.0828461165952,1965.8647254255468
2024-01-21 05:40:00+00:00,1965.8647254255468,1966.2599492910597,1964.9182702977826,1966.1573674218291
2024-01-21 05:45:00+00:00,1966.1573674218291,1966.6683367089865,1965.0211171647366,1965.7956383979774
2024-01-21 05:50:00+00:00,1965.7956383979774,1967.0484058866016,1965.0437158932943,1966.361642162646
2024-01-21 05:55:00+00:00,1966.361642162646,1966.8689909702257,1965.2594231638313,1966.0188155997637
2024-01-21 06:00:00+00:00,1966.0188155997637,1967.1772976876257,1965.3938494318306,1966.9749914166284
2024-01-21 06:05:00+00:00,1966.9749914166284,1967.931130575709,1966.084588136968,1967.1456444148303
2024-01-21 06:10:00+00:00,1967.1456444148303,1967.3915967348012,1965.7784487138313,1966.6340251630586
2024-01-21 06:15:00+00:00,1966.6340251630586,1967.4656219532148,1965.8094468225067,1967.0830883893427
2024-01-21 06:20:00+00:00,1967.0830883893427,1967.4833599153126,1965.4516062811133,1966.1799073338775
2024-01-21 06:25:00+00:00,1966.1799073338775,1969.3012369035928,1965.4644859430189,1968.9139979595527
2024-01-21 06:30:00+00:00,1968.9139979595527,1969.8516626420023,1967.7639451973184,1968.3599997670726
2024-01-21 06:35:00+00:00,1968.3599997670726,1968.9174374495824,1968.0416807412648,1968.2981246575193
2024-01-21 06:40:00+00:00,1968.2981246575193,1970.229714834146,1967.8418238742036,1969.611548732994
2024-01-21 06:45:00+00:00,1969.611548732994,1969.7520246322588,1968.4952957183127,1969.1763234290097
2024-01-21 06:50:00+00:00,1969.1763234290097,1970.086827088326,1967.54054288965,1968.419253060813
2024-01-21 06:55:00+00:00,1968.419253060813,1969.4085191703095,1967.0310845681734,1967.609001878286
2024-01-21 07:00:00+00:00,1967.609001878286,1969.173766584854,1966.7459018344314,1968.672195983019
2024-01-21 07:05:00+00:00,1968.672195983019,1969.2202326383488,1967.440702633908,1967.7262230764484
2024-01-21 07:10:00+00:00,1967.7262230764484,1969.6501379984456,1967.084006704165,1969.2846395946149
2024-01-21 07:15:00+00:00,1969.2846395946149,1970.6074299641095,1968.972845097057,1969.891210281861
2024-01-21 07:20:00+00:00,1969.891210281861,1970.0835513245033,1969.0999900558502,1969.8358574191582
2024-01-21 07:25:00+00:00,1969.8358574191582,1971.461942817423,1969.5483357025164,1970.899554518995
2024-01-21 07:30:00+00:00,1970.899554518995,1971.6577585593677,1970.6251548987234,1970.9521853823303
2024-01-21 07:35:00+00:00,1970.9521853823303,1971.5900545247666,1969.888896112138,1970.756187494282
2024-01-21 07:40:00+00:00,1970.756187494282,1970.9123001177873,1969.3148501590267,1969.6860797732782
2024-01-21 07:45:00+00:00,1969.6860797732782,1970.489039268788,1968.3070289555665,1968.4611980706886
2024-01-21 07:50:00+00:00,1968.4611980706886,1969.1481546068676,1967.5777387531732,1968.7256079637914
2024-01-21 07:55:00+00:00,1968.7256079637914,1969.1040312041057,1966.6294162956494,1966.9709316632996
2024-01-21 08:00:00+00:00,1966.9709316632996,1967.2900738727421,1965.285570235139,1965.6209277785274
2024-01-21 08:05:00+00:00,1965.6209277785274,1966.5066754297543,1963.6272189889214,1964.290683081786
2024-01-21 08:10:00+00:00,1964.290683081786,1964.5847829690517,1963.5988394418785,1964.2639646696803
2024-01-21 08:15:00+00:00,1964.2639646696803,1964.5731325476052,1962.2964644179192,1963.0553669387145
2024-01-21 08:20:00+00:00,1963.0553669387145,1963.9170416561112,1962.580203500449,1962.9076042479933
2024-01-21 08:25:00+00:00,1962.9076042479933,1965.5569999990005,1962.043784917803,1965.165728071363
2024-01-21 08:30:00+00:00,1965.165728071363,1965.9935045329805,1964.2172465273502,1965.1933187774423
2024-01-21 08:35:00+00:00,1965.1933187774423,1967.3317180743088,1964.8653667926644,1966.7572626444187
2024-01-21 08:40:00+00:00,1966.7572626444187,1967.6228360323748,1965.953457553307,1966.8898548228542
2024-01-21 08:45:00+00:00,1966.8898548228542,1967.4148283625084,1964.9704247189852,1965.90282064575
2024-01-21 08:50:00+00:00,1965.90282064575,1966.374853727063,1964.7638686463135,1965.3907885375897
2024-01-21 08:55:00+00:00,1965.3907885375897,1965.8892395195646,1963.8371377548508,1964.789639567213
2024-01-21 09:00:00+00:00,1964.789639567213,1965.4083716888056,1964.0116813538277,1965.1585657195833
2024-01-21 09:05:00+00:00,1965.1585657195833,1965.8611939506063,1964.8247124326979,1965.7438235900572
2024-01-21 09:10:00+00:00,1965.7438235900572,1966.469051339944,1965.308593989559,1965.875154694087
2024-01-21 09:15:00+00:00,1965.875154694087,1966.627145467966,1964.5181879172583,1965.4935391839658
2024-01-21 09:20:00+00:00,1965.4935391839658,1966.4823515181347,1964.4284021784488,1964.7655850734368
2024-01-21 09:25:00+00:00,1964.7655850734368,1965.464658382132,1963.7301960199889,1964.3671709755533
2024-01-21 09:30:00+00:00,1964.3671709755533,1964.8890580952836,1963.1301544734015,1963.542331312069
2024-01-21 09:35:00+00:00,1963.542331312069,1963.7948636045364,1962.6656381464245,1962.8019799465415
2024-01-21 09:40:00+00:00,1962.8019799465415,1965.4622781091052,1962.3046108749481,1964.9745277844222
2024-01-21 09:45:00+00:00,1964.9745277844222,1966.728315796531,1964.5716354201168,1965.7321526190237
2024-01-21 09:50:00+00:00,1965.7321526190237,1966.638066752565,1963.9996154032945,1964.7599469759211
2024-01-21 09:55:00+00:00,1964.7599469759211,1965.3378039337163,1964.6241373152823,1964.7339395948884
2024-01-21 10:00:00+00:00,1964.7339395948884,1965.1087317225154,1964.466007255225,1964.9910991039706
2024-01-21 10:05:00+00:00,1964.9910991039706,1965.9636467333962,1964.7974589189753,1964.9109533112835
2024-01-21 10:10:00+00:00,1964.9109533112835,1965.746378216435,1963.8547736050505,1964.261562640934
2024-01-21 10:15:00+00:00,1964.261562640934,1965.4314148173355,1963.9014266436002,1964.5327799724987
2024-01-21 10:20:00+00:00,1964.5327799724987,1965.418061598372,1964.096138234849,1964.6036832179204
2024-01-21 10:25:00+00:00,1964.6036832179204,1965.4865512632018,1963.7242929668403,1964.9879441935198
2024-01-21 10:30:00+00:00,1964.9879441935198,1966.3464051228323,1964.2288318286116,1965.9373866011997
2024-01-21 10:35:00+00:00,1965.9373866011997,1966.6372442339139,1965.2179098428933,1965.3986225521353
2024-01-21 10:40:00+00:00,1965.3986225521353,1965.6417944514537,1964.8760208074987,1965.522334071239
2024-01-21 10:45:00+00:00,1965.522334071239,1965.8799037629392,1964.5379223022896,1965.045034397692
2024-01-21 10:50:00+00:00,1965.045034397692,1965.3273979713902,1963.9993161797336,1964.225976107734
2024-01-21 10:55:00+00:00,1964.225976107734,1965.0023641112932,1963.1935108676023,1963.694808700381
2024-01-21 11:00:00+00:00,1963.694808700381,1964.4879464454416,1962.8344842345539,1963.829776989625
2024-01-21 11:05:00+00:00,1963.829776989625,1964.0446890204407,1962.9872852714477,1963.2748556748422
2024-01-21 11:10:00+00:00,1963.2748556748422,1964.1154157546912,1961.6462761891787,1962.3710404136689
2024-01-21 11:15:00+00:00,1962.3710404136689,1963.0852475854388,1960.6719514931287,1961.6704091760698
2024-01-21 11:20:00+00:00,1961.6704091760698,1962.1956473221578,1960.8137749462967,1961.7521740698633
2024-01-21 11:25:00+00:00,1961.7521740698633,1963.2667259753416,1961.166092930886,1962.971710582145
2024-01-21 11:30:00+00:00,1962.971710582145,1964.3398068627287,1962.7872628124899,1964.076254409956
2024-01-21 11:35:00+00:00,1964.076254409956,1964.1937273414412,1962.3068911086098,1962.630674578358
2024-01-21 11:40:00+00:00,1962.630674578358,1963.1948986254056,1961.5975382266663,1962.3156029945678
2024-01-21 11:45:00+00:00,1962.3156029945678,1963.6952391534803,1961.3706797686843,1962.7945093132278
2024-01-21 11:50:00+00:00,1962.7945093132278,1963.115499103542,1961.985688859436,1962.3884459458855
2024-01-21 11:55:00+00:00,1962.3884459458855,1962.521232344136,1961.2931697374047,1962.2170449600746
2024-01-21 12:00:00+00:00,1962.2170449600746,1963.0729671708286,1960.8452787618799,1961.3475024407223
2024-01-21 12:05:00+00:00,1961.3475024407223,1962.4133912870334,1960.8965195098363,1961.4535882635369
2024-01-21 12:10:00+00:00,1961.4535882635369,1961.8309528859747,1960.4578827547184,1961.3003722360882
2024-01-21 12:15:00+00:00,1961.3003722360882,1961.6712742870748,1959.7371054035898,1960.4988788465457
2024-01-21 12:20:00+00:00,1960.4988788465457,1961.0783979826867,1960.1396565726552,1960.9310106600876
2024-01-21 12:25:00+00:00,1960.9310106600876,1962.4702668138846,1960.1754562822614,1961.8193465665956
2024-01-21 12:30:00+00:00,1961.8193465665956,1962.7107272298474,1961.6525419189825,1962.219548442281
2024-01-21 12:35:00+00:00,1962.219548442281,1962.9446574383078,1960.7301890679926,1961.1743950942625
2024-01-21 12:40:00+00:00,1961.1743950942625,1961.5350451241525,1960.9269969050754,1961.3847569018258
2024-01-21 12:45:00+00:00,1961.3847569018258,1962.4757905778345,1961.2735558204017,1962.0508341866705
2024-01-21 12:50:00+00:00,1962.0508341866705,1963.9574676302893,1961.2268194955047,1963.0130394307112
2024-01-21 12:55:00+00:00,1963.0130394307112,1964.306212472283,1962.7265916308577,1964.0544777482426
2024-01-21 13:00:00+00:00,1964.0544777482426,1965.6397781056096,1963.4194836948209,1964.8646312892874
2024-01-21 13:05:00+00:00,1964.8646312892874,1965.1231592490774,1963.734288808105,1964.6778854245356
2024-01-21 13:10:00+00:00,1964.6778854245356,1965.627076932059,1963.7156621543234,1965.1103363779923
2024-01-21 13:15:00+00:00,1965.1103363779923,1965.9086965170507,1964.828438198877,1965.706943983186
2024-01-21 13:20:00+00:00,1965.706943983186,1965.8921601248064,1964.9592842610514,1965.7865334314936
2024-01-21 13:25:00+00:00,1965.7865334314936,1966.5309373172208,1965.517348656875,1966.0557641328048
2024-01-21 13:30:00+00:00,1966.0557641328048,1966.6275425171484,1964.1824779942708,1965.1252621083308
2024-01-21 13:35:00+00:00,1965.1252621083308,1965.6162176467342,1964.9630806151647,1965.3728746817162
2024-01-21 13:40:00+00:00,1965.3728746817162,1966.2078101156706,1964.1427510508656,1964.9596235607476
2024-01-21 13:45:00+00:00,1964.9596235607476,1965.207933618426,1964.3460729143728,1964.8069427511364
2024-01-21 13:50:00+00:00,1964.8069427511364,1966.9809823105738,1963.8487043524653,1966.300472428557
2024-01-21 13:55:00+00:00,1966.300472428557,1966.7276733214899,1965.5959505858375,1966.4794878983075
2024-01-21 14:00:00+00:00,1966.4794878983075,1967.570306834891,1966.3517399280324,1966.7348617443108
2024-01-21 14:05:00+00:00,1966.7348617443108,1967.1843818724385,1965.736222284503,1966.157829091876
2024-01-21 14:10:00+00:00,1966.157829091876,1966.3846187519396,1964.2031917220854,1964.8213812334645
2024-01-21 14:15:00+00:00,1964.8213812334645,1965.1796799718377,1962.8087448409706,1963.7293916713093
2024-01-21 14:20:00+00:00,1963.7293916713093,1964.1215048780527,1962.9919814006046,1963.411536268311
2024-01-21 14:25:00+00:00,1963.411536268311,1963.818557546288,1962.5677964045221,1963.1878501497504
2024-01-21 14:30:00+00:00,1963.1878501497504,1963.8792173265429,1960.6341710277425,1961.5692752342568
2024-01-21 14:35:00+00:00,1961.5692752342568,1961.7372881205217,1960.1388088594072,1960.9523686945251
2024-01-21 14:40:00+00:00,1960.9523686945251,1961.7545155662983,1960.6323379308956,1960.9308385337658
2024-01-21 14:45:00+00:00,1960.9308385337658,1961.5897206601628,1959.3977593724753,1960.1835778375967
2024-01-21 14:50:00+00:00,1960.1835778375967,1960.4191744904797,1959.4123547699585,1959.82504572087
2024-01-21 14:55:00+00:00,1959.82504572087,1960.3749335091613,1959.2569840674294,1959.90450860176
2024-01-21 15:00:00+00:00,1959.90450860176,1961.52236052056,1959.7715109858204,1960.9605678005776
2024-01-21 15:05:00+00:00,1960.9605678005776,1961.4251706990146,1960.789731915353,1961.2348825432257
2024-01-21 15:10:00+00:00,1961.2348825432257,1962.7744591783746,1960.7297678883622,1962.5576849776608
2024-01-21 15:15:00+00:00,1962.5576849776608,1962.8175778288792,1960.9206405119091,1961.3112883260296
2024-01-21 15:20:00+00:00,1961.3112883260296,1963.2096173726527,1960.3614872183052,1962.4317688962494
2024-01-21 15:25:00+00:00,1962.4317688962494,1962.8728451094546,1961.8344498388626,1962.251787295241
2024-01-21 15:30:00+00:00,1962.251787295241,1963.2198033886407,1961.264549574919,1963.1080083227848
2024-01-21 15:35:00+00:00,1963.1080083227848,1965.1792260824618,1962.9676803402572,1964.8476869207761
2024-01-21 15:40:00+00:00,1964.8476869207761,1966.1253221684194,1964.2100800887117,1965.6712962544973
2024-01-21 15:45:00+00:00,1965.6712962544973,1966.152777775176,1965.5668798234308,1966.0280583865188
2024-01-21 15:50:00+00:00,1966.0280583865188,1968.3719988431237,1965.1761184148625,1967.42406615206
2024-01-21 15:55:00+00:00,1967.42406615206,1968.1358956796641,1966.1914799341519,1966.9804626756427
2024-01-21 16:00:00+00:00,1966.9804626756427,1968.0071866811475,1966.133159841564,1967.8872064423374
2024-01-21 16:05:00+00:00,1967.8872064423374,1968.7654015302253,1967.6871725819435,1968.2167472960007
2024-01-21 16:10:00+00:00,1968.2167472960007,1968.8044317508068,1967.60498044525,1968.5428657804391
2024-01-21 16:15:00+00:00,1968.5428657804391,1969.0161964839554,1967.756893609026,1967.9948115072443
2024-01-21 16:20:00+00:00,1967.9948115072443,1969.170677702339,1967.660458383044,1968.2779481384148
2024-01-21 16:25:00+00:00,1968.2779481384148,1969.3021773356904,1967.8109481472072,1968.589312787076
2024-01-21 16:30:00+00:00,1968.589312787076,1968.9409512585169,1968.270706983198,1968.5609744807314
2024-01-21 16:35:00+00:00,1968.5609744807314,1969.1874847015479,1967.666126521738,1968.844235522592
2024-01-21 16:40:00+00:00,1968.844235522592,1969.0360661156137,1967.026156190853,1967.6034693182319
2024-01-21 16:45:00+00:00,1967.6034693182319,1969.2878210749573,1967.2031565795044,1968.4236042385974
2024-01-21 16:50:00+00:00,1968.4236042385974,1968.6557746388912,1967.2810468181199,1968.1907774115084
2024-01-21 16:55:00+00:00,1968.1907774115084,1968.525219213934,1967.4991963610819,1968.3971070497523
2024-01-21 17:00:00+00:00,1968.3971070497523,1968.6229645121425,1967.4743133543411,1967.826907958422
2024-01-21 17:05:00+00:00,1967.826907958422,1968.5308010854371,1966.8243244289583,1967.5065632928183
2024-01-21 17:10:00+00:00,1967.5065632928183,1967.7026924635804,1966.5337867200046,1966.9251994559295
2024-01-21 17:15:00+00:00,1966.9251994559295,1968.1885340965089,1966.4295702488303,1968.0261124588458
2024-01-21 17:20:00+00:00,1968.0261124588458,1968.4025703785524,1966.7021938826015,1967.2844913685744
2024-01-21 17:25:00+00:00,1967.2844913685744,1967.8456582423532,1966.0996733716536,1966.6111524853727
2024-01-21 17:30:00+00:00,1966.6111524853727,1966.8691096680964,1966.1862855828836,1966.4448389103966
2024-01-21 17:35:00+00:00,1966.4448389103966,1966.8550405225396,1964.4518905558173,1965.355960848685
2024-01-21 17:40:00+00:00,1965.355960848685,1965.6578537513512,1963.6589265259129,1964.4397892542572
2024-01-21 17:45:00+00:00,1964.4397892542572,1965.5815495990669,1964.2543894489763,1964.612920036677
2024-01-21 17:50:00+00:00,1964.612920036677,1965.6845237969455,1963.6776601445936,1964.8574539786716
2024-01-21 17:55:00+00:00,1964.8574539786716,1966.1042705165473,1964.4882969251712,1965.5129616496888
2024-01-21 18:00:00+00:00,1965.5129616496888,1966.2195600133734,1965.1147542862527,1965.8957262750366
2024-01-21 18:05:00+00:00,1965.8957262750366,1966.7355674468213,1964.6187512437796,1965.1133976368862
2024-01-21 18:10:00+00:00,1965.1133976368862,1965.5090436281948,1963.719442609578,1964.1775636037605
2024-01-21 18:15:00+00:00,1964.1775636037605,1965.4764621503007,1963.2663208434026,1965.0781481534887
2024-01-21 18:20:00+00:00,1965.0781481534887,1965.4630934562358,1962.9888065706275,1963.125961427949
2024-01-21 18:25:00+00:00,1963.125961427949,1964.1501757251579,1962.4737268114072,1963.247311134403
2024-01-21 18:30:00+00:00,1963.247311134403,1964.1034185331955,1962.4566838642108,1963.8342803715168
2024-01-21 18:35:00+00:00,1963.8342803715168,1965.0156036354372,1963.5945129650656,1964.8575962556529
2024-01-21 18:40:00+00:00,1964.8575962556529,1966.942212813821,1964.314850839307,1966.0510115277523
2024-01-21 18:45:00+00:00,1966.0510115277523,1967.587922076071,1965.5079479268584,1966.9897547763787
2024-01-21 18:50:00+00:00,1966.9897547763787,1969.5633449226455,1966.8527157285355,1968.6689557047443
2024-01-21 18:55:00+00:00,1968.6689557047443,1969.0571858595808,1966.5715288172055,1967.053543754373
2024-01-21 19:00:00+00:00,1967.053543754373,1967.3038022498106,1966.5784004666366,1966.779241936655
2024-01-21 19:05:00+00:00,1966.779241936655,1967.548841455918,1965.9666313834693,1967.069499088605
2024-01-21 19:10:00+00:00,1967.069499088605,1967.488554935934,1964.4269076101464,1965.0501560488317
2024-01-21 19:15:00+00:00,1965.0501560488317,1965.2727122420506,1963.5481505094326,1964.3612701159686
2024-01-21 19:20:00+00:00,1964.3612701159686,1966.320978655764,1963.7648890160815,1965.387735001873
2024-01-21 19:25:00+00:00,1965.387735001873,1965.9696546833645,1964.0853811675404,1964.7878511998408
2024-01-21 19:30:00+00:00,1964.7878511998408,1965.810732908063,1963.7909957963109,1965.6658753106249
2024-01-21 19:35:00+00:00,1965.6658753106249,1967.125076319306,1965.059768699683,1966.2226151916236
2024-01-21 19:40:00+00:00,1966.2226151916236,1967.4157554628105,1965.3169721285647,1967.2666847848886
2024-01-21 19:45:00+00:00,1967.2666847848886,1968.726736224131,1966.9540507855625,1967.9942468011466
2024-01-21 19:50:00+00:00,1967.9942468011466,1969.1322103971531,1967.401802633958,1968.4691817413118
2024-01-21 19:55:00+00:00,1968.4691817413118,1969.1735640224676,1967.6708755816383,1969.07081039723
2024-01-21 20:00:00+00:00,1969.07081039723,1969.6408029732027,1968.1496723147354,1968.2921667148341
2024-01-21 20:05:00+00:00,1968.2921667148341,1970.601300023729,1968.0900336396085,1969.7787735304585
2024-01-21 20:10:00+00:00,1969.7787735304585,1969.9233197500068,1969.2348081830842,1969.5742163759546
2024-01-21 20:15:00+00:00,1969.5742163759546,1970.0867789881904,1968.596681206072,1968.859183514358
2024-01-21 20:20:00+00:00,1968.859183514358,1969.5968122193622,1968.172684831806,1969.2685068822273
2024-01-21 20:25:00+00:00,1969.2685068822273,1969.5025842119435,1967.0590325789162,1968.0378887890186
2024-01-21 20:30:00+00:00,1968.0378887890186,1969.9885056555672,1967.5661111901295,1969.8878244455145
2024-01-21 20:35:00+00:00,1969.8878244455145,1972.87455805517,1969.224148283832,1972.0044684657562
2024-01-21 20:40:00+00:00,1972.0044684657562,1974.0018825689244,1971.7062856735288,1973.0735793183665
2024-01-21 20:45:00+00:00,1973.0735793183665,1973.5481131992296,1972.0186633020794,1972.2649014667045
2024-01-21 20:50:00+00:00,1972.2649014667045,1973.1110707767002,1971.5884956633636,1972.6892246376426
2024-01-21 20:55:00+00:00,1972.6892246376426,1973.2855675184862,1972.109780255884,1972.9618339393712
2024-01-21 21:00:00+00:00,1972.9618339393712,1973.787690634682,1971.7021125813212,1972.5206092483627
2024-01-21 21:05:00+00:00,1972.5206092483627,1973.472762275792,1972.1385010128324,1972.2910164227817
2024-01-21 21:10:00+00:00,1972.2910164227817,1973.624732635419,1971.5475842852547,1972.724115448878
2024-01-21 21:15:00+00:00,1972.724115448878,1972.995438670273,1971.989266242257,1972.3183476291035
2024-01-21 21:20:00+00:00,1972.3183476291035,1972.8566855627143,1971.3968315912455,1972.328646037061
2024-01-21 21:25:00+00:00,1972.328646037061,1972.832487433339,1971.6038715232876,1972.4104863041903
2024-01-21 21:30:00+00:00,1972.4104863041903,1973.035925243449,1971.114638462186,1971.333745119908
2024-01-21 21:35:00+00:00,1971.333745119908,1971.7977001874342,1970.280615381943,1971.0911078257648
2024-01-21 21:40:00+00:00,1971.0911078257648,1971.6719487386067,1970.3248812605075,1970.774562095666
2024-01-21 21:45:00+00:00,1970.774562095666,1972.5646702970996,1970.0389884252797,1972.2778809801246
2024-01-21 21:50:00+00:00,1972.2778809801246,1973.3362440048286,1971.5263098574762,1972.4657838609207
2024-01-21 21:55:00+00:00,1972.4657838609207,1973.8720197928951,1972.2562406120703,1972.9039294642646
2024-01-21 22:00:00+00:00,1972.9039294642646,1973.4260053943651,1972.7704632582913,1973.185594911104
2024-01-21 22:05:00+00:00,1973.185594911104,1974.1144726101957,1972.3759171640536,1973.251495483163
2024-01-21 22:10:00+00:00,1973.251495483163,1973.783390114295,1972.922912137365,1973.4004226534482
2024-01-21 22:15:00+00:00,1973.4004226534482,1974.0220174157123,1972.6052130752455,1973.3739362913714
2024-01-21 22:20:00+00:00,1973.3739362913714,1974.0187170986997,1970.7235675728336,1971.5770633370994
2024-01-21 22:25:00+00:00,1971.5770633370994,1971.9006914734555,1970.621690485975,1971.6841967444534
2024-01-21 22:30:00+00:00,1971.6841967444534,1972.1304985822724,1970.253197144273,1971.2042892354837
2024-01-21 22:35:00+00:00,1971.2042892354837,1971.5278500644529,1970.3445734561117,1971.0137988268796
2024-01-21 22:40:00+00:00,1971.0137988268796,1971.9941531518366,1969.2991228305075,1970.2361442400324
2024-01-21 22:45:00+00:00,1970.2361442400324,1971.1630860418454,1968.5801688068152,1969.4961320294253
2024-01-21 22:50:00+00:00,1969.4961320294253,1969.967679277649,1969.0250510220753,1969.5750850576237
2024-01-21 22:55:00+00:00,1969.5750850576237,1969.927076516482,1968.8118349523304,1969.2367128221554
2024-01-21 23:00:00+00:00,1969.2367128221554,1969.7927280881675,1968.5207092333856,1969.3555743891297
2024-01-21 23:05:00+00:00,1969.3555743891297,1970.3020946077777,1968.4362162349298,1969.6333096363205
2024-01-21 23:10:00+00:00,1969.6333096363205,1970.0755564595481,1969.130380244194,1969.6967516676007
2024-01-21 23:15:00+00:00,1969.6967516676007,1970.428891543152,1969.2749274909959,1969.8677507817076
2024-01-21 23:20:00+00:00,1969.8677507817076,1970.5739022522869,1968.9292670509344,1969.410534534785
2024-01-21 23:25:00+00:00,1969.410534534785,1969.8261684586237,1968.286971215072,1969.28655627454
2024-01-21 23:30:00+00:00,1969.28655627454,1970.2706268951617,1968.3877904012809,1969.9190003709382
2024-01-21 23:35:00+00:00,1969.9190003709382,1970.313106887338,1969.3997161105422,1969.8334222487854
2024-01-21 23:40:00+00:00,1969.8334222487854,1971.3611362389581,1969.2591809473608,1970.4281632592608
2024-01-21 23:45:00+00:00,1970.4281632592608,1970.6695586919973,1969.5877091770453,1970.556044446684
2024-01-21 23:50:00+00:00,1970.556044446684,1972.3458456926974,1969.5605250870994,1971.5323216480517
2024-01-21 23:55:00+00:00,1971.5323216480517,1972.151190841955,1970.1322898374842,1970.7399173263482
2024-01-22 00:00:00+00:00,1970.7399173263482,1971.4226037479773,1970.2811156437836,1971.0602645769263
2024-01-22 00:05:00+00:00,1971.0602645769263,1972.1070829221699,1970.4071865481621,1971.8822424329744
2024-01-22 00:10:00+00:00,1971.8822424329744,1972.398563397404,1971.1283120490928,1971.2729712030234
2024-01-22 00:15:00+00:00,1971.2729712030234,1971.894149384846,1970.357170743943,1971.478962079735
2024-01-22 00:20:00+00:00,1971.478962079735,1972.0350314172701,1971.2091267961034,1971.8569450852863
2024-01-22 00:25:00+00:00,1971.8569450852863,1972.374112290273,1971.5690074892357,1971.820205045632
2024-01-22 00:30:00+00:00,1971.820205045632,1973.3274204123086,1971.288958719876,1972.7141326163708
2024-01-22 00:35:00+00:00,1972.7141326163708,1973.423062280998,1972.231153371768,1973.0924327862917
2024-01-22 00:40:00+00:00,1973.0924327862917,1973.247940940897,1972.330883842451,1972.9517105194195
2024-01-22 00:45:00+00:00,1972.9517105194195,1974.6066536317994,1972.3146131465262,1973.7651300900445
2024-01-22 00:50:00+00:00,1973.7651300900445,1974.7703237300045,1973.632815781836,1974.1662816180894
2024-01-22 00:55:00+00:00,1974.1662816180894,1977.4175729829965,1973.9284106178848,1976.7389033510876
2024-01-22 01:00:00+00:00,1976.7389033510876,1976.948956944385,1974.639748932484,1975.4123570462577
2024-01-22 01:05:00+00:00,1975.4123570462577,1976.5861938093321,1975.1683210744338,1975.6203022176085
2024-01-22 01:10:00+00:00,1975.6203022176085,1976.210515692367,1975.4775976597155,1975.6414358899938
2024-01-22 01:15:00+00:00,1975.6414358899938,1976.1921491227697,1975.2375901398225,1975.696230607535
2024-01-22 01:20:00+00:00,1975.696230607535,1976.5455551256066,1973.1300992425197,1973.9712824942005
2024-01-22 01:25:00+00:00,1973.9712824942005,1974.8802715388351,1973.3626094702015,1974.1043833096553
2024-01-22 01:30:00+00:00,1974.1043833096553,1974.5989098346406,1973.203364543071,1973.6490946684341
2024-01-22 01:35:00+00:00,1973.6490946684341,1974.4952212223925,1973.0373325091948,1974.325127531611
2024-01-22 01:40:00+00:00,1974.325127531611,1974.5329770907806,1973.1853348405202,1973.393957113679
2024-01-22 01:45:00+00:00,1973.393957113679,1975.5473078170576,1972.8027437736955,1974.9428375106868
2024-01-22 01:50:00+00:00,1974.9428375106868,1975.5419143924216,1973.9810869278745,1974.9346012559377
2024-01-22 01:55:00+00:00,1974.9346012559377,1975.2434506006048,1973.9823400110413,1974.5286969154715
2024-01-22 02:00:00+00:00,1974.5286969154715,1975.0109000171517,1974.2854646957885,1974.8315332796292
2024-01-22 02:05:00+00:00,1974.8315332796292,1975.0060068562157,1972.9695146255722,1973.5650902316338
2024-01-22 02:10:00+00:00,1973.5650902316338,1974.1032633245004,1971.9489389933021,1972.6586713324132
2024-01-22 02:15:00+00:00,1972.6586713324132,1973.936128664453,1971.6836100487128,1973.190913108401
2024-01-22 02:20:00+00:00,1973.190913108401,1974.031316092611,1971.9506751036477,1972.9251267909892
2024-01-22 02:25:00+00:00,1972.9251267909892,1973.9771239198392,1972.7048580435928,1973.0041449968758
2024-01-22 02:30:00+00:00,1973.0041449968758,1973.3660358849693,1970.6191820526637,1971.0054272873494
2024-01-22 02:35:00+00:00,1971.0054272873494,1971.8807063643148,1968.800377679463,1969.7861576032356
2024-01-22 02:40:00+00:00,1969.7861576032356,1970.2451841350241,1968.118240163955,1968.2612380379394
2024-01-22 02:45:00+00:00,1968.2612380379394,1970.1089316251096,1967.8494409981565,1969.709313752534
2024-01-22 02:50:00+00:00,1969.709313752534,1969.8098330652354,1969.2267034281665,1969.53988746962
2024-01-22 02:55:00+00:00,1969.53988746962,1970.919969142157,1969.2961236221279,1970.6465355646094
2024-01-22 03:00:00+00:00,1970.6465355646094,1971.6075464661203,1969.5031620450816,1970.3675987218228
2024-01-22 03:05:00+00:00,1970.3675987218228,1971.8841320178333,1969.3789294366582,1971.2535670073132
2024-01-22 03:10:00+00:00,1971.2535670073132,1971.4098601846597,1970.3021493765514,1970.7261336996703
2024-01-22 03:15:00+00:00,1970.7261336996703,1971.5602357688174,1969.6167969852918,1970.2645524567909
2024-01-22 03:20:00+00:00,1970.2645524567909,1970.5950953144857,1969.206728222772,1970.0849410452736
2024-01-22 03:25:00+00:00,1970.0849410452736,1971.094320194166,1969.4681228878098,1970.105481325013
2024-01-22 03:30:00+00:00,1970.105481325013,1970.2953054804977,1967.6315372064207,1968.2604854286146
2024-01-22 03:35:00+00:00,1968.2604854286146,1968.5653146223422,1968.022851078563,1968.1851069703762
2024-01-22 03:40:00+00:00,1968.1851069703762,1969.1376178736948,1966.8338436021902,1967.274041415176
2024-01-22 03:45:00+00:00,1967.274041415176,1967.6630728091477,1966.1016607095542,1966.5958022879695
2024-01-22 03:50:00+00:00,1966.5958022879695,1966.8993914539403,1965.3685600166548,1966.2690089371679
2024-01-22 03:55:00+00:00,1966.2690089371679,1966.6745502719884,1965.2875977632557,1965.8365347864517
2024-01-22 04:00:00+00:00,1965.8365347864517,1966.344723686399,1965.1605723172975,1965.700717091264
2024-01-22 04:05:00+00:00,1965.700717091264,1966.884486276149,1965.48858508644,1966.5809244500113
2024-01-22 04:10:00+00:00,1966.5809244500113,1968.3163184154168,1965.8931056529154,1967.4956616870568
2024-01-22 04:15:00+00:00,1967.4956616870568,1969.6250761553194,1967.2376164714963,1968.9749491874134
2024-01-22 04:20:00+00:00,1968.9749491874134,1969.4851559225485,1967.7455299888377,1968.3176757432484
2024-01-22 04:25:00+00:00,1968.3176757432484,1968.6078207514117,1967.3807933631763,1968.152450012488
2024-01-22 04:30:00+00:00,1968.152450012488,1968.6071913245878,1967.169715061985,1967.821259425455
2024-01-22 04:35:00+00:00,1967.821259425455,1968.0026376590151,1966.7045488087076,1967.36629927899
2024-01-22 04:40:00+00:00,1967.36629927899,1968.798984006739,1966.988314090152,1967.854683778633
2024-01-22 04:45:00+00:00,1967.854683778633,1968.8483894528626,1966.9941930187395,1968.4671954289086
2024-01-22 04:50:00+00:00,1968.4671954289086,1968.596670803058,1967.6723739672218,1968.3356831632627
2024-01-22 04:55:00+00:00,1968.3356831632627,1969.0116346575608,1968.2159814549102,1968.4346762366658
2024-01-22 05:00:00+00:00,1968.4346762366658,1970.4432830251892,1967.7685180151414,1969.5117435745747
2024-01-22 05:05:00+00:00,1969.5117435745747,1969.721514285926,1968.96473639746,1969.368036883869
2024-01-22 05:10:00+00:00,1969.368036883869,1970.7416761165011,1968.445424860234,1970.3306926792525
2024-01-22 05:15:00+00:00,1970.3306926792525,1970.8536777050838,1970.1463612780628,1970.3352066613074
2024-01-22 05:20:00+00:00,1970.3352066613074,1971.3860478061968,1970.0508640646076,1970.756346000689
2024-01-22 05:25:00+00:00,1970.756346000689,1972.8214970988831,1969.7572210174953,1972.408679317523
2024-01-22 05:30:00+00:00,1972.408679317523,1972.6177810817492,1971.33327073649,1971.9471549021796
2024-01-22 05:35:00+00:00,1971.9471549021796,1973.0369896497884,1970.958162067063,1972.290816578477
2024-01-22 05:40:00+00:00,1972.290816578477,1973.6629614993117,1971.5108021101382,1973.4328399255492
2024-01-22 05:45:00+00:00,1973.4328399255492,1974.2241211595233,1973.0079126832134,1973.5919150479099
2024-01-22 05:50:00+00:00,1973.5919150479099,1975.6232019792687,1972.9113954482962,1974.8087849669012
2024-01-22 05:55:00+00:00,1974.8087849669012,1977.392823758065,1974.0232569842983,1977.1200208416917
2024-01-22 06:00:00+00:00,1977.1200208416917,1978.7063907430586,1976.1203343577392,1978.4335800030633
2024-01-22 06:05:00+00:00,1978.4335800030633,1979.4249606899605,1977.6177917514215,1978.4412970958806
2024-01-22 06:10:00+00:00,1978.4412970958806,1978.986475307828,1977.585217840896,1977.7943398023538
2024-01-22 06:15:00+00:00,1977.7943398023538,1979.0306196018412,1976.9207711666977,1978.047060479105
2024-01-22 06:20:00+00:00,1978.047060479105,1978.5666996130885,1977.4611862316478,1977.6300413034694
2024-01-22 06:25:00+00:00,1977.6300413034694,1978.2357538461663,1976.0764776804342,1977.0226731026705
2024-01-22 06:30:00+00:00,1977.0226731026705,1978.6321317040783,1976.493049222518,1977.7425234726431
2024-01-22 06:35:00+00:00,1977.7425234726431,1978.5768099682407,1977.3061071745517,1978.3994772775393
2024-01-22 06:40:00+00:00,1978.3994772775393,1978.7578664977777,1976.284188511743,1977.016132630999
2024-01-22 06:45:00+00:00,1977.016132630999,1977.3225517431947,1976.4268872212415,1976.6317304205859
2024-01-22 06:50:00+00:00,1976.6317304205859,1977.6230708631372,1975.0326949675982,1975.7962410933274
2024-01-22 06:55:00+00:00,1975.7962410933274,1977.4472372947935,1975.309412388718,1976.4543677548656
2024-01-22 07:00:00+00:00,1976.4543677548656,1977.3865412537637,1976.096612128102,1976.869111434759
2024-01-22 07:05:00+00:00,1976.869111434759,1978.5813398619634,1976.743000498725,1977.7848136729588
2024-01-22 07:10:00+00:00,1977.7848136729588,1978.4526022258483,1976.8324178014254,1977.84172770126
2024-01-22 07:15:00+00:00,1977.84172770126,1978.5783246659935,1977.597986914073,1978.3863108549713
2024-01-22 07:20:00+00:00,1978.3863108549713,1979.9129465628214,1977.9267653352717,1979.088292976137
2024-01-22 07:25:00+00:00,1979.088292976137,1979.6508018212899,1978.5826991488473,1979.1278896994615
2024-01-22 07:30:00+00:00,1979.1278896994615,1980.7736490848422,1978.4666626435887,1979.9919347171715
2024-01-22 07:35:00+00:00,1979.9919347171715,1980.253194396138,1977.7142832721504,1978.476242846791
2024-01-22 07:40:00+00:00,1978.476242846791,1979.6164274133462,1978.2358099412268,1979.4562914900812
2024-01-22 07:45:00+00:00,1979.4562914900812,1980.0297706987144,1977.9843952916528,1978.3458162020834
2024-01-22 07:50:00+00:00,1978.3458162020834,1979.1438462793722,1977.1843907328343,1978.0991029733
2024-01-22 07:55:00+00:00,1978.0991029733,1978.7597117841506,1977.4898118127312,1978.3860192229756
2024-01-22 08:00:00+00:00,1978.3860192229756,1979.466855040009,1977.6833191309986,1978.5714685222583
2024-01-22 08:05:00+00:00,1978.5714685222583,1979.0742582295977,1976.5387748000062,1977.4119847407826
2024-01-22 08:10:00+00:00,1977.4119847407826,1977.6132744583113,1976.9654243035284,1977.5023313562206
2024-01-22 08:15:00+00:00,1977.5023313562206,1978.3407091960833,1975.3083060504237,1975.6062752135824
2024-01-22 08:20:00+00:00,1975.6062752135824,1976.477565940113,1975.0859092316998,1975.4405301373824
2024-01-22 08:25:00+00:00,1975.4405301373824,1975.7002031976724,1974.1048338690216,1975.0617618124863
2024-01-22 08:30:00+00:00,1975.0617618124863,1976.6016737648763,1974.0634328690182,1976.426088496933
2024-01-22 08:35:00+00:00,1976.426088496933,1976.9773315632754,1975.4578252074252,1976.1873309661644
2024-01-22 08:40:00+00:00,1976.1873309661644,1976.880606412026,1974.871980193422,1975.5540169497121
2024-01-22 08:45:00+00:00,1975.5540169497121,1976.5039520532391,1974.3850941356734,1974.9455089425876
2024-01-22 08:50:00+00:00,1974.9455089425876,1975.599736287707,1973.51576538037,1974.2088057331703
2024-01-22 08:55:00+00:00,1974.2088057331703,1974.6607902109135,1973.76490521886,1974.2122019373953
2024-01-22 09:00:00+00:00,1974.2122019373953,1975.1032723013352,1973.426248489613,1974.4106616279312
2024-01-22 09:05:00+00:00,1974.4106616279312,1976.672122818659,1973.9537455556986,1975.8551382823753
2024-01-22 09:10:00+00:00,1975.8551382823753,1976.4820872968928,1974.10521872277,1974.7226621054358
2024-01-22 09:15:00+00:00,1974.7226621054358,1975.6305331740639,1974.0241684588948,1975.2449967882192
2024-01-22 09:20:00+00:00,1975.2449967882192,1975.8531979116028,1973.4951902953565,1974.007883627988
2024-01-22 09:25:00+00:00,1974.007883627988,1974.4539649925364,1973.4658734705956,1973.7531186426224
2024-01-22 09:30:00+00:00,1973.7531186426224,1975.3270170156075,1973.513706937585,1974.7525408197819
2024-01-22 09:35:00+00:00,1974.7525408197819,1976.0884936112477,1973.9115901807522,1975.8353532697856
2024-01-22 09:40:00+00:00,1975.8353532697856,1977.5089973926297,1974.8859863031348,1976.597918657358
2024-01-22 09:45:00+00:00,1976.597918657358,1977.2875072230659,1975.220231696917,1976.1034981129542
2024-01-22 09:50:00+00:00,1976.1034981129542,1977.7253901199465,1975.5513902409432,1976.959797296241
2024-01-22 09:55:00+00:00,1976.959797296241,1979.1727026012384,1976.0272508083717,1978.312567331511
2024-01-22 10:00:00+00:00,1978.312567331511,1978.6938687632191,1976.89156103474,1977.1031142491677
2024-01-22 10:05:00+00:00,1977.1031142491677,1977.258223366719,1975.913521857828,1976.630737666859
2024-01-22 10:10:00+00:00,1976.630737666859,1976.8621723170977,1976.3305262705114,1976.7262371799354
2024-01-22 10:15:00+00:00,1976.7262371799354,1977.180838435554,1976.1265294602813,1976.9657081258279
2024-01-22 10:20:00+00:00,1976.9657081258279,1978.140567657506,1976.680467118533,1977.2672682746518
2024-01-22 10:25:00+00:00,1977.2672682746518,1978.2410020829973,1976.6530273387225,1977.1085511406534
2024-01-22 10:30:00+00:00,1977.1085511406534,1977.9447013275724,1976.2551180885853,1976.5477349479738
2024-01-22 10:35:00+00:00,1976.5477349479738,1977.4303283169547,1976.3628340080331,1977.036758580309
2024-01-22 10:40:00+00:00,1977.036758580309,1977.4592571952794,1975.9825922558405,1976.4143536445101
2024-01-22 10:45:00+00:00,1976.4143536445101,1977.0591503781038,1975.7399133360034,1976.2900753081
2024-01-22 10:50:00+00:00,1976.2900753081,1976.8964398169626,1976.0049876117102,1976.7323882817689
2024-01-22 10:55:00+00:00,1976.7323882817689,1977.6699055241402,1976.3505598486497,1977.1598518942826
2024-01-22 11:00:00+00:00,1977.1598518942826,1978.8601457390623,1976.9849343921087,1977.9648675255016
2024-01-22 11:05:00+00:00,1977.9648675255016,1979.1551889244718,1977.4538645782295,1978.8128769597824
2024-01-22 11:10:00+00:00,1978.8128769597824,1979.929598056428,1977.9217617256195,1979.4675374729309
2024-01-22 11:15:00+00:00,1979.4675374729309,1981.3002691942288,1979.252505533226,1980.8519551531447
2024-01-22 11:20:00+00:00,1980.8519551531447,1981.4429276054534,1979.3240541609664,1979.711998010331
2024-01-22 11:25:00+00:00,1979.711998010331,1980.3927420343377,1979.5343790354627,1979.9442277513565
2024-01-22 11:30:00+00:00,1979.9442277513565,1980.8021996398159,1979.248001759235,1980.1761429300254
2024-01-22 11:35:00+00:00,1980.1761429300254,1980.3138867629182,1979.4152256791865,1980.026654481153
2024-01-22 11:40:00+00:00,1980.026654481153,1980.7097942962632,1979.6306509871488,1980.074623351059
2024-01-22 11:45:00+00:00,1980.074623351059,1980.7340831289864,1979.5214846926833,1980.4586200169124
2024-01-22 11:50:00+00:00,1980.4586200169124,1980.9122774994223,1979.934604017943,1980.2125169373833
2024-01-22 11:55:00+00:00,1980.2125169373833,1982.438950138756,1979.8323760814633,1982.0735472181573
2024-01-22 12:00:00+00:00,1982.0735472181573,1984.1028649362245,1981.1493333292037,1983.902937119751
2024-01-22 12:05:00+00:00,1983.902937119751,1984.833103634453,1983.0258484805406,1983.5469239968838
2024-01-22 12:10:00+00:00,1983.5469239968838,1984.8044188002577,1983.0567998681602,1984.5336906900486
2024-01-22 12:15:00+00:00,1984.5336906900486,1985.6068092194453,1983.7515886097606,1985.3508235556615
2024-01-22 12:20:00+00:00,1985.3508235556615,1986.6002664739462,1984.393223499796,1985.6316039213912
2024-01-22 12:25:00+00:00,1985.6316039213912,1985.7487417630343,1984.9703631799662,1985.5400180221443
2024-01-22 12:30:00+00:00,1985.5400180221443,1986.9704054147153,1984.58500862181,1986.070118155058
2024-01-22 12:35:00+00:00,1986.070118155058,1986.7650071341698,1985.3530738236302,1986.2854678370486
2024-01-22 12:40:00+00:00,1986.2854678370486,1986.8795051692498,1985.7105973341693,1985.8880135269635
2024-01-22 12:45:00+00:00,1985.8880135269635,1986.9896954668889,1985.5941155492662,1986.7431215982158
2024-01-22 12:50:00+00:00,1986.7431215982158,1987.4233293244044,1985.8463233248592,1986.9710948762806
2024-01-22 12:55:00+00:00,1986.9710948762806,1988.5846018595823,1986.3591691166412,1988.0362636316297
2024-01-22 13:00:00+00:00,1988.0362636316297,1988.5757968336716,1986.3833355479433,1986.9635891099347
2024-01-22 13:05:00+00:00,1986.9635891099347,1987.787724251063,1986.0538433145948,1986.3460000067878
2024-01-22 13:10:00+00:00,1986.3460000067878,1987.2289310551023,1982.9572577001074,1983.660362030472
2024-01-22 13:15:00+00:00,1983.660362030472,1983.8719354609764,1982.9532606696516,1983.3598654311525
2024-01-22 13:20:00+00:00,1983.3598654311525,1983.532727256226,1982.0427015452613,1982.4054207096706
2024-01-22 13:25:00+00:00,1982.4054207096706,1983.5724312932168,1982.1135241587278,1982.9739689389896
2024-01-22 13:30:00+00:00,1982.9739689389896,1984.3831456713167,1982.602614401879,1983.9208569497225
2024-01-22 13:35:00+00:00,1983.9208569497225,1984.4941590839996,1983.0424141285255,1984.0630969690712
2024-01-22 13:40:00+00:00,1984.0630969690712,1985.7923091318298,1983.5400587427694,1984.915434142633
2024-01-22 13:45:00+00:00,1984.915434142633,1985.6260495578015,1984.220490594988,1984.3468054141056
2024-01-22 13:50:00+00:00,1984.3468054141056,1985.1991200587927,1982.5835028145068,1983.3019835574682
2024-01-22 13:55:00+00:00,1983.3019835574682,1984.9825936364546,1982.8637905974065,1984.5686402481754
2024-01-22 14:00:00+00:00,1984.5686402481754,1985.9810278433415,1983.8792836542723,1985.4965841126918
2024-01-22 14:05:00+00:00,1985.4965841126918,1986.9363254195337,1984.8766200630234,1986.1922342108776
2024-01-22 14:10:00+00:00,1986.1922342108776,1987.006339524061,1985.4911019954434,1985.9413017058412
2024-01-22 14:15:00+00:00,1985.9413017058412,1987.436123179272,1985.1255657999568,1986.893857571912
2024-01-22 14:20:00+00:00,1986.893857571912,1988.2789261340897,1986.750914390046,1987.4836428287776
2024-01-22 14:25:00+00:00,1987.4836428287776,1990.6863460539225,1986.6120721534346,1989.8571174229007
2024-01-22 14:30:00+00:00,1989.8571174229007,1990.565468563973,1986.9238254626096,1987.5456694548566
2024-01-22 14:35:00+00:00,1987.5456694548566,1988.2164824270656,1985.57358587254,1986.5109840770394
2024-01-22 14:40:00+00:00,1986.5109840770394,1987.9907856492753,1985.7445420031909,1987.3118040719364
2024-01-22 14:45:00+00:00,1987.3118040719364,1988.4670679206,1986.8439548259107,1988.0185823508027
2024-01-22 14:50:00+00:00,1988.0185823508027,1989.2043155229717,1987.3865016904692,1988.3529614842873
2024-01-22 14:55:00+00:00,1988.3529614842873,1988.6864142859786,1988.0272317755114,1988.2370152922276
2024-01-22 15:00:00+00:00,1988.2370152922276,1988.4269581856265,1986.9405688368686,1987.6986246521876
2024-01-22 15:05:00+00:00,1987.6986246521876,1989.7531867896746,1986.9542455474589,1989.200095555451
2024-01-22 15:10:00+00:00,1989.200095555451,1990.5465391155476,1988.2311125900046,1990.2538583415117
2024-01-22 15:15:00+00:00,1990.2538583415117,1991.0025448214926,1989.965873644783,1990.602883794882
2024-01-22 15:20:00+00:00,1990.602883794882,1991.232032544493,1990.2737607021988,1991.017895337143
2024-01-22 15:25:00+00:00,1991.017895337143,1992.9289198867211,1990.1944607328887,1992.5718228092721
2024-01-22 15:30:00+00:00,1992.5718228092721,1993.4360784161302,1991.317618913828,1991.7330629526052
2024-01-22 15:35:00+00:00,1991.7330629526052,1992.0299345876408,1990.5359357194814,1990.7575583174585
2024-01-22 15:40:00+00:00,1990.7575583174585,1991.2012717843697,1990.326371234704,1990.7010418330942
2024-01-22 15:45:00+00:00,1990.7010418330942,1991.4988163315534,1989.420469509775,1989.8292783470536
2024-01-22 15:50:00+00:00,1989.8292783470536,1990.9240595026736,1988.9195442471187,1990.6514452501635
2024-01-22 15:55:00+00:00,1990.6514452501635,1991.7141689525981,1989.8781298216595,1991.3265591840698
2024-01-22 16:00:00+00:00,1991.3265591840698,1992.8906514476482,1990.764135048739,1992.0168287650456
2024-01-22 16:05:00+00:00,1992.0168287650456,1992.5297196478014,1991.516442084138,1991.8576286803827
2024-01-22 16:10:00+00:00,1991.8576286803827,1992.0708657097484,1991.0141566286222,1991.3784171206862
2024-01-22 16:15:00+00:00,1991.3784171206862,1992.1607882375981,1990.593252685754,1991.7927326041013
2024-01-22 16:20:00+00:00,1991.7927326041013,1992.5482954291992,1989.3538944359586,1989.9825403137704
2024-01-22 16:25:00+00:00,1989.9825403137704,1990.943881266272,1988.414332052896,1988.6550229021752
2024-01-22 16:30:00+00:00,1988.6550229021752,1988.950984175972,1986.925161847007,1987.7878297370758
2024-01-22 16:35:00+00:00,1987.7878297370758,1988.0569822466935,1985.6186292038653,1986.5859556546989
2024-01-22 16:40:00+00:00,1986.5859556546989,1986.819349778455,1985.7153130685642,1986.6259808446011
2024-01-22 16:45:00+00:00,1986.6259808446011,1987.1098290667976,1985.2739627712679,1985.633987359848
2024-01-22 16:50:00+00:00,1985.633987359848,1986.5841354723623,1984.923991778579,1986.2508727525938
2024-01-22 16:55:00+00:00,1986.2508727525938,1986.836717360459,1985.9522408574312,1986.1822497919009
2024-01-22 17:00:00+00:00,1986.1822497919009,1986.3977792998514,1984.2449168882142,1984.7345270737367
2024-01-22 17:05:00+00:00,1984.7345270737367,1984.8769437647081,1981.7561839182476,1982.562562370886
2024-01-22 17:10:00+00:00,1982.562562370886,1984.6384890223185,1982.302296143645,1984.2324609658895
2024-01-22 17:15:00+00:00,1984.2324609658895,1985.022381541216,1984.1245200006226,1984.5193779241717
2024-01-22 17:20:00+00:00,1984.5193779241717,1985.2365601274262,1984.0921298531641,1984.912246406009
2024-01-22 17:25:00+00:00,1984.912246406009,1985.543574008878,1983.4974427170134,1984.479551308717
2024-01-22 17:30:00+00:00,1984.479551308717,1984.709390170322,1983.2462357926358,1983.6160654220153
2024-01-22 17:35:00+00:00,1983.6160654220153,1985.1477422193793,1983.418469809507,1984.8114956990642
2024-01-22 17:40:00+00:00,1984.8114956990642,1985.7585931046183,1983.5454505697023,1983.7645093014069
2024-01-22 17:45:00+00:00,1983.7645093014069,1984.291713512044,1982.549826271362,1983.3940392421694
2024-01-22 17:50:00+00:00,1983.3940392421694,1983.6763224631836,1983.1744587047576,1983.3932797603852
2024-01-22 17:55:00+00:00,1983.3932797603852,1983.793663533472,1982.3568646671354,1982.6071102269193
2024-01-22 18:00:00+00:00,1982.6071102269193,1983.1315421359648,1981.7683174562844,1982.1175158740648
2024-01-22 18:05:00+00:00,1982.1175158740648,1982.9507800343333,1981.281796126538,1981.6337466921593
2024-01-22 18:10:00+00:00,1981.6337466921593,1981.8724797408518,1980.3685266409343,1981.1863473688163
2024-01-22 18:15:00+00:00,1981.1863473688163,1983.4269568782083,1980.7885287988204,1982.5572964205287
2024-01-22 18:20:00+00:00,1982.5572964205287,1983.1981895447898,1982.0902331532486,1982.5954824417015
2024-01-22 18:25:00+00:00,1982.5954824417015,1983.766757178999,1982.3046189746678,1983.4722743073166
2024-01-22 18:30:00+00:00,1983.4722743073166,1984.1154245029397,1981.6913437634962,1982.6816605196616
2024-01-22 18:35:00+00:00,1982.6816605196616,1983.4150266061963,1981.9799623351607,1982.1797035895154
2024-01-22 18:40:00+00:00,1982.1797035895154,1982.8477109976077,1980.9907930179577,1981.6072121958687
2024-01-22 18:45:00+00:00,1981.6072121958687,1981.7796851053088,1979.1993181163498,1980.1881069307324
2024-01-22 18:50:00+00:00,1980.1881069307324,1980.7033568937488,1979.5627743712266,1980.183941313641
2024-01-22 18:55:00+00:00,1980.183941313641,1980.5032672168418,1978.4807504089526,1978.9000408958955
2024-01-22 19:00:00+00:00,1978.9000408958955,1979.842919693392,1977.2456222181722,1977.8385671688575
2024-01-22 19:05:00+00:00,1977.8385671688575,1978.7178405470427,1977.1579685589443,1977.8244267145994
2024-01-22 19:10:00+00:00,1977.8244267145994,1979.0222351624182,1977.425764230743,1978.0737740066645
2024-01-22 19:15:00+00:00,1978.0737740066645,1978.7194224842824,1976.9765403051829,1977.3496381600291
2024-01-22 19:20:00+00:00,1977.3496381600291,1977.7855620100916,1977.0906708050113,1977.4700495272366
2024-01-22 19:25:00+00:00,1977.4700495272366,1979.2885116381044,1977.3105113092151,1978.5231114303263
2024-01-22 19:30:00+00:00,1978.5231114303263,1980.2430706872638,1978.1706925779524,1979.8050125829632
2024-01-22 19:35:00+00:00,1979.8050125829632,1981.1391381221777,1979.0855822543708,1980.6087203411832
2024-01-22 19:40:00+00:00,1980.6087203411832,1981.1983392853788,1979.892940030954,1980.3228490570657
2024-01-22 19:45:00+00:00,1980.3228490570657,1982.0261887604668,1979.5534421909285,1981.452825302489
2024-01-22 19:50:00+00:00,1981.452825302489,1981.605703030734,1980.2652348191477,1981.1914226145009
2024-01-22 19:55:00+00:00,1981.1914226145009,1981.7507754142612,1980.4322633095674,1980.9123154732345
2024-01-22 20:00:00+00:00,1980.9123154732345,1982.2448356265486,1980.7351107263898,1981.7682947490418
2024-01-22 20:05:00+00:00,1981.7682947490418,1982.3818705492456,1981.4082791813805,1982.0975748914575
2024-01-22 20:10:00+00:00,1982.0975748914575,1983.3870045582069,1981.514662518689,1982.5430545662557
2024-01-22 20:15:00+00:00,1982.5430545662557,1983.0593315532676,1981.0919735705131,1981.7977755151196
2024-01-22 20:20:00+00:00,1981.7977755151196,1982.0036052781722,1980.8004346825576,1981.5561003870098
2024-01-22 20:25:00+00:00,1981.5561003870098,1982.6671981317008,1980.8052084898754,1981.8421437901404
2024-01-22 20:30:00+00:00,1981.8421437901404,1982.9709156706194,1980.8907006593813,1982.3148168000914
2024-01-22 20:35:00+00:00,1982.3148168000914,1982.9794264254504,1982.0879317884098,1982.8172212940867
2024-01-22 20:40:00+00:00,1982.8172212940867,1982.9987663882757,1981.045740201068,1981.2313547151437
2024-01-22 20:45:00+00:00,1981.2313547151437,1983.8601598845112,1980.266346800053,1983.243230525036
2024-01-22 20:50:00+00:00,1983.243230525036,1984.2887649759311,1982.719829732852,1983.9666079585354
2024-01-22 20:55:00+00:00,1983.9666079585354,1984.6601794137807,1982.3864197029698,1983.2389793958775
2024-01-22 21:00:00+00:00,1983.2389793958775,1985.2404519752833,1982.71583145352,1984.304170223979
2024-01-22 21:05:00+00:00,1984.304170223979,1984.9640182983212,1983.8178262845602,1984.2020620642932
2024-01-22 21:10:00+00:00,1984.2020620642932,1984.399515019577,1983.3056209577207,1983.8733295661234
2024-01-22 21:15:00+00:00,1983.8733295661234,1985.7542096262496,1983.3361735678116,1985.3592901251852
2024-01-22 21:20:00+00:00,1985.3592901251852,1986.3030251799512,1983.8011574813524,1984.3798515796896
2024-01-22 21:25:00+00:00,1984.3798515796896,1984.8754037449862,1982.8670027909557,1983.4940139382745
2024-01-22 21:30:00+00:00,1983.4940139382745,1984.4844683715405,1981.7644675442978,1982.7366018464331
2024-01-22 21:35:00+00:00,1982.7366018464331,1983.536310627586,1981.9431773469257,1982.2385626476548
2024-01-22 21:40:00+00:00,1982.2385626476548,1986.093981696759,1981.5915338253599,1985.1659771598331
2024-01-22 21:45:00+00:00,1985.1659771598331,1985.270773653324,1984.1624173821044,1984.7862216271992
2024-01-22 21:50:00+00:00,1984.7862216271992,1984.8981438813921,1983.767075286301,1983.9083208595164
2024-01-22 21:55:00+00:00,1983.9083208595164,1984.6466051733732,1983.4446516257694,1984.085387052195
2024-01-22 22:00:00+00:00,1984.085387052195,1985.3052487683997,1983.7856055040404,1984.7819337715275
2024-01-22 22:05:00+00:00,1984.7819337715275,1986.7852096680267,1984.205769353349,1985.936800265235
2024-01-22 22:10:00+00:00,1985.936800265235,1986.570488613199,1984.593482059467,1985.1932067562443
2024-01-22 22:15:00+00:00,1985.1932067562443,1987.8831794068444,1984.8079229218338,1986.9798843694925
2024-01-22 22:20:00+00:00,1986.9798843694925,1987.8333399189648,1986.742330367231,1987.1748291875713
2024-01-22 22:25:00+00:00,1987.1748291875713,1987.8969375611243,1985.9727752429299,1986.4322251402941
2024-01-22 22:30:00+00:00,1986.4322251402941,1986.814627717278,1985.373035842181,1985.769548493169
2024-01-22 22:35:00+00:00,1985.769548493169,1986.53450082928,1985.1985431898236,1986.2350516952522
2024-01-22 22:40:00+00:00,1986.2350516952522,1986.8425703481837,1985.8721198468206,1986.282256314067
2024-01-22 22:45:00+00:00,1986.282256314067,1986.946378294397,1984.9606944484349,1985.9317339901554
2024-01-22 22:50:00+00:00,1985.9317339901554,1986.7186666835894,1985.31233509573,1986.1025259499484
2024-01-22 22:55:00+00:00,1986.1025259499484,1988.6935809183801,1985.5514376741937,1988.2357773899917
2024-01-22 23:00:00+00:00,1988.2357773899917,1989.8271748281734,1988.1063326959231,1989.5704151368184
2024-01-22 23:05:00+00:00,1989.5704151368184,1989.8070173867204,1988.8843523340402,1989.163089964279
2024-01-22 23:10:00+00:00,1989.163089964279,1989.6608664776732,1988.1624224267532,1988.5606171922784
2024-01-22 23:15:00+00:00,1988.5606171922784,1990.0491545483621,1988.2360966056667,1989.4943935241422
2024-01-22 23:20:00+00:00,1989.4943935241422,1990.0784341270019,1987.7721303745354,1988.5758065430716
2024-01-22 23:25:00+00:00,1988.5758065430716,1988.727448072774,1986.1605412900913,1986.9540227948771
2024-01-22 23:30:00+00:00,1986.9540227948771,1987.5024239048212,1985.392762844415,1986.1158174354703
2024-01-22 23:35:00+00:00,1986.1158174354703,1986.7735980127115,1984.158046137242,1984.9478500688485
2024-01-22 23:40:00+00:00,1984.9478500688485,1985.305732075846,1983.1747585121484,1983.6324060672218
2024-01-22 23:45:00+00:00,1983.6324060672218,1984.5080940281084,1982.9234276975956,1983.4286382735843
2024-01-22 23:50:00+00:00,1983.4286382735843,1984.1710492932,1982.368887004343,1982.7180063179553
2024-01-22 23:55:00+00:00,1982.7180063179553,1983.147681400251,1981.6528748420342,1982.4145445060894
2024-01-23 00:00:00+00:00,1982.4145445060894,1983.1297315302584,1981.7701745666348,1982.7386348648247
2024-01-23 00:05:00+00:00,1982.7386348648247,1982.9052547794631,1982.1611653895861,1982.2619649142614
2024-01-23 00:10:00+00:00,1982.2619649142614,1982.4698829494178,1980.3781833863313,1980.9514768851275
2024-01-23 00:15:00+00:00,1980.9514768851275,1981.3594071946848,1979.6626522631093,1980.1124695680292
2024-01-23 00:20:00+00:00,1980.1124695680292,1981.3836423569685,1979.5606126035073,1980.8762820800625
2024-01-23 00:25:00+00:00,1980.8762820800625,1981.4864786491166,1979.6912980488403,1979.900006711789
2024-01-23 00:30:00+00:00,1979.900006711789,1980.521191223006,1978.2470509534064,1978.8765443137002
2024-01-23 00:35:00+00:00,1978.8765443137002,1979.5621632845632,1978.6175829152696,1979.252708076244
2024-01-23 00:40:00+00:00,1979.252708076244,1979.5170259970705,1977.5231104102065,1978.4072588963224
2024-01-23 00:45:00+00:00,1978.4072588963224,1979.3070223924394,1977.0465196656721,1977.559102893363
2024-01-23 00:50:00+00:00,1977.559102893363,1978.5945258699771,1977.0761112107227,1977.7826134338054
2024-01-23 00:55:00+00:00,1977.7826134338054,1978.4060972805012,1977.1569772777395,1977.6591300609698
2024-01-23 01:00:00+00:00,1977.6591300609698,1977.9008148967514,1976.2953696736283,1977.154740154555
2024-01-23 01:05:00+00:00,1977.154740154555,1977.9226730494165,1976.2802313780894,1976.7806187329695
2024-01-23 01:10:00+00:00,1976.7806187329695,1978.2092323685142,1975.8417444350268,1977.7485773788403
2024-01-23 01:15:00+00:00,1977.7485773788403,1978.722585084241,1976.960664645704,1978.0494574294971
2024-01-23 01:20:00+00:00,1978.0494574294971,1978.8947088165785,1977.2472602634318,1977.4233704365345
2024-01-23 01:25:00+00:00,1977.4233704365345,1978.31348502991,1976.8780813787425,1977.0443943048042
2024-01-23 01:30:00+00:00,1977.0443943048042,1978.7785555537987,1976.8809831226922,1978.4799249192347
2024-01-23 01:35:00+00:00,1978.4799249192347,1979.4545373477188,1977.6406741452886,1978.2816487971804
2024-01-23 01:40:00+00:00,1978.2816487971804,1979.2952692434594,1977.7295698639227,1978.6046659565832
2024-01-23 01:45:00+00:00,1978.6046659565832,1979.0293249736997,1977.9384013578683,1978.889764587585
2024-01-23 01:50:00+00:00,1978.889764587585,1979.558368456931,1977.737243158742,1978.444090306713
2024-01-23 01:55:00+00:00,1978.444090306713,1978.8120702135252,1977.5869525538524,1978.6089015914988
2024-01-23 02:00:00+00:00,1978.6089015914988,1979.2184188830472,1977.6166689478123,1977.7692814923307
2024-01-23 02:05:00+00:00,1977.7692814923307,1978.0975403584837,1976.8130302822321,1977.5460455209702
2024-01-23 02:10:00+00:00,1977.5460455209702,1979.0549609150023,1976.7542267368892,1978.6070383344493
2024-01-23 02:15:00+00:00,1978.6070383344493,1979.337296374438,1978.2889687209256,1978.4784269262068
2024-01-23 02:20:00+00:00,1978.4784269262068,1980.648020652859,1978.3411376445024,1979.880002414889
2024-01-23 02:25:00+00:00,1979.880002414889,1980.3251124997892,1979.6827360233221,1980.085687601214
2024-01-23 02:30:00+00:00,1980.085687601214,1981.4414607880437,1979.673300609572,1980.5734368835201
2024-01-23 02:35:00+00:00,1980.5734368835201,1981.335516993557,1979.8541748650664,1980.7093955448674
2024-01-23 02:40:00+00:00,1980.7093955448674,1981.5032791723227,1979.5166243884203,1979.9395342907976
2024-01-23 02:45:00+00:00,1979.9395342907976,1981.4553641733867,1979.4327090154982,1980.9282090186257
2024-01-23 02:50:00+00:00,1980.9282090186257,1982.5809209375234,1980.04267119893,1982.2274362818953
2024-01-23 02:55:00+00:00,1982.2274362818953,1983.4155158824105,1982.0719642054034,1982.529615801563
2024-01-23 03:00:00+00:00,1982.529615801563,1983.2553391817978,1982.334571163326,1982.5647502104916
2024-01-23 03:05:00+00:00,1982.5647502104916,1982.943046185748,1982.0118174787438,1982.3735021689322
2024-01-23 03:10:00+00:00,1982.3735021689322,1983.7152854964033,1982.215354878893,1982.8503894360626
2024-01-23 03:15:00+00:00,1982.8503894360626,1984.5710741073256,1981.9758969897118,1983.8426183105184
2024-01-23 03:20:00+00:00,1983.8426183105184,1985.0873446545206,1983.7235819320713,1984.6859908769459
2024-01-23 03:25:00+00:00,1984.6859908769459,1985.2644666522172,1983.696205993821,1984.9533418323551
2024-01-23 03:30:00+00:00,1984.9533418323551,1985.4489725788471,1984.4133511532552,1985.005332083847
2024-01-23 03:35:00+00:00,1985.005332083847,1985.5949002938191,1984.3815580975283,1985.1613149930165
2024-01-23 03:40:00+00:00,1985.1613149930165,1986.0169305470242,1984.3529592887087,1985.0514149352248
2024-01-23 03:45:00+00:00,1985.0514149352248,1985.1716494262191,1983.63782085745,1984.1158385797683
2024-01-23 03:50:00+00:00,1984.1158385797683,1986.2892660571215,1983.3376229725352,1985.963862924287
2024-01-23 03:55:00+00:00,1985.963862924287,1986.5648315505825,1984.8524968722104,1985.2575702987106
2024-01-23 04:00:00+00:00,1985.2575702987106,1985.4350496208262,1984.1653853618488,1984.4290680461147
2024-01-23 04:05:00+00:00,1984.4290680461147,1986.0016823041265,1983.6415858296896,1985.7372124874094
2024-01-23 04:10:00+00:00,1985.7372124874094,1986.5406017642038,1985.004142120138,1986.2093340937345
2024-01-23 04:15:00+00:00,1986.2093340937345,1987.163846807419,1985.7670641606028,1986.7225677964518
2024-01-23 04:20:00+00:00,1986.7225677964518,1986.8696957996278,1986.133252431024,1986.2708786931619
2024-01-23 04:25:00+00:00,1986.2708786931619,1986.8424384178004,1985.992559353223,1986.282404883646
2024-01-23 04:30:00+00:00,1986.282404883646,1987.6778674185393,1985.8760017311024,1987.0055952185212
2024-01-23 04:35:00+00:00,1987.0055952185212,1990.1821547799045,1986.2612152368956,1989.5192342042174
2024-01-23 04:40:00+00:00,1989.5192342042174,1990.1839604543075,1989.361288406527,1990.0262816943907
2024-01-23 04:45:00+00:00,1990.0262816943907,1991.107354600285,1989.3492123072385,1990.174266655155
2024-01-23 04:50:00+00:00,1990.174266655155,1991.4408602154244,1990.0214209508476,1990.7995468666688
2024-01-23 04:55:00+00:00,1990.7995468666688,1991.69983590163,1990.4183782415146,1990.8664770247462
2024-01-23 05:00:00+00:00,1990.8664770247462,1991.3556304764863,1989.356205247513,1990.1862670513658
2024-01-23 05:05:00+00:00,1990.1862670513658,1990.3261512876181,1988.3647592143395,1988.6020058372042
2024-01-23 05:10:00+00:00,1988.6020058372042,1989.5510121117293,1988.3227448800837,1989.071006492613
2024-01-23 05:15:00+00:00,1989.071006492613,1989.9637963030934,1986.9161873184567,1987.7820116779228
2024-01-23 05:20:00+00:00,1987.7820116779228,1989.5457028730477,1987.2150935653142,1988.8735447937238
2024-01-23 05:25:00+00:00,1988.8735447937238,1989.155967523457,1987.6321727536008,1988.4078418937595
2024-01-23 05:30:00+00:00,1988.4078418937595,1988.7344972908115,1986.9994195344439,1987.9945826483481
2024-01-23 05:35:00+00:00,1987.9945826483481,1988.5169971187556,1986.796997916507,1986.916918953955
2024-01-23 05:40:00+00:00,1986.916918953955,1987.1852993999696,1985.1481607104124,1985.944965644532
2024-01-23 05:45:00+00:00,1985.944965644532,1986.799815114206,1984.9559013204482,1985.3410274343728
2024-01-23 05:50:00+00:00,1985.3410274343728,1986.4139927323863,1985.0296041056783,1985.592815164574
2024-01-23 05:55:00+00:00,1985.592815164574,1986.2168978828408,1984.4535158339079,1985.1266410814249
2024-01-23 06:00:00+00:00,1985.1266410814249,1985.9257888085222,1984.3812505202677,1984.9539363078736
2024-01-23 06:05:00+00:00,1984.9539363078736,1985.7742162456236,1983.9926277348095,1984.4318756257085
2024-01-23 06:10:00+00:00,1984.4318756257085,1985.29014080061,1983.4448302766612,1984.8528632196187
2024-01-23 06:15:00+00:00,1984.8528632196187,1985.7941004873833,1984.0283302336204,1985.1670649527275
2024-01-23 06:20:00+00:00,1985.1670649527275,1986.028999008346,1984.717049593411,1985.5501641570959
2024-01-23 06:25:00+00:00,1985.5501641570959,1986.2613680175066,1983.8942901962412,1984.5904519214891
2024-01-23 06:30:00+00:00,1984.5904519214891,1985.3182892706386,1982.9188477727562,1983.8341894816904
2024-01-23 06:35:00+00:00,1983.8341894816904,1984.6474635890308,1982.2374244350517,1982.61191941265
2024-01-23 06:40:00+00:00,1982.61191941265,1983.8188327050702,1982.1937017718524,1983.1997672493287
2024-01-23 06:45:00+00:00,1983.1997672493287,1983.4940336011875,1980.6598762742638,1980.7803202225405
2024-01-23 06:50:00+00:00,1980.7803202225405,1982.9579192389192,1980.2743227039787,1982.101188663856
2024-01-23 06:55:00+00:00,1982.101188663856,1982.3973350248048,1981.0081812865933,1981.7795202410036
2024-01-23 07:00:00+00:00,1981.7795202410036,1982.182008857096,1980.5260629567777,1981.144053894543
2024-01-23 07:05:00+00:00,1981.144053894543,1982.1701807859044,1980.7399077878633,1981.2570312473513
2024-01-23 07:10:00+00:00,1981.2570312473513,1981.5737554443226,1980.4032753737713,1980.965245694072
2024-01-23 07:15:00+00:00,1980.965245694072,1981.4787208047712,1980.4571158320357,1980.5904220080797
2024-01-23 07:20:00+00:00,1980.5904220080797,1981.0324758448987,1980.4472083752084,1980.8850138235216
2024-01-23 07:25:00+00:00,1980.8850138235216,1982.076950791527,1980.694604671588,1981.365318870387
2024-01-23 07:30:00+00:00,1981.365318870387,1981.6536711342405,1980.633583396925,1980.8459965852487
2024-01-23 07:35:00+00:00,1980.8459965852487,1982.5012962250212,1980.4649644028327,1982.2395878662117
2024-01-23 07:40:00+00:00,1982.2395878662117,1983.1797494455905,1980.0821965724322,1981.0093018900895
2024-01-23 07:45:00+00:00,1981.0093018900895,1982.3671194365338,1980.8232633305622,1981.7321174889437
2024-01-23 07:50:00+00:00,1981.7321174889437,1982.8297550730335,1981.4167633694265,1981.9173278371413
2024-01-23 07:55:00+00:00,1981.9173278371413,1982.2943661896063,1980.1035976644819,1980.9488814746114
2024-01-23 08:00:00+00:00,1980.9488814746114,1982.2934086897653,1980.4291117800262,1981.6776473596642
2024-01-23 08:05:00+00:00,1981.6776473596642,1983.509976411505,1981.2321017079764,1982.817818242599
2024-01-23 08:10:00+00:00,1982.817818242599,1983.090661481158,1980.8609170835127,1981.3587570228776
2024-01-23 08:15:00+00:00,1981.3587570228776,1982.7470302319207,1981.025741539406,1981.850560449005
2024-01-23 08:20:00+00:00,1981.850560449005,1982.2335508669682,1981.4122472081913,1981.7221384841737
2024-01-23 08:25:00+00:00,1981.7221384841737,1982.8679911289037,1981.112271741341,1981.8851134247427
2024-01-23 08:30:00+00:00,1981.8851134247427,1982.8845615594635,1979.8008348355409,1980.340387427171
2024-01-23 08:35:00+00:00,1980.340387427171,1981.1497371684632,1979.8598560921234,1980.8523553392365
2024-01-23 08:40:00+00:00,1980.8523553392365,1982.5382023813956,1980.311739752454,1981.868099662551
2024-01-23 08:45:00+00:00,1981.868099662551,1982.9175990692947,1981.677654618603,1982.08324094556
2024-01-23 08:50:00+00:00,1982.08324094556,1982.5894274812033,1980.8092889092839,1981.4314425468044
2024-01-23 08:55:00+00:00,1981.4314425468044,1981.6623277544506,1980.229180829456,1981.084102604881
2024-01-23 09:00:00+00:00,1981.084102604881,1981.5756827607981,1980.8535868913552,1981.3344963400282
2024-01-23 09:05:00+00:00,1981.3344963400282,1982.125942743658,1980.258675992817,1981.1162899009532
2024-01-23 09:10:00+00:00,1981.1162899009532,1981.7228857296404,1979.3395154769844,1979.8515605568298
2024-01-23 09:15:00+00:00,1979.8515605568298,1980.4229958883188,1977.8434371010255,1978.7499899875797
2024-01-23 09:20:00+00:00,1978.7499899875797,1979.5869762313866,1977.1150881020467,1977.3691781403068
2024-01-23 09:25:00+00:00,1977.3691781403068,1977.75862831701,1976.468175914362,1977.3621344025703
2024-01-23 09:30:00+00:00,1977.3621344025703,1979.1473212491485,1976.3752440445971,1978.9765004927756
2024-01-23 09:35:00+00:00,1978.9765004927756,1980.5662116524466,1978.6204312220914,1980.130698367528
2024-01-23 09:40:00+00:00,1980.130698367528,1980.9410650527025,1979.5157240121289,1979.8821255052897
2024-01-23 09:45:00+00:00,1979.8821255052897,1980.7245871013083,1979.305079232675,1979.6591461166256
2024-01-23 09:50:00+00:00,1979.6591461166256,1980.9858587806418,1979.3695555351753,1980.4620792816545
2024-01-23 09:55:00+00:00,1980.4620792816545,1981.1643871569645,1979.917924759934,1981.036733564403
2024-01-23 10:00:00+00:00,1981.036733564403,1982.4374804550262,1980.7309894815864,1982.1354526321818
2024-01-23 10:05:00+00:00,1982.1354526321818,1983.4821550905378,1981.3536209996143,1982.4952729741478
2024-01-23 10:10:00+00:00,1982.4952729741478,1983.3636257084845,1982.0030926782838,1982.1067049074081
2024-01-23 10:15:00+00:00,1982.1067049074081,1982.7961638188613,1981.6251784589745,1982.6052095736043
2024-01-23 10:20:00+00:00,1982.6052095736043,1984.742917808291,1982.2366764770654,1984.1519254252305
2024-01-23 10:25:00+00:00,1984.1519254252305,1985.0149030994596,1984.0456927930932,1984.368017444573
2024-01-23 10:30:00+00:00,1984.368017444573,1986.5140717604038,1984.180073569153,1986.1960884255852
2024-01-23 10:35:00+00:00,1986.1960884255852,1987.0576867782095,1984.6694351437286,1985.3855604140686
2024-01-23 10:40:00+00:00,1985.3855604140686,1985.875073613026,1984.68238652846,1985.0876100560026
2024-01-23 10:45:00+00:00,1985.0876100560026,1986.0259998133658,1984.6037382807162,1985.2734551902568
2024-01-23 10:50:00+00:00,1985.2734551902568,1985.447236959864,1984.526280817405,1985.157847913631
2024-01-23 10:55:00+00:00,1985.157847913631,1986.5683241562797,1984.665459052308,1985.9659017336112
2024-01-23 11:00:00+00:00,1985.9659017336112,1987.102029453666,1985.283291793617,1986.2336095425421
2024-01-23 11:05:00+00:00,1986.2336095425421,1987.5992794124818,1985.4616567323337,1986.808966207049
2024-01-23 11:10:00+00:00,1986.808966207049,1988.4181026654533,1986.7058860750421,1988.143079066205
2024-01-23 11:15:00+00:00,1988.143079066205,1988.7909784071628,1986.9235972138301,1987.0559725654414
2024-01-23 11:20:00+00:00,1987.0559725654414,1988.044036681881,1986.2463048130257,1986.7834631066455
2024-01-23 11:25:00+00:00,1986.7834631066455,1989.4734245711952,1986.1456684461846,1988.5578884430477
2024-01-23 11:30:00+00:00,1988.5578884430477,1989.100812781109,1987.2867054189649,1988.2387783621714
2024-01-23 11:35:00+00:00,1988.2387783621714,1988.6488801161363,1986.868899162957,1987.2608043477512
2024-01-23 11:40:00+00:00,1987.2608043477512,1987.7402121704158,1985.9436969012281,1986.4860483317036
2024-01-23 11:45:00+00:00,1986.4860483317036,1987.2892608782886,1984.7992919273097,1985.4278385110333
2024-01-23 11:50:00+00:00,1985.4278385110333,1985.9882875812918,1985.0467980363069,1985.2676711043844
2024-01-23 11:55:00+00:00,1985.2676711043844,1986.35056263784,1984.6773397805516,1985.4772813278732
2024-01-23 12:00:00+00:00,1985.4772813278732,1986.5272925119214,1984.7168496554693,1985.755856377346
2024-01-23 12:05:00+00:00,1985.755856377346,1987.1550328639466,1985.3978470486863,1986.4133559799093
2024-01-23 12:10:00+00:00,1986.4133559799093,1987.3146790394032,1985.949970662391,1986.2518173544593
2024-01-23 12:15:00+00:00,1986.2518173544593,1987.5616006076925,1985.944223597437,1986.960449220095
2024-01-23 12:20:00+00:00,1986.960449220095,1988.2480798200863,1986.4055539133678,1987.9372214117434
2024-01-23 12:25:00+00:00,1987.9372214117434,1988.7824437749316,1986.3815121756072,1986.657349064614
2024-01-23 12:30:00+00:00,1986.657349064614,1986.8277968085788,1984.813060387146,1985.7416803333224
2024-01-23 12:35:00+00:00,1985.7416803333224,1986.4659962697158,1985.4168324654768,1986.1380078641846
2024-01-23 12:40:00+00:00,1986.1380078641846,1986.5779010033598,1984.0852249363197,1985.0576377183938
2024-01-23 12:45:00+00:00,1985.0576377183938,1986.7671646104566,1984.2375690937608,1986.0014484633184
2024-01-23 12:50:00+00:00,1986.0014484633184,1986.7516571768665,1985.096822757128,1985.4373803231854
2024-01-23 12:55:00+00:00,1985.4373803231854,1985.8520924584695,1983.9793168810238,1984.8449184902054
2024-01-23 13:00:00+00:00,1984.8449184902054,1985.260823067514,1984.5888333496716,1984.9441997093752
2024-01-23 13:05:00+00:00,1984.9441997093752,1987.9524287839677,1984.3431595112213,1987.013557604782
2024-01-23 13:10:00+00:00,1987.013557604782,1987.1432482817993,1985.2790813954443,1985.9735999241911
2024-01-23 13:15:00+00:00,1985.9735999241911,1986.4206784132625,1985.546805503345,1985.9057081413068
2024-01-23 13:20:00+00:00,1985.9057081413068,1986.4786949266734,1984.8340327840756,1985.2058321794714
2024-01-23 13:25:00+00:00,1985.2058321794714,1986.3510677105958,1984.3053646971048,1985.6900176100094
2024-01-23 13:30:00+00:00,1985.6900176100094,1986.6625605788115,1985.0137184743078,1985.5303734191755
2024-01-23 13:35:00+00:00,1985.5303734191755,1985.9588843091058,1984.7663019304,1985.444564399796
2024-01-23 13:40:00+00:00,1985.444564399796,1986.6022314570737,1984.9950127557945,1985.8290585811908
2024-01-23 13:45:00+00:00,1985.8290585811908,1986.5711609454058,1985.2123616091967,1985.5864670276937
2024-01-23 13:50:00+00:00,1985.5864670276937,1986.0056441171862,1985.4098503770017,1985.5842290814217
2024-01-23 13:55:00+00:00,1985.5842290814217,1986.2296013241646,1984.6642939357796,1986.0198521479194
2024-01-23 14:00:00+00:00,1986.0198521479194,1986.565246326626,1985.5667472753635,1985.9561667484354
2024-01-23 14:05:00+00:00,1985.9561667484354,1986.4311024642616,1985.1274092816543,1985.6955219013978
2024-01-23 14:10:00+00:00,1985.6955219013978,1986.012681974613,1984.0460624299865,1984.8763036606267
2024-01-23 14:15:00+00:00,1984.8763036606267,1985.846518054414,1984.0008042269762,1985.2234492866887
2024-01-23 14:20:00+00:00,1985.2234492866887,1985.6382991618839,1984.8520241203357,1985.3094139732784
2024-01-23 14:25:00+00:00,1985.3094139732784,1985.4381702331686,1984.6485685680884,1985.1521736458774
2024-01-23 14:30:00+00:00,1985.1521736458774,1986.1474121848935,1983.973146780922,1984.5535868864968
2024-01-23 14:35:00+00:00,1984.5535868864968,1985.4770010401542,1983.5951742707607,1984.0865751991596
2024-01-23 14:40:00+00:00,1984.0865751991596,1984.3038529183316,1982.469007075163,1983.1846110558374
2024-01-23 14:45:00+00:00,1983.1846110558374,1985.4704525398988,1982.2397539145495,1984.7411308558146
2024-01-23 14:50:00+00:00,1984.7411308558146,1985.4960407201074,1984.5940396864166,1985.2715869749036
2024-01-23 14:55:00+00:00,1985.2715869749036,1987.5790178357806,1984.3957871610519,1987.0446676316606
2024-01-23 15:00:00+00:00,1987.0446676316606,1987.8753995856,1984.6919091265427,1985.4685522728132
2024-01-23 15:05:00+00:00,1985.4685522728132,1986.2171407292494,1983.3115900198084,1984.0084738117462
2024-01-23 15:10:00+00:00,1984.0084738117462,1985.1922714535629,1983.2530199337607,1984.2401882254053
2024-01-23 15:15:00+00:00,1984.2401882254053,1985.0012549049038,1983.612783807665,1984.0430290300387
2024-01-23 15:20:00+00:00,1984.0430290300387,1984.5009495768306,1983.224131296467,1983.5931421572504
2024-01-23 15:25:00+00:00,1983.5931421572504,1984.5629055523555,1982.8114023448884,1983.0154503820236
2024-01-23 15:30:00+00:00,1983.0154503820236,1983.5918122090063,1982.2384300842084,1982.7537917486168
2024-01-23 15:35:00+00:00,1982.7537917486168,1983.7344907681484,1980.2632634684578,1980.4071513262138
2024-01-23 15:40:00+00:00,1980.4071513262138,1982.6795790261704,1979.4527664874067,1982.5728929196102
2024-01-23 15:45:00+00:00,1982.5728929196102,1982.7055717319004,1981.9743498731605,1982.2446867469962
2024-01-23 15:50:00+00:00,1982.2446867469962,1983.1640650520621,1981.571750040324,1982.0295631787917
2024-01-23 15:55:00+00:00,1982.0295631787917,1983.070820939488,1981.5520201113814,1982.8531071307725
2024-01-23 16:00:00+00:00,1982.8531071307725,1983.5088580481324,1981.9875317944532,1982.6728773363689
2024-01-23 16:05:00+00:00,1982.6728773363689,1983.1866694847063,1982.0556581477947,1982.950460304607
2024-01-23 16:10:00+00:00,1982.950460304607,1983.681035620467,1982.6939831663672,1983.5712615875398
2024-01-23 16:15:00+00:00,1983.5712615875398,1984.666801316186,1982.9005956223318,1984.253472987403
2024-01-23 16:20:00+00:00,1984.253472987403,1985.504955409944,1983.473232834856,1984.7273273903727
2024-01-23 16:25:00+00:00,1984.7273273903727,1986.5284658185842,1984.4497126079048,1985.713725721089
2024-01-23 16:30:00+00:00,1985.713725721089,1987.0353291905774,1985.3198968757017,1986.7212871475062
2024-01-23 16:35:00+00:00,1986.7212871475062,1987.5790398183462,1986.4448723518099,1986.858728332997
2024-01-23 16:40:00+00:00,1986.858728332997,1988.0893656641122,1986.282961539135,1987.3807667619324
2024-01-23 16:45:00+00:00,1987.3807667619324,1988.0361633754146,1986.4133986925037,1986.9493073719348
2024-01-23 16:50:00+00:00,1986.9493073719348,1987.8928098860742,1986.7385721163853,1987.7139953080145
2024-01-23 16:55:00+00:00,1987.7139953080145,1988.375686175782,1985.622024854065,1986.5930938468803
2024-01-23 17:00:00+00:00,1986.5930938468803,1987.376494197236,1984.515621990131,1985.3893181743827
2024-01-23 17:05:00+00:00,1985.3893181743827,1985.6712933638412,1984.0589816139911,1984.7520183944016
2024-01-23 17:10:00+00:00,1984.7520183944016,1986.21882437124,1983.8461392975917,1985.2578423145994
2024-01-23 17:15:00+00:00,1985.2578423145994,1985.7626972212026,1983.8114306408036,1984.7907763706887
2024-01-23 17:20:00+00:00,1984.7907763706887,1985.25829203233,1983.991164585628,1984.5586555657903
2024-01-23 17:25:00+00:00,1984.5586555657903,1986.3210194960607,1983.641928409754,1985.7436001793506
2024-01-23 17:30:00+00:00,1985.7436001793506,1987.7646907039227,1985.1487912173066,1987.2803072942918
2024-01-23 17:35:00+00:00,1987.2803072942918,1989.4126475726764,1986.8638094610226,1989.3081665469006
2024-01-23 17:40:00+00:00,1989.3081665469006,1991.2309941364647,1988.629321677117,1990.3849011458585
2024-01-23 17:45:00+00:00,1990.3849011458585,1991.2577032762642,1989.9705888650228,1991.071848648895
2024-01-23 17:50:00+00:00,1991.071848648895,1991.7548253148116,1990.709464241383,1991.6351031437923
2024-01-23 17:55:00+00:00,1991.6351031437923,1992.0687802880477,1990.539517633051,1990.763465912993
2024-01-23 18:00:00+00:00,1990.763465912993,1991.4265450444577,1990.2323648071078,1990.9986574161378
2024-01-23 18:05:00+00:00,1990.9986574161378,1991.9955622889759,1990.3773741065363,1991.000357456198
2024-01-23 18:10:00+00:00,1991.000357456198,1992.9404382181488,1990.6121702064017,1992.048127184605
2024-01-23 18:15:00+00:00,1992.048127184605,1993.3342585837004,1991.2356746751311,1992.6341899812116
2024-01-23 18:20:00+00:00,1992.6341899812116,1993.5124378067444,1991.2901623127764,1991.8995991274496
2024-01-23 18:25:00+00:00,1991.8995991274496,1992.2464276573548,1991.2424295818682,1991.734171454638
2024-01-23 18:30:00+00:00,1991.734171454638,1992.8759501368984,1990.8931327966186,1992.3191623160928
2024-01-23 18:35:00+00:00,1992.3191623160928,1993.5405716857224,1991.8510796436985,1992.5732409675732
2024-01-23 18:40:00+00:00,1992.5732409675732,1992.9704978141333,1991.5503044082998,1992.1174930468474
2024-01-23 18:45:00+00:00,1992.1174930468474,1993.611723130815,1991.5475197302883,1992.9772280373693
2024-01-23 18:50:00+00:00,1992.9772280373693,1993.4651470649724,1991.2736943820541,1991.3787995071536
2024-01-23 18:55:00+00:00,1991.3787995071536,1992.2997429954871,1991.14236755295,1991.966057470993
2024-01-23 19:00:00+00:00,1991.966057470993,1992.9196608240632,1990.96500815243,1991.2714672973812
2024-01-23 19:05:00+00:00,1991.2714672973812,1991.8328326207486,1989.6405935432886,1990.0123903586693
2024-01-23 19:10:00+00:00,1990.0123903586693,1990.5692382486852,1989.4036811081419,1989.7689922652992
2024-01-23 19:15:00+00:00,1989.7689922652992,1991.2006322625914,1989.4479013832024,1990.8371327971724
2024-01-23 19:20:00+00:00,1990.8371327971724,1991.8290086361635,1988.8361322691046,1989.4693200118325
2024-01-23 19:25:00+00:00,1989.4693200118325,1989.6774111403474,1988.4813322632397,1989.3513298580071
2024-01-23 19:30:00+00:00,1989.3513298580071,1989.6494516348646,1988.745590414779,1989.3824471340765
2024-01-23 19:35:00+00:00,1989.3824471340765,1990.3095781697045,1988.4819905932907,1989.0076681343464
2024-01-23 19:40:00+00:00,1989.0076681343464,1989.3300571135044,1988.2655855379467,1988.6625127010516
2024-01-23 19:45:00+00:00,1988.6625127010516,1989.5108792002625,1988.066531649869,1988.575479675968
2024-01-23 19:50:00+00:00,1988.575479675968,1989.2247102625506,1987.8400472466767,1988.7755399039727
2024-01-23 19:55:00+00:00,1988.7755399039727,1990.3109631954967,1988.0522162741886,1990.0999586219195
2024-01-23 20:00:00+00:00,1990.0999586219195,1990.6324193439923,1987.1247161435576,1987.6607302569182
2024-01-23 20:05:00+00:00,1987.6607302569182,1988.0328416820605,1986.9233600029581,1987.9032472797614
2024-01-23 20:10:00+00:00,1987.9032472797614,1989.5889777946693,1986.9835000592304,1988.7130935970517
2024-01-23 20:15:00+00:00,1988.7130935970517,1989.0999104885348,1986.2924299354772,1987.1578111302997
2024-01-23 20:20:00+00:00,1987.1578111302997,1988.642102785652,1986.7759098253669,1987.7343289501077
2024-01-23 20:25:00+00:00,1987.7343289501077,1989.1592632932923,1987.6213595134614,1988.6124160094246
2024-01-23 20:30:00+00:00,1988.6124160094246,1988.9711674267369,1987.7121455590352,1988.2618031360696
2024-01-23 20:35:00+00:00,1988.2618031360696,1989.269447877738,1988.1365820049887,1988.4989252514526
2024-01-23 20:40:00+00:00,1988.4989252514526,1988.9564178849964,1987.0187767097345,1987.9789015428123
2024-01-23 20:45:00+00:00,1987.9789015428123,1988.8188791173773,1986.751190570737,1986.8767282295578
2024-01-23 20:50:00+00:00,1986.8767282295578,1987.7376124312734,1985.8541242665867,1986.398108033458
2024-01-23 20:55:00+00:00,1986.398108033458,1987.3553144558534,1985.5203900865502,1985.792988865559
2024-01-23 21:00:00+00:00,1985.792988865559,1986.9922979548007,1984.8826103737326,1986.6378197832453
2024-01-23 21:05:00+00:00,1986.6378197832453,1986.8673617885613,1985.315894551866,1986.0752124100616
2024-01-23 21:10:00+00:00,1986.0752124100616,1987.0331135664571,1985.8192713906785,1986.6783289272973
2024-01-23 21:15:00+00:00,1986.6783289272973,1988.2322657942184,1985.9464057535326,1987.484272570749
2024-01-23 21:20:00+00:00,1987.484272570749,1989.1779333145812,1986.7725975361673,1988.5597131665174
2024-01-23 21:25:00+00:00,1988.5597131665174,1989.0809262540972,1987.9180208584633,1988.6083934462438
2024-01-23 21:30:00+00:00,1988.6083934462438,1989.3252081766618,1988.1501385354088,1989.075259034104
2024-01-23 21:35:00+00:00,1989.075259034104,1990.043797113653,1987.7954217540662,1988.380439611692
2024-01-23 21:40:00+00:00,1988.380439611692,1988.6169247997118,1987.0506494615515,1987.4805024067084
2024-01-23 21:45:00+00:00,1987.4805024067084,1989.6894382849514,1986.8838882080563,1988.9193065018576
2024-01-23 21:50:00+00:00,1988.9193065018576,1990.8775114783884,1988.2154157960347,1989.8893967781128
2024-01-23 21:55:00+00:00,1989.8893967781128,1990.380500473653,1987.989794281454,1988.9892023163682
2024-01-23 22:00:00+00:00,1988.9892023163682,1989.4818025503926,1987.4620173208723,1988.2267799479646
2024-01-23 22:05:00+00:00,1988.2267799479646,1990.2115085557625,1987.495393706643,1989.7733706523218
2024-01-23 22:10:00+00:00,1989.7733706523218,1990.4198259483217,1989.1377112713765,1990.0546281032355
2024-01-23 22:15:00+00:00,1990.0546281032355,1991.8631761113097,1989.1151576888437,1991.123420527283
2024-01-23 22:20:00+00:00,1991.123420527283,1992.9510083453367,1990.8994788498283,1992.4789618023947
2024-01-23 22:25:00+00:00,1992.4789618023947,1993.0131284401173,1992.2363340192046,1992.3628894541462
2024-01-23 22:30:00+00:00,1992.3628894541462,1993.4967019624771,1992.0555864675928,1993.2016739955234
2024-01-23 22:35:00+00:00,1993.2016739955234,1993.8543566059757,1991.6183576365124,1992.174103257373
2024-01-23 22:40:00+00:00,1992.174103257373,1992.946231974306,1991.8418449665435,1992.1587043003633
2024-01-23 22:45:00+00:00,1992.1587043003633,1993.8430026873457,1991.6754903364188,1992.8906377327405
2024-01-23 22:50:00+00:00,1992.8906377327405,1994.794492387776,1992.2809594980322,1994.1494375752109
2024-01-23 22:55:00+00:00,1994.1494375752109,1994.423572359118,1993.7846468638795,1994.178956996224
2024-01-23 23:00:00+00:00,1994.178956996224,1994.8662345653913,1993.98128465896,1994.6783687871737
2024-01-23 23:05:00+00:00,1994.6783687871737,1995.6738532197035,1993.1946231004415,1993.9479723547238
2024-01-23 23:10:00+00:00,1993.9479723547238,1995.3415991876655,1993.8043238054647,1994.7922636312903
2024-01-23 23:15:00+00:00,1994.7922636312903,1995.599416051536,1993.0760079411525,1993.6357857483213
2024-01-23 23:20:00+00:00,1993.6357857483213,1993.8753815747805,1993.0459951983987,1993.336908772276
2024-01-23 23:25:00+00:00,1993.336908772276,1994.240582645547,1992.4118996435864,1993.222457515649
2024-01-23 23:30:00+00:00,1993.222457515649,1993.687375205316,1991.7254045858697,1992.403732879731
2024-01-23 23:35:00+00:00,1992.403732879731,1992.6089694661532,1991.080673735811,1991.8758160387765
2024-01-23 23:40:00+00:00,1991.8758160387765,1992.5203536034662,1990.6155013986038,1991.6082158967968
2024-01-23 23:45:00+00:00,1991.6082158967968,1992.700910173094,1991.0454552103918,1992.4744638809725
2024-01-23 23:50:00+00:00,1992.4744638809725,1993.8667278689506,1991.748653928308,1993.0520248688715
2024-01-23 23:55:00+00:00,1993.0520248688715,1993.8109917350985,1992.2925324011596,1993.3707752990913
2024-01-24 00:00:00+00:00,1993.3707752990913,1994.4385844135336,1992.8951790240724,1993.7072547840546
2024-01-24 00:05:00+00:00,1993.7072547840546,1994.7980384469504,1993.3988449630535,1994.068035880531
2024-01-24 00:10:00+00:00,1994.068035880531,1994.7079874378255,1993.1095481135942,1993.227608971107
2024-01-24 00:15:00+00:00,1993.227608971107,1994.2013275393383,1992.6038906722833,1992.9407213013687
2024-01-24 00:20:00+00:00,1992.9407213013687,1993.9074739342614,1992.2301825496293,1992.7509723444691
2024-01-24 00:25:00+00:00,1992.7509723444691,1993.7378878774716,1992.1374116764325,1993.4357867795945
2024-01-24 00:30:00+00:00,1993.4357867795945,1994.3513287425762,1992.9565900487426,1993.7265579612133
2024-01-24 00:35:00+00:00,1993.7265579612133,1994.8559187175656,1993.4182703893075,1994.2272511569333
2024-01-24 00:40:00+00:00,1994.2272511569333,1995.18739408381,1992.847567483362,1993.1885895699893
2024-01-24 00:45:00+00:00,1993.1885895699893,1995.2654587221612,1992.7051690940755,1994.6122338959087
2024-01-24 00:50:00+00:00,1994.6122338959087,1994.7798768957455,1993.5615607335196,1994.0493275092365
2024-01-24 00:55:00+00:00,1994.0493275092365,1994.5177725368726,1992.6157097840328,1993.174341634139
2024-01-24 01:00:00+00:00,1993.174341634139,1993.7293187602559,1992.4676406030994,1993.2099069311585
2024-01-24 01:05:00+00:00,1993.2099069311585,1993.9550086818367,1992.2265472777408,1993.4546245460303
2024-01-24 01:10:00+00:00,1993.4546245460303,1994.3873760055492,1992.5640510986457,1993.2794969814618
2024-01-24 01:15:00+00:00,1993.2794969814618,1994.6959492798892,1992.8218740760044,1994.5945383374274
2024-01-24 01:20:00+00:00,1994.5945383374274,1995.2348517456257,1993.9855203036266,1994.0993907936047
2024-01-24 01:25:00+00:00,1994.0993907936047,1994.6671452259902,1992.9707552685497,1993.6691510009382
2024-01-24 01:30:00+00:00,1993.6691510009382,1994.3767101716285,1991.7383679642628,1992.478067824058
2024-01-24 01:35:00+00:00,1992.478067824058,1993.820920594567,1991.9859992153567,1993.6386129526786
2024-01-24 01:40:00+00:00,1993.6386129526786,1994.2182146165362,1993.1786793154013,1993.3100253477376
2024-01-24 01:45:00+00:00,1993.3100253477376,1993.6765095463495,1992.492879927483,1992.9482540462263
2024-01-24 01:50:00+00:00,1992.9482540462263,1993.9068942962708,1991.0947156879363,1991.3107291847896
2024-01-24 01:55:00+00:00,1991.3107291847896,1991.7001111503482,1990.2721302735065,1990.54053870363
2024-01-24 02:00:00+00:00,1990.54053870363,1990.9886341794959,1989.2731605559243,1990.0519076716168
2024-01-24 02:05:00+00:00,1990.0519076716168,1990.5040112584477,1989.8524883364532,1990.378654554039
2024-01-24 02:10:00+00:00,1990.378654554039,1991.9939644890678,1990.0719857087709,1991.1813154424135
2024-01-24 02:15:00+00:00,1991.1813154424135,1993.004062850321,1990.691835695639,1992.1611590038826
2024-01-24 02:20:00+00:00,1992.1611590038826,1992.5363159842607,1990.7799063011523,1991.4782094154045
2024-01-24 02:25:00+00:00,1991.4782094154045,1992.5653704514818,1991.2000628358105,1991.6544194628584
2024-01-24 02:30:00+00:00,1991.6544194628584,1993.66742056637,1991.346049252021,1993.0012772636035
2024-01-24 02:35:00+00:00,1993.0012772636035,1993.9039130063425,1992.2927292632164,1993.561083398851
2024-01-24 02:40:00+00:00,1993.561083398851,1994.695804206325,1992.927434382701,1994.2996323319658
2024-01-24 02:45:00+00:00,1994.2996323319658,1995.8929124132155,1993.3673080506076,1995.4549319714536
2024-01-24 02:50:00+00:00,1995.4549319714536,1996.1257141272054,1994.6320172785183,1995.9597042088815
2024-01-24 02:55:00+00:00,1995.9597042088815,1996.2322396904683,1995.8250733031175,1996.0675236277689
2024-01-24 03:00:00+00:00,1996.0675236277689,1999.029550438212,1995.5195179307432,1998.3546663574352
2024-01-24 03:05:00+00:00,1998.3546663574352,1999.0150535617483,1996.8140025492974,1997.0737591061477
2024-01-24 03:10:00+00:00,1997.0737591061477,1997.606661385901,1996.4916576117785,1997.3217881413666
2024-01-24 03:15:00+00:00,1997.3217881413666,1998.445762328131,1996.5229812758744,1997.9656224762339
2024-01-24 03:20:00+00:00,1997.9656224762339,1998.902258506483,1997.4176142825445,1998.1239296780702
2024-01-24 03:25:00+00:00,1998.1239296780702,1999.1410558193095,1997.73433480273,1998.1912526213584
2024-01-24 03:30:00+00:00,1998.1912526213584,1998.7958619954854,1997.6813574239159,1997.9051425231346
2024-01-24 03:35:00+00:00,1997.9051425231346,1999.1833505383142,1997.3949185133895,1998.9506050482426
2024-01-24 03:40:00+00:00,1998.9506050482426,1999.6878472329254,1996.5274577913422,1997.4111246253558
2024-01-24 03:45:00+00:00,1997.4111246253558,1997.658092959778,1996.0859830446227,1996.4536289356324
2024-01-24 03:50:00+00:00,1996.4536289356324,1996.9122931926604,1994.4723463587236,1995.2594062754463
2024-01-24 03:55:00+00:00,1995.2594062754463,1996.0659659449916,1994.518591426766,1994.686675179924
2024-01-24 04:00:00+00:00,1994.686675179924,1995.1006413901425,1993.6486153919793,1994.2425094492655
2024-01-24 04:05:00+00:00,1994.2425094492655,1994.7829349018473,1993.520154233778,1994.6076541969912
2024-01-24 04:10:00+00:00,1994.6076541969912,1995.987030713877,1994.30949836894,1995.5363598423453
2024-01-24 04:15:00+00:00,1995.5363598423453,1995.878726514782,1993.9369751369466,1994.836922864775
2024-01-24 04:20:00+00:00,1994.836922864775,1995.3635105660976,1993.8959595756407,1994.9136120938738
2024-01-24 04:25:00+00:00,1994.9136120938738,1997.4360802658382,1994.4473825127463,1996.8205967497472
2024-01-24 04:30:00+00:00,1996.8205967497472,1998.28008084398,1995.9072155668046,1997.5659897857436
2024-01-24 04:35:00+00:00,1997.5659897857436,1998.1586575317508,1996.0896264493028,1996.1919137911627
2024-01-24 04:40:00+00:00,1996.1919137911627,1997.452591255493,1995.555055190952,1996.9073509776204
2024-01-24 04:45:00+00:00,1996.9073509776204,1997.4007330487423,1996.483260877851,1997.0382334954775
2024-01-24 04:50:00+00:00,1997.0382334954775,1998.0087483735172,1996.4283962319348,1997.1374275956787
2024-01-24 04:55:00+00:00,1997.1374275956787,1998.341596220123,1996.7110571846904,1997.5080394369845
2024-01-24 05:00:00+00:00,1997.5080394369845,1998.9489325784382,1996.6911020026907,1998.3124821523752
2024-01-24 05:05:00+00:00,1998.3124821523752,1999.047426385181,1997.690283605506,1998.630078951855
2024-01-24 05:10:00+00:00,1998.630078951855,2000.2514506697744,1998.4524245740301,1999.5806668540497
2024-01-24 05:15:00+00:00,1999.5806668540497,2000.565281516176,1998.892285210842,1999.9574414561644
2024-01-24 05:20:00+00:00,1999.9574414561644,2001.1097913772353,1999.213197158227,2000.8152875775027
2024-01-24 05:25:00+00:00,2000.8152875775027,2002.249318941296,2000.1886386518756,2001.3772771973277
2024-01-24 05:30:00+00:00,2001.3772771973277,2001.7612097111407,1999.732485044034,2000.6580549441776
2024-01-24 05:35:00+00:00,2000.6580549441776,2001.5479302057863,1999.1071310562104,1999.3795707031832
2024-01-24 05:40:00+00:00,1999.3795707031832,2001.4963456920398,1998.8814096341202,2001.1222658656152
2024-01-24 05:45:00+00:00,2001.1222658656152,2001.2994980862159,1999.7491410452944,2000.4047557825618
2024-01-24 05:50:00+00:00,2000.4047557825618,2001.0653876519248,1998.7653982659626,1999.4844457861557
2024-01-24 05:55:00+00:00,1999.4844457861557,2000.8208850330432,1998.7128836871516,2000.4654549163665
2024-01-24 06:00:00+00:00,2000.4654549163665,2002.3369477917875,1999.5514301669225,2001.5162558332613
2024-01-24 06:05:00+00:00,2001.5162558332613,2002.2283203116967,2001.0347659714641,2001.4060877996576
2024-01-24 06:10:00+00:00,2001.4060877996576,2003.1218735569041,2000.6086029982382,2002.611193831722
2024-01-24 06:15:00+00:00,2002.611193831722,2003.423551000725,2001.923745518988,2002.185479004859
2024-01-24 06:20:00+00:00,2002.185479004859,2002.900050079879,2001.652389522021,2001.893792317897
2024-01-24 06:25:00+00:00,2001.893792317897,2002.7374591351304,2000.1342050593046,2000.7193721594842
2024-01-24 06:30:00+00:00,2000.7193721594842,2002.9683176726921,2000.4528341659836,2002.6027416493548
2024-01-24 06:35:00+00:00,2002.6027416493548,2003.0908800416842,2001.7793768519603,2002.761643301646
2024-01-24 06:40:00+00:00,2002.761643301646,2003.6571890433886,2002.1788678319544,2003.4645224742444
2024-01-24 06:45:00+00:00,2003.4645224742444,2004.4076790326446,2001.7164671334758,2002.0882066994538
2024-01-24 06:50:00+00:00,2002.0882066994538,2002.7475981339892,2001.8620509340917,2002.5884011682806
2024-01-24 06:55:00+00:00,2002.5884011682806,2003.4560460118314,2000.0763286990123,2001.0389065435509
2024-01-24 07:00:00+00:00,2001.0389065435509,2001.9429549918004,2000.2655469155145,2000.5006770461482
2024-01-24 07:05:00+00:00,2000.5006770461482,2002.0010931841884,1999.7962838283947,2001.1736181426593
2024-01-24 07:10:00+00:00,2001.1736181426593,2002.9419876969155,2000.5614405713563,2002.533710875657
2024-01-24 07:15:00+00:00,2002.533710875657,2004.4025288222902,2001.926460975009,2004.047267215728
2024-01-24 07:20:00+00:00,2004.047267215728,2004.4528892629362,2003.8975556317612,2004.0911138820504
2024-01-24 07:25:00+00:00,2004.0911138820504,2004.509246035312,2002.8634900124566,2002.9991990411672
2024-01-24 07:30:00+00:00,2002.9991990411672,2003.8734468517698,2002.5474950184089,2003.417296158313
2024-01-24 07:35:00+00:00,2003.417296158313,2003.86911765385,2002.7130621422682,2003.0961167811813
2024-01-24 07:40:00+00:00,2003.0961167811813,2004.0904474027643,2002.8569564695238,2003.8301475410713
2024-01-24 07:45:00+00:00,2003.8301475410713,2004.5893901981897,2003.5404987975762,2004.3484228093282
2024-01-24 07:50:00+00:00,2004.3484228093282,2006.700257967073,2004.053694651917,2006.0041344198935
2024-01-24 07:55:00+00:00,2006.0041344198935,2007.2707858749536,2005.0993035112988,2006.6677918271116
2024-01-24 08:00:00+00:00,2006.6677918271116,2007.3178681120855,2006.1925762495498,2006.6322201453452
2024-01-24 08:05:00+00:00,2006.6322201453452,2007.5067408440502,2005.695289372972,2007.140266134978
2024-01-24 08:10:00+00:00,2007.140266134978,2007.835066747269,2006.3823433911386,2006.96276471222
2024-01-24 08:15:00+00:00,2006.96276471222,2007.7485761913229,2006.0432473206358,2006.6357499991216
2024-01-24 08:20:00+00:00,2006.6357499991216,2007.185206839211,2005.381976862269,2006.2009016966365
2024-01-24 08:25:00+00:00,2006.2009016966365,2006.7473958785124,2005.265912112125,2006.072280133642
2024-01-24 08:30:00+00:00,2006.072280133642,2006.6091078444556,2005.2033273892046,2005.6018511478976
2024-01-24 08:35:00+00:00,2005.6018511478976,2005.870257910262,2005.4477136180374,2005.7198180567214
2024-01-24 08:40:00+00:00,2005.7198180567214,2006.1514366259914,2004.3540480796448,2004.4638686351138
2024-01-24 08:45:00+00:00,2004.4638686351138,2004.8839417365816,2003.3611464516307,2004.1195692201538
2024-01-24 08:50:00+00:00,2004.1195692201538,2005.1093586036989,2003.4837931928475,2004.720961974435
2024-01-24 08:55:00+00:00,2004.720961974435,2005.3077598408988,2003.7263396874837,2004.0970262936557
2024-01-24 09:00:00+00:00,2004.0970262936557,2004.6908340932064,2003.0510696295598,2003.2499398773878
2024-01-24 09:05:00+00:00,2003.2499398773878,2005.9079539332536,2002.3328867569242,2004.9266495113266
2024-01-24 09:10:00+00:00,2004.9266495113266,2005.1976902760555,2004.2661834444023,2004.525720428659
2024-01-24 09:15:00+00:00,2004.525720428659,2007.071368498651,2003.7373890503143,2006.1634323595656
2024-01-24 09:20:00+00:00,2006.1634323595656,2006.3317354837611,2005.7619617425241,2006.163107700792
2024-01-24 09:25:00+00:00,2006.163107700792,2007.6297535645244,2005.5506089591086,2006.676600670572
2024-01-24 09:30:00+00:00,2006.676600670572,2008.000806636205,2005.8315019411148,2007.532659951502
2024-01-24 09:35:00+00:00,2007.532659951502,2008.0037597694875,2006.6888948939838,2007.0223567995972
2024-01-24 09:40:00+00:00,2007.0223567995972,2007.7848252429496,2005.8130513435826,2006.3790947893494
2024-01-24 09:45:00+00:00,2006.3790947893494,2006.9358947137905,2006.0433771707567,2006.5180474411022
2024-01-24 09:50:00+00:00,2006.5180474411022,2006.7106043346646,2006.1489106472566,2006.5265758144042
2024-01-24 09:55:00+00:00,2006.5265758144042,2007.9028473233125,2005.8737863040335,2007.268004750551
2024-01-24 10:00:00+00:00,2007.268004750551,2008.1736027795378,2006.0159130677573,2006.9044276263417
2024-01-24 10:05:00+00:00,2006.9044276263417,2007.703623797716,2005.8624417634885,2006.37323919626
2024-01-24 10:10:00+00:00,2006.37323919626,2007.1616898572154,2006.0359763475296,2006.643778742695
2024-01-24 10:15:00+00:00,2006.643778742695,2007.114719786218,2005.4941581153,2006.0374119145229
2024-01-24 10:20:00+00:00,2006.0374119145229,2006.8259883985165,2004.5648943486963,2005.2712630022045
2024-01-24 10:25:00+00:00,2005.2712630022045,2006.2838484426582,2004.8195922366747,2005.5904584563739
2024-01-24 10:30:00+00:00,2005.5904584563739,2006.1839844939416,2004.3737953514888,2005.2883734790578
2024-01-24 10:35:00+00:00,2005.2883734790578,2005.8630552778764,2003.8081246789334,2004.146669967554
2024-01-24 10:40:00+00:00,2004.146669967554,2005.083713528806,2003.8505700495984,2004.9744142014379
2024-01-24 10:45:00+00:00,2004.9744142014379,2005.41885608333,2004.6425120977558,2004.8189527444108
2024-01-24 10:50:00+00:00,2004.8189527444108,2005.5686086167432,2001.8557966848612,2002.8543920030324
2024-01-24 10:55:00+00:00,2002.8543920030324,2003.1627072335693,2001.679470211561,2002.2121543290998
2024-01-24 11:00:00+00:00,2002.2121543290998,2003.670399550615,2001.320736318349,2003.148597879273
2024-01-24 11:05:00+00:00,2003.148597879273,2003.5463590818217,2002.3708462465572,2003.190975693768
2024-01-24 11:10:00+00:00,2003.190975693768,2003.7612948304104,2002.0258846134288,2002.622026213041
2024-01-24 11:15:00+00:00,2002.622026213041,2003.5343590471086,2002.1969176386065,2002.8527221317443
2024-01-24 11:20:00+00:00,2002.8527221317443,2003.5800105971111,2001.313347379884,2002.2853931314385
2024-01-24 11:25:00+00:00,2002.2853931314385,2003.2500408520034,2001.625423908767,2001.999761111056
2024-01-24 11:30:00+00:00,2001.999761111056,2002.8147184306279,2001.7860621637953,2002.3714448868218
2024-01-24 11:35:00+00:00,2002.3714448868218,2002.71627290247,2001.0685833019427,2001.5429400326968
2024-01-24 11:40:00+00:00,2001.5429400326968,2003.4098355053893,2001.0874086685103,2003.1973716437628
2024-01-24 11:45:00+00:00,2003.1973716437628,2004.1243844079456,2000.0379008836017,2000.8945724849966
2024-01-24 11:50:00+00:00,2000.8945724849966,2001.6847382703868,1998.813522998018,1999.5284191866674
2024-01-24 11:55:00+00:00,1999.5284191866674,2000.9634368328157,1999.1382484603914,2000.3569943212876
2024-01-24 12:00:00+00:00,2000.3569943212876,2001.1050074302725,1999.7769192564774,2000.6850036341314
2024-01-24 12:05:00+00:00,2000.6850036341314,2002.851226741841,2000.310089148266,2002.4007923094011
2024-01-24 12:10:00+00:00,2002.4007923094011,2003.2191004568806,2001.572345262606,2003.017997001086
2024-01-24 12:15:00+00:00,2003.017997001086,2004.55763758797,2002.4779162901984,2004.066237829876
2024-01-24 12:20:00+00:00,2004.066237829876,2005.4175285214462,2003.459602151333,2004.7121822135684
2024-01-24 12:25:00+00:00,2004.7121822135684,2005.3736932390493,2003.8434719684822,2004.580599698045
2024-01-24 12:30:00+00:00,2004.580599698045,2005.1466913992374,2002.1319808716696,2003.0088979737454
2024-01-24 12:35:00+00:00,2003.0088979737454,2003.4112237933168,2002.3410336464517,2002.7930077961198
2024-01-24 12:40:00+00:00,2002.7930077961198,2003.7619083016202,2002.6546071895318,2003.2224453069005
2024-01-24 12:45:00+00:00,2003.2224453069005,2003.632606393764,2002.7725808650882,2003.4900302858528
2024-01-24 12:50:00+00:00,2003.4900302858528,2003.6372438707735,2002.4899050690008,2002.7049070434914
2024-01-24 12:55:00+00:00,2002.7049070434914,2004.332966411524,2002.0787004135018,2003.600636749477
2024-01-24 13:00:00+00:00,2003.600636749477,2003.857293242612,2002.5292940411907,2003.265284177689
2024-01-24 13:05:00+00:00,2003.265284177689,2003.9932992328231,2001.538916549049,2002.4182023808037
2024-01-24 13:10:00+00:00,2002.4182023808037,2002.6840090236785,2002.079310552732,2002.5241280567786
2024-01-24 13:15:00+00:00,2002.5241280567786,2003.4248983906496,2002.009409717006,2002.5103941496716
2024-01-24 13:20:00+00:00,2002.5103941496716,2003.3340645175567,2000.6805036595151,2001.4952970150616
2024-01-24 13:25:00+00:00,2001.4952970150616,2001.945679100742,2000.3607741801136,2000.6678805003796
2024-01-24 13:30:00+00:00,2000.6678805003796,2001.8193136901436,1999.8500466587213,2000.85875835492
2024-01-24 13:35:00+00:00,2000.85875835492,2002.7886420757573,1999.8754650461674,2002.4818846211879
2024-01-24 13:40:00+00:00,2002.4818846211879,2003.4691532680167,1999.9654450249263,2000.2939667758385
2024-01-24 13:45:00+00:00,2000.2939667758385,2001.023773437481,1997.2170205189066,1998.1711744301558
2024-01-24 13:50:00+00:00,1998.1711744301558,1998.7877340977323,1997.4259544861252,1997.571193627617
2024-01-24 13:55:00+00:00,1997.571193627617,1997.9846343229601,1996.344351734618,1997.2137494427307
2024-01-24 14:00:00+00:00,1997.2137494427307,1998.0995260340783,1996.722743635851,1997.9689398704904
2024-01-24 14:05:00+00:00,1997.9689398704904,1998.38344749166,1996.3577954934945,1996.5480654960413
2024-01-24 14:10:00+00:00,1996.5480654960413,1997.533827705734,1995.6647506907268,1996.829372229422
2024-01-24 14:15:00+00:00,1996.829372229422,1997.9537944193191,1996.6328057067979,1997.1694492605757
2024-01-24 14:20:00+00:00,1997.1694492605757,1998.2081769632757,1996.4305159384694,1998.0167683914353
2024-01-24 14:25:00+00:00,1998.0167683914353,1998.3817430078536,1997.3012545681393,1997.499373114592
2024-01-24 14:30:00+00:00,1997.499373114592,1997.6100217922424,1995.9884409187184,1996.8198181997557
2024-01-24 14:35:00+00:00,1996.8198181997557,1997.8108287113714,1995.681868776674,1996.6504285514131
2024-01-24 14:40:00+00:00,1996.6504285514131,1996.934132107119,1995.5975033683035,1996.224838263236
2024-01-24 14:45:00+00:00,1996.224838263236,1996.4111124196845,1994.945641826191,1995.8173531113637
2024-01-24 14:50:00+00:00,1995.8173531113637,1996.5945032801942,1995.123037627141,1995.4187584565648
2024-01-24 14:55:00+00:00,1995.4187584565648,1996.3345152200006,1994.5661911235193,1996.1155866490894
2024-01-24 15:00:00+00:00,1996.1155866490894,1996.5071969681771,1995.6439450355447,1995.9438904916474
2024-01-24 15:05:00+00:00,1995.9438904916474,1996.8127726446469,1995.4520598780487,1995.8245000815878
2024-01-24 15:10:00+00:00,1995.8245000815878,1997.37984883063,1995.2769508663082,1996.4225870896732
2024-01-24 15:15:00+00:00,1996.4225870896732,1996.798499400841,1995.2430314893463,1996.2406607696553
2024-01-24 15:20:00+00:00,1996.2406607696553,1996.785294558633,1995.758179596037,1996.5090138826768
2024-01-24 15:25:00+00:00,1996.5090138826768,1996.824066555955,1994.6813376534394,1995.250646445813
2024-01-24 15:30:00+00:00,1995.250646445813,1996.2001167049484,1994.4437630218695,1995.3927581580315
2024-01-24 15:35:00+00:00,1995.3927581580315,1995.7990009683367,1994.4916244774572,1995.4981362274982
2024-01-24 15:40:00+00:00,1995.4981362274982,1995.7994447022259,1994.3038103615334,1995.0003380927667
2024-01-24 15:45:00+00:00,1995.0003380927667,1995.7944131444217,1994.2925042109623,1994.5794305789411
2024-01-24 15:50:00+00:00,1994.5794305789411,1995.463595008121,1993.2086452453318,1993.9042846015932
2024-01-24 15:55:00+00:00,1993.9042846015932,1995.2781972581363,1993.6719059613426,1995.0177946511405
2024-01-24 16:00:00+00:00,1995.0177946511405,1995.190520694184,1994.4022207923738,1994.9642099952996
2024-01-24 16:05:00+00:00,1994.9642099952996,1995.279340543076,1993.8387580825174,1994.4076357407994
2024-01-24 16:10:00+00:00,1994.4076357407994,1994.5925271177236,1993.6958938868586,1993.8991402633035
2024-01-24 16:15:00+00:00,1993.8991402633035,1994.7096808215153,1992.9420669211624,1993.1108088860578
2024-01-24 16:20:00+00:00,1993.1108088860578,1993.8611164455074,1992.9654400350707,1993.364201909101
2024-01-24 16:25:00+00:00,1993.364201909101,1994.5313149442493,1992.90034042253,1993.5507380295771
2024-01-24 16:30:00+00:00,1993.5507380295771,1994.2314560070904,1992.2635235903397,1992.8848799954642
2024-01-24 16:35:00+00:00,1992.8848799954642,1993.3703379407789,1991.90951259142,1992.2878010211728
2024-01-24 16:40:00+00:00,1992.2878010211728,1993.1325892295185,1991.685207702574,1992.5757392987268
2024-01-24 16:45:00+00:00,1992.5757392987268,1993.4209437886732,1990.9330601507584,1991.6041640433568
2024-01-24 16:50:00+00:00,1991.6041640433568,1993.8695213481765,1990.6523041063765,1992.9504281666486
2024-01-24 16:55:00+00:00,1992.9504281666486,1993.4762436329156,1992.6176342433546,1993.110804983239
2024-01-24 17:00:00+00:00,1993.110804983239,1993.5404708196643,1991.7649469190062,1992.671594661698
2024-01-24 17:05:00+00:00,1992.671594661698,1993.819261191152,1992.0536214700169,1992.9342022791259
2024-01-24 17:10:00+00:00,1992.9342022791259,1993.4709626495267,1991.1318627958628,1991.357198274078
2024-01-24 17:15:00+00:00,1991.357198274078,1992.6848116414142,1991.095081690491,1991.8870441334045
2024-01-24 17:20:00+00:00,1991.8870441334045,1992.4333376009183,1990.8022381826274,1991.3943521772276
2024-01-24 17:25:00+00:00,1991.3943521772276,1992.4174972254064,1991.1164778818027,1992.2801410245945
2024-01-24 17:30:00+00:00,1992.2801410245945,1994.039581396742,1991.7196712485368,1993.1017375630406
2024-01-24 17:35:00+00:00,1993.1017375630406,1993.8797811163095,1991.715296079846,1992.4429217378156
2024-01-24 17:40:00+00:00,1992.4429217378156,1994.1811424952853,1991.7868399659221,1993.783323288317
2024-01-24 17:45:00+00:00,1993.783323288317,1994.724475266177,1992.641419910464,1993.5580636542431
2024-01-24 17:50:00+00:00,1993.5580636542431,1994.053804695635,1992.6789259547627,1993.3478982932174
2024-01-24 17:55:00+00:00,1993.3478982932174,1994.518679035114,1992.7549152963484,1994.3275380692105
2024-01-24 18:00:00+00:00,1994.3275380692105,1995.3725020875488,1993.533802660645,1995.222264277702
2024-01-24 18:05:00+00:00,1995.222264277702,1995.620728882548,1994.3265423006412,1994.7068084983166
2024-01-24 18:10:00+00:00,1994.7068084983166,1995.3459587410518,1994.229478011093,1994.9085924658102
2024-01-24 18:15:00+00:00,1994.9085924658102,1995.4486289775225,1993.6041685441492,1994.4243436217266
2024-01-24 18:20:00+00:00,1994.4243436217266,1994.5888513707353,1993.1337688883034,1993.6435697634763
2024-01-24 18:25:00+00:00,1993.6435697634763,1994.3678989116852,1992.4760968524793,1993.0830896731923
2024-01-24 18:30:00+00:00,1993.0830896731923,1994.0420091814085,1992.650792964393,1993.4660165386647
2024-01-24 18:35:00+00:00,1993.4660165386647,1994.162609793665,1991.4725227847177,1991.902237976766
2024-01-24 18:40:00+00:00,1991.902237976766,1992.373797919179,1991.4103850413442,1992.145795989841
2024-01-24 18:45:00+00:00,1992.145795989841,1992.6242343763938,1991.1496712032106,1991.4688519150566
2024-01-24 18:50:00+00:00,1991.4688519150566,1991.8642395181505,1990.811276748857,1991.2521583297926
2024-01-24 18:55:00+00:00,1991.2521583297926,1992.982073790314,1990.512986397721,1992.3724025337758
2024-01-24 19:00:00+00:00,1992.3724025337758,1993.636235623723,1991.605883176813,1992.7899302158094
2024-01-24 19:05:00+00:00,1992.7899302158094,1993.132054925963,1992.0926844932844,1992.4887274123662
2024-01-24 19:10:00+00:00,1992.4887274123662,1994.3751545270359,1992.0219007881833,1994.0943317648864
2024-01-24 19:15:00+00:00,1994.0943317648864,1994.5737191486933,1991.801827346217,1992.7178300295927
2024-01-24 19:20:00+00:00,1992.7178300295927,1993.2449085001524,1992.547452948894,1992.7819153559506
2024-01-24 19:25:00+00:00,1992.7819153559506,1994.6130389629525,1992.6452820338911,1993.6461842340752
2024-01-24 19:30:00+00:00,1993.6461842340752,1993.9404848756776,1992.382922451916,1992.4945527082114
2024-01-24 19:35:00+00:00,1992.4945527082114,1993.2128360690465,1991.7089579413607,1992.9370319450034
2024-01-24 19:40:00+00:00,1992.9370319450034,1993.1924919016774,1991.7377802640747,1992.7369605027218
2024-01-24 19:45:00+00:00,1992.7369605027218,1995.1802437827507,1992.110837239316,1994.2082964792007
2024-01-24 19:50:00+00:00,1994.2082964792007,1995.8708495481665,1993.8569172806988,1995.0038367144334
2024-01-24 19:55:00+00:00,1995.0038367144334,1995.72455433235,1994.4037820868177,1995.5171682222997
2024-01-24 20:00:00+00:00,1995.5171682222997,1996.5027893636773,1993.309092560647,1994.2047412645252
2024-01-24 20:05:00+00:00,1994.2047412645252,1994.9195434632213,1993.0695503339332,1993.9829752093701
2024-01-24 20:10:00+00:00,1993.9829752093701,1996.284902905057,1993.5909974787794,1995.4750401836277
2024-01-24 20:15:00+00:00,1995.4750401836277,1996.9688085258779,1994.5559152353244,1996.205815615464
2024-01-24 20:20:00+00:00,1996.205815615464,1997.0564645183626,1995.2866740837694,1995.5949014148305
2024-01-24 20:25:00+00:00,1995.5949014148305,1996.3155390960392,1995.0766656968506,1995.4269349417968
2024-01-24 20:30:00+00:00,1995.4269349417968,1995.9219579960873,1993.67239244417,1993.8567596641278
2024-01-24 20:35:00+00:00,1993.8567596641278,1994.4347434030653,1993.009745971004,1993.981783285426
2024-01-24 20:40:00+00:00,1993.981783285426,1994.519543322069,1992.844004713142,1993.1096186604561
2024-01-24 20:45:00+00:00,1993.1096186604561,1993.7337575854037,1991.4593475953752,1991.8522566903061
2024-01-24 20:50:00+00:00,1991.8522566903061,1992.3238966907393,1990.271545006425,1990.9801564899026
2024-01-24 20:55:00+00:00,1990.9801564899026,1991.8071811877546,1990.3938681669729,1991.6800208944203
2024-01-24 21:00:00+00:00,1991.6800208944203,1991.919197539716,1989.3991743130002,1990.3164659163388
2024-01-24 21:05:00+00:00,1990.3164659163388,1990.8241136899521,1987.020628547557,1987.8138732976295
2024-01-24 21:10:00+00:00,1987.8138732976295,1990.536006301958,1987.3202971707933,1989.7188377274745
2024-01-24 21:15:00+00:00,1989.7188377274745,1990.1665826140154,1988.5119694536795,1989.3203529318362
2024-01-24 21:20:00+00:00,1989.3203529318362,1990.1977987874661,1988.230802873747,1988.9189793423443
2024-01-24 21:25:00+00:00,1988.9189793423443,1989.844518772688,1987.2927791362404,1987.8936001177522
2024-01-24 21:30:00+00:00,1987.8936001177522,1989.0999940467407,1987.2069215201316,1988.9271045037137
2024-01-24 21:35:00+00:00,1988.9271045037137,1990.2910147226505,1988.3030676360445,1989.5402388366153
2024-01-24 21:40:00+00:00,1989.5402388366153,1991.1742380380224,1988.8788981906682,1990.2163672738616
2024-01-24 21:45:00+00:00,1990.2163672738616,1991.0112171766482,1989.4020345048648,1990.6428631500542
2024-01-24 21:50:00+00:00,1990.6428631500542,1991.9527898238894,1989.8378238249304,1991.4517452407442
2024-01-24 21:55:00+00:00,1991.4517452407442,1992.350726945001,1991.1963414899355,1991.8357636732208
2024-01-24 22:00:00+00:00,1991.8357636732208,1992.3400083924726,1991.3257896066852,1991.6837884096967
2024-01-24 22:05:00+00:00,1991.6837884096967,1993.4394100633947,1990.9371356277602,1992.5942421710022
2024-01-24 22:10:00+00:00,1992.5942421710022,1993.7412424888387,1992.0977907641802,1992.8125895589271
2024-01-24 22:15:00+00:00,1992.8125895589271,1993.66637032032,1991.9442807779114,1992.3347202487657
2024-01-24 22:20:00+00:00,1992.3347202487657,1992.8704643395865,1991.3979819193955,1992.6545592752184
2024-01-24 22:25:00+00:00,1992.6545592752184,1993.5580904176682,1990.6245522508784,1990.9453978741246
2024-01-24 22:30:00+00:00,1990.9453978741246,1991.7984602071565,1990.0005155293888,1991.0803334413401
2024-01-24 22:35:00+00:00,1991.0803334413401,1992.0229666636067,1989.6262131603835,1990.4849890366672
2024-01-24 22:40:00+00:00,1990.4849890366672,1990.9385646180187,1988.4749208390788,1989.1547566935744
2024-01-24 22:45:00+00:00,1989.1547566935744,1990.0506490908651,1988.3289986560123,1989.6755350381309
2024-01-24 22:50:00+00:00,1989.6755350381309,1991.858477229748,1989.1409105172281,1991.4527466628986
2024-01-24 22:55:00+00:00,1991.4527466628986,1993.0229556107631,1990.8787604398651,1992.5792709414684
2024-01-24 23:00:00+00:00,1992.5792709414684,1994.0245230482935,1992.1780222424081,1993.1293330667356
2024-01-24 23:05:00+00:00,1993.1293330667356,1993.665506000753,1991.9910464738257,1992.4482377077436
2024-01-24 23:10:00+00:00,1992.4482377077436,1992.80751546892,1990.3173726814928,1991.1967267373063
2024-01-24 23:15:00+00:00,1991.1967267373063,1991.9904965943247,1990.7890059298402,1990.8985601995175
2024-01-24 23:20:00+00:00,1990.8985601995175,1991.0425413792657,1989.6943007722195,1990.2947177968808
2024-01-24 23:25:00+00:00,1990.2947177968808,1990.921801193985,1989.4963030641106,1990.509079404537
2024-01-24 23:30:00+00:00,1990.509079404537,1992.8711821043275,1989.5835298308655,1992.0589915459857
2024-01-24 23:35:00+00:00,1992.0589915459857,1993.454222243842,1991.958051556746,1992.8066259125656
2024-01-24 23:40:00+00:00,1992.8066259125656,1993.5654775737928,1992.3312191609057,1993.1390633992778
2024-01-24 23:45:00+00:00,1993.1390633992778,1993.846621138188,1992.725421088245,1993.4987598877342
2024-01-24 23:50:00+00:00,1993.4987598877342,1993.681312423073,1991.3020787658802,1992.1460703201985
2024-01-24 23:55:00+00:00,1992.1460703201985,1992.9253833425826,1991.2973895437128,1992.8034166976913
2024-01-25 00:00:00+00:00,1992.8034166976913,1993.2649718815467,1992.1695132289854,1992.98429220475
2024-01-25 00:05:00+00:00,1992.98429220475,1993.524194337689,1991.4612632477906,1992.3438796722967
2024-01-25 00:10:00+00:00,1992.3438796722967,1992.8553757569691,1991.7896383945615,1992.2949474557718
2024-01-25 00:15:00+00:00,1992.2949474557718,1992.8712960419643,1991.542553615763,1992.129547938775
2024-01-25 00:20:00+00:00,1992.129547938775,1992.8054176036642,1991.5630472458192,1992.6829760138528
2024-01-25 00:25:00+00:00,1992.6829760138528,1993.177571605167,1991.8478210795695,1992.2606222858178
2024-01-25 00:30:00+00:00,1992.2606222858178,1994.0488999305896,1991.8430376754582,1993.2855828147924
2024-01-25 00:35:00+00:00,1993.2855828147924,1994.1158491221042,1992.411077594214,1993.3409679998383
2024-01-25 00:40:00+00:00,1993.3409679998383,1993.9431157412557,1992.568244916566,1992.926812923655
2024-01-25 00:45:00+00:00,1992.926812923655,1994.9359780039745,1992.5353550359653,1994.2017747293498
2024-01-25 00:50:00+00:00,1994.2017747293498,1994.3102991414669,1993.7568101567967,1994.0767063077428
2024-01-25 00:55:00+00:00,1994.0767063077428,1994.4998535821917,1993.8470125385836,1994.0971015954747
2024-01-25 01:00:00+00:00,1994.0971015954747,1994.6581308921502,1992.1775016539045,1993.1737527723742
2024-01-25 01:05:00+00:00,1993.1737527723742,1995.1743584442704,1992.2449848113863,1994.2455698485905
2024-01-25 01:10:00+00:00,1994.2455698485905,1994.5772404041281,1993.2809341168588,1994.2394729234718
2024-01-25 01:15:00+00:00,1994.2394729234718,1995.1178480101705,1993.7166234425067,1994.754604400031
2024-01-25 01:20:00+00:00,1994.754604400031,1995.2510676620225,1993.6304064808185,1994.5235886727369
2024-01-25 01:25:00+00:00,1994.5235886727369,1995.5097819521495,1993.7508661636118,1994.7934743529408
2024-01-25 01:30:00+00:00,1994.7934743529408,1995.414175339379,1993.5703089420576,1993.6714113270784
2024-01-25 01:35:00+00:00,1993.6714113270784,1994.4472201843867,1992.6855358008634,1993.2839555713508
2024-01-25 01:40:00+00:00,1993.2839555713508,1993.6326592829348,1991.5033929160284,1992.1635555762944
2024-01-25 01:45:00+00:00,1992.1635555762944,1992.9855768516238,1991.4796836801625,1991.8984564585153
2024-01-25 01:50:00+00:00,1991.8984564585153,1993.4964965099252,1991.6886529910032,1992.577299187807
2024-01-25 01:55:00+00:00,1992.577299187807,1993.16304707826,1991.163316092218,1992.1378171386352
2024-01-25 02:00:00+00:00,1992.1378171386352,1992.4805341819103,1991.237982330332,1992.0834145128429
2024-01-25 02:05:00+00:00,1992.0834145128429,1993.1334233984812,1991.8355884162952,1992.272678464054
2024-01-25 02:10:00+00:00,1992.272678464054,1994.4395264815103,1991.3222524137116,1993.7772151291063
2024-01-25 02:15:00+00:00,1993.7772151291063,1995.3957680383216,1992.8764278140593,1994.518950008409
2024-01-25 02:20:00+00:00,1994.518950008409,1994.998669929952,1992.573888351861,1993.0758927217696
2024-01-25 02:25:00+00:00,1993.0758927217696,1994.9831021584857,1992.5950213744156,1994.287875993508
2024-01-25 02:30:00+00:00,1994.287875993508,1994.4171876859164,1992.3782548491756,1992.7935534953442
2024-01-25 02:35:00+00:00,1992.7935534953442,1993.1226342934735,1990.5126800500436,1991.479192804935
2024-01-25 02:40:00+00:00,1991.479192804935,1992.0511392050678,1990.7646877961668,1991.6755437771324
2024-01-25 02:45:00+00:00,1991.6755437771324,1994.0082990360472,1991.2602076149722,1993.0779946695106
2024-01-25 02:50:00+00:00,1993.0779946695106,1993.7960807277705,1991.6048370060353,1992.3702769840572
2024-01-25 02:55:00+00:00,1992.3702769840572,1992.5117784411038,1990.987510323995,1991.2944854617367
2024-01-25 03:00:00+00:00,1991.2944854617367,1991.8968008227798,1990.156007449744,1991.0019368300339
2024-01-25 03:05:00+00:00,1991.0019368300339,1991.6358542022851,1990.43620176901,1991.1444571743375
2024-01-25 03:10:00+00:00,1991.1444571743375,1993.138867661364,1990.3293065776186,1992.3530768059309
2024-01-25 03:15:00+00:00,1992.3530768059309,1992.7094883713746,1991.502128382376,1992.4172893407576
2024-01-25 03:20:00+00:00,1992.4172893407576,1992.8176927673576,1991.09097456523,1992.0652444804496
2024-01-25 03:25:00+00:00,1992.0652444804496,1992.3185821171066,1991.196379114507,1991.6893109544512
2024-01-25 03:30:00+00:00,1991.6893109544512,1992.5953275720412,1991.4336928483372,1991.803187797078
2024-01-25 03:35:00+00:00,1991.803187797078,1992.7253611837073,1991.4252062693708,1992.223860956331
2024-01-25 03:40:00+00:00,1992.223860956331,1992.5190737641924,1990.3704098903347,1991.328873875267
2024-01-25 03:45:00+00:00,1991.328873875267,1991.8186125901502,1990.392462633925,1991.1500497856214
2024-01-25 03:50:00+00:00,1991.1500497856214,1992.3386761456102,1990.4509788436937,1991.8039573734914
2024-01-25 03:55:00+00:00,1991.8039573734914,1994.6748457192393,1991.1954348091535,1993.7748474139325
2024-01-25 04:00:00+00:00,1993.7748474139325,1994.5079834709657,1993.1399740123459,1994.1887140458264
2024-01-25 04:05:00+00:00,1994.1887140458264,1994.3499752366301,1991.250587972445,1992.1888898792965
2024-01-25 04:10:00+00:00,1992.1888898792965,1992.5121514345426,1991.1524964527082,1991.6565444006246
2024-01-25 04:15:00+00:00,1991.6565444006246,1992.1571039333592,1991.5322917542794,1992.0065348797355
2024-01-25 04:20:00+00:00,1992.0065348797355,1992.1445268170582,1991.3665556407232,1991.6865157756797
2024-01-25 04:25:00+00:00,1991.6865157756797,1993.1328379323027,1990.880279894989,1992.7240283338488
2024-01-25 04:30:00+00:00,1992.7240283338488,1993.48651310314,1992.364879580187,1992.4759510996307
2024-01-25 04:35:00+00:00,1992.4759510996307,1993.7299084333424,1991.7062931825133,1992.940716101507
2024-01-25 04:40:00+00:00,1992.940716101507,1994.2537962545064,1991.9419531325557,1993.361175508223
2024-01-25 04:45:00+00:00,1993.361175508223,1994.2140101946948,1992.3273081429,1992.9381909394367
2024-01-25 04:50:00+00:00,1992.9381909394367,1993.8473077401884,1992.1686704539218,1992.4566687422243
2024-01-25 04:55:00+00:00,1992.4566687422243,1992.7323887632585,1991.9252629860173,1992.1217728842553
2024-01-25 05:00:00+00:00,1992.1217728842553,1992.383781622621,1991.0158178149063,1991.1298464393692
2024-01-25 05:05:00+00:00,1991.1298464393692,1991.270971453112,1990.1484089967485,1991.153124535849
2024-01-25 05:10:00+00:00,1991.153124535849,1991.6202170145814,1989.7933836416942,1990.5234226837872
2024-01-25 05:15:00+00:00,1990.5234226837872,1991.047736293809,1989.7487057399535,1990.507925094443
2024-01-25 05:20:00+00:00,1990.507925094443,1990.7634585171775,1989.2815672544075,1989.535925860416
2024-01-25 05:25:00+00:00,1989.535925860416,1991.932523474328,1989.2252257962543,1990.954889307457
2024-01-25 05:30:00+00:00,1990.954889307457,1991.853208816896,1990.0641977984508,1991.4077761133326
2024-01-25 05:35:00+00:00,1991.4077761133326,1993.071455782309,1990.5352636137704,1992.6262003317822
2024-01-25 05:40:00+00:00,1992.6262003317822,1993.0799761151095,1991.3572453562354,1992.0436212093916
2024-01-25 05:45:00+00:00,1992.0436212093916,1992.2941862986402,1991.5133605923215,1991.6991343911566
2024-01-25 05:50:00+00:00,1991.6991343911566,1992.7538046851648,1990.8741511661376,1992.1202959391712
2024-01-25 05:55:00+00:00,1992.1202959391712,1992.6228365570219,1991.3270493331247,1992.4168791347136
2024-01-25 06:00:00+00:00,1992.4168791347136,1993.635059335461,1991.8184621788928,1992.682498744959
2024-01-25 06:05:00+00:00,1992.682498744959,1993.918785509959,1992.5624000475823,1993.3933364694403
2024-01-25 06:10:00+00:00,1993.3933364694403,1994.463848606254,1992.9081032400431,1993.8284179243904
2024-01-25 06:15:00+00:00,1993.8284179243904,1995.2654233400817,1993.2465717179882,1994.8421635283655
2024-01-25 06:20:00+00:00,1994.8421635283655,1995.2443073588242,1993.5445358145823,1994.3614081608027
2024-01-25 06:25:00+00:00,1994.3614081608027,1996.2343537315344,1993.9976300456135,1995.2475988457347
2024-01-25 06:30:00+00:00,1995.2475988457347,1995.448289076078,1991.5620625919125,1992.0965553640385
2024-01-25 06:35:00+00:00,1992.0965553640385,1992.6003427354892,1991.3678216344724,1992.3760290814405
2024-01-25 06:40:00+00:00,1992.3760290814405,1992.9530979038361,1991.5082542050588,1992.1405158835385
2024-01-25 06:45:00+00:00,1992.1405158835385,1992.4131818744113,1991.3531335964778,1991.6940027635872
2024-01-25 06:50:00+00:00,1991.6940027635872,1991.7999353032744,1991.1048419982178,1991.6673689591448
2024-01-25 06:55:00+00:00,1991.6673689591448,1992.3219494432608,1990.8467950547572,1991.5685670714527
2024-01-25 07:00:00+00:00,1991.5685670714527,1992.0021301292861,1991.3631993971862,1991.8992336897425
2024-01-25 07:05:00+00:00,1991.8992336897425,1992.5692399671702,1990.5340064180023,1990.9837430956475
2024-01-25 07:10:00+00:00,1990.9837430956475,1991.3600330172803,1989.9732681006844,1990.4366359723151
2024-01-25 07:15:00+00:00,1990.4366359723151,1991.4151862272904,1990.0125470268881,1990.7606021561116
2024-01-25 07:20:00+00:00,1990.7606021561116,1991.3799999894286,1989.8128799212839,1990.287619555728
2024-01-25 07:25:00+00:00,1990.287619555728,1991.2214163322444,1989.3480615744259,1989.8988866266047
2024-01-25 07:30:00+00:00,1989.8988866266047,1990.6746355265693,1989.4718548667765,1990.3537814453434
2024-01-25 07:35:00+00:00,1990.3537814453434,1991.4547090912033,1989.645543632517,1990.5231010880018
2024-01-25 07:40:00+00:00,1990.5231010880018,1991.1035661664564,1989.7283479830737,1990.0152458389864
2024-01-25 07:45:00+00:00,1990.0152458389864,1990.115260099503,1988.995462622152,1989.3054049628454
2024-01-25 07:50:00+00:00,1989.3054049628454,1990.231915302132,1988.506589602944,1989.7731825717194
2024-01-25 07:55:00+00:00,1989.7731825717194,1990.5921821296388,1989.4254093049972,1990.4401681724162
2024-01-25 08:00:00+00:00,1990.4401681724162,1991.70924901759,1989.8210050280807,1990.9828326069207
2024-01-25 08:05:00+00:00,1990.9828326069207,1992.1762490769706,1990.4865942080744,1991.4332717652294
2024-01-25 08:10:00+00:00,1991.4332717652294,1991.8040046346225,1990.5060803857257,1991.1701476998105
2024-01-25 08:15:00+00:00,1991.1701476998105,1991.485104930901,1989.5107740469616,1990.433168399819
2024-01-25 08:20:00+00:00,1990.433168399819,1990.9242734174675,1989.6832839971175,1990.359033532931
2024-01-25 08:25:00+00:00,1990.359033532931,1991.0066832586024,1990.0532896397485,1990.2056338682742
2024-01-25 08:30:00+00:00,1990.2056338682742,1990.4234138873198,1989.388470373862,1989.6327184449126
2024-01-25 08:35:00+00:00,1989.6327184449126,1990.1522228036577,1989.323271027681,1989.8335087323328
2024-01-25 08:40:00+00:00,1989.8335087323328,1993.2449873475123,1989.116041834766,1992.3886664456093
2024-01-25 08:45:00+00:00,1992.3886664456093,1992.935494325285,1991.6335525711243,1991.9225711135025
2024-01-25 08:50:00+00:00,1991.9225711135025,1992.285296836277,1991.3483963557658,1991.5961821656638
2024-01-25 08:55:00+00:00,1991.5961821656638,1992.3328952475804,1991.1415071304941,1992.2085339317691
2024-01-25 09:00:00+00:00,1992.2085339317691,1992.5376657481963,1991.08249925793,1991.5446494995208
2024-01-25 09:05:00+00:00,1991.5446494995208,1992.2160009554627,1990.1870549812138,1991.1518330360789
2024-01-25 09:10:00+00:00,1991.1518330360789,1991.4316098511981,1990.5599144756443,1990.7445968726524
2024-01-25 09:15:00+00:00,1990.7445968726524,1991.7288793636485,1989.8245905669621,1990.6677240850263
2024-01-25 09:20:00+00:00,1990.6677240850263,1992.2215897401802,1990.1616750959795,1991.3740990201059
2024-01-25 09:25:00+00:00,1991.3740990201059,1992.2089392068456,1990.5836211575556,1991.823451595459
2024-01-25 09:30:00+00:00,1991.823451595459,1992.4016912246288,1990.3650027725357,1990.53329810086
2024-01-25 09:35:00+00:00,1990.53329810086,1990.9592070805877,1989.8097718237975,1990.2266267302707
2024-01-25 09:40:00+00:00,1990.2266267302707,1990.6570763315824,1988.4648946638645,1989.3194853372802
2024-01-25 09:45:00+00:00,1989.3194853372802,1990.1356129728317,1988.526137718977,1989.5763892682828
2024-01-25 09:50:00+00:00,1989.5763892682828,1990.0212661247626,1988.455880671729,1989.116050639523
2024-01-25 09:55:00+00:00,1989.116050639523,1991.0368167563201,1988.349474194161,1990.0427523857356
2024-01-25 10:00:00+00:00,1990.0427523857356,1991.908441503116,1989.506724279233,1991.73207932142
2024-01-25 10:05:00+00:00,1991.73207932142,1992.649217767857,1990.4502012436578,1991.4402518003553
2024-01-25 10:10:00+00:00,1991.4402518003553,1992.3108440522096,1991.2973572129854,1991.5842715043336
2024-01-25 10:15:00+00:00,1991.5842715043336,1993.164302767521,1990.6674575143197,1992.2409582609018
2024-01-25 10:20:00+00:00,1992.2409582609018,1992.5717459237612,1991.1109717512345,1991.6088563065232
2024-01-25 10:25:00+00:00,1991.6088563065232,1992.3940184903904,1989.303682130146,1990.2832822795513
2024-01-25 10:30:00+00:00,1990.2832822795513,1991.4216011008336,1990.0918977922586,1990.6804632859019
2024-01-25 10:35:00+00:00,1990.6804632859019,1991.5245166757024,1990.2319174579277,1990.9290114761084
2024-01-25 10:40:00+00:00,1990.9290114761084,1991.5925999912467,1988.7763539006062,1989.2345678444628
2024-01-25 10:45:00+00:00,1989.2345678444628,1989.7317213510396,1988.715619400615,1989.1265584019638
2024-01-25 10:50:00+00:00,1989.1265584019638,1989.4453351917584,1988.199366243539,1988.6373149778608
2024-01-25 10:55:00+00:00,1988.6373149778608,1988.9360789596099,1987.235628669388,1988.029491422045
2024-01-25 11:00:00+00:00,1988.029491422045,1988.1954033652635,1987.5300413745367,1988.013360369055
2024-01-25 11:05:00+00:00,1988.013360369055,1988.5072493644404,1986.2338948239599,1986.687381395591
2024-01-25 11:10:00+00:00,1986.687381395591,1987.6477856087818,1984.6056115002157,1985.4068004074754
2024-01-25 11:15:00+00:00,1985.4068004074754,1987.4332972354616,1984.7322210288642,1986.4644022698053
2024-01-25 11:20:00+00:00,1986.4644022698053,1987.2461157779264,1986.1889552508555,1986.9756105655438
2024-01-25 11:25:00+00:00,1986.9756105655438,1987.2366803023656,1986.4357385890708,1986.8543112216664
2024-01-25 11:30:00+00:00,1986.8543112216664,1987.2218410280277,1985.9383068342788,1986.903318758159
2024-01-25 11:35:00+00:00,1986.903318758159,1987.305389672813,1986.5601437552718,1987.1281554083032
2024-01-25 11:40:00+00:00,1987.1281554083032,1987.4783388474084,1986.173745866019,1987.1138738123743
2024-01-25 11:45:00+00:00,1987.1138738123743,1989.650440976234,1986.5210159477977,1989.1487117733693
2024-01-25 11:50:00+00:00,1989.1487117733693,1989.5491179424664,1988.1103168045938,1988.5938679087778
2024-01-25 11:55:00+00:00,1988.5938679087778,1989.2315085059024,1988.4239725598204,1989.0850990890128
2024-01-25 12:00:00+00:00,1989.0850990890128,1990.0215811093033,1987.808082068159,1988.0296216842505
2024-01-25 12:05:00+00:00,1988.0296216842505,1988.9095366425095,1987.6132043848568,1988.541396970052
2024-01-25 12:10:00+00:00,1988.541396970052,1990.5952820782152,1987.7444122747772,1990.0575994509547
2024-01-25 12:15:00+00:00,1990.0575994509547,1990.701103320707,1989.1180493811735,1989.9704958625568
2024-01-25 12:20:00+00:00,1989.9704958625568,1990.5649074970404,1988.5677503981417,1989.2534996897245
2024-01-25 12:25:00+00:00,1989.2534996897245,1989.6906691193924,1987.6849783444684,1987.785646707506
2024-01-25 12:30:00+00:00,1987.785646707506,1988.8873600956085,1986.7898531634276,1988.7411967566723
2024-01-25 12:35:00+00:00,1988.7411967566723,1989.3816136363494,1987.7426978829499,1988.0968517531255
2024-01-25 12:40:00+00:00,1988.0968517531255,1989.2271970930813,1987.87011053586,1988.2573889860641
2024-01-25 12:45:00+00:00,1988.2573889860641,1989.5142146226083,1987.7440514925468,1988.8467063268552
2024-01-25 12:50:00+00:00,1988.8467063268552,1989.3149377961593,1987.46928836217,1987.9820180893169
2024-01-25 12:55:00+00:00,1987.9820180893169,1988.553191859816,1987.5783139558048,1988.011671111743
2024-01-25 13:00:00+00:00,1988.011671111743,1989.8874770788975,1987.8106814203206,1989.1785282108515
2024-01-25 13:05:00+00:00,1989.1785282108515,1989.8617013583987,1987.4849220917984,1988.411177112417
2024-01-25 13:10:00+00:00,1988.411177112417,1988.9334661742482,1987.2320938207515,1988.1315609034514
2024-01-25 13:15:00+00:00,1988.1315609034514,1988.4010678934508,1987.4781528006608,1988.1320104913364
2024-01-25 13:20:00+00:00,1988.1320104913364,1988.5720121116276,1986.3850575181154,1986.6793244746266
2024-01-25 13:25:00+00:00,1986.6793244746266,1986.9672848915711,1985.946045608039,1986.2757541628685
2024-01-25 13:30:00+00:00,1986.2757541628685,1987.2596373963604,1985.5568978064905,1987.0491281646287
2024-01-25 13:35:00+00:00,1987.0491281646287,1989.8036703459636,1986.3375744196148,1988.8185339925735
2024-01-25 13:40:00+00:00,1988.8185339925735,1988.9276168795532,1987.5743995565142,1987.972087676196
2024-01-25 13:45:00+00:00,1987.972087676196,1988.855919935873,1987.5039259050754,1988.010551211934
2024-01-25 13:50:00+00:00,1988.010551211934,1988.9583106064276,1987.7436098502128,1988.3133901763563
2024-01-25 13:55:00+00:00,1988.3133901763563,1988.5973935264944,1987.5166860094823,1988.04292967236
2024-01-25 14:00:00+00:00,1988.04292967236,1988.626502016852,1986.535077579231,1987.4914181527665
2024-01-25 14:05:00+00:00,1987.4914181527665,1988.1601366719822,1987.1594973924743,1987.2905920868207
2024-01-25 14:10:00+00:00,1987.2905920868207,1988.1789792124691,1986.697476558459,1986.8870563077191
2024-01-25 14:15:00+00:00,1986.8870563077191,1987.4366033167578,1985.423648160915,1986.1385129798994
2024-01-25 14:20:00+00:00,1986.1385129798994,1986.5641067774066,1985.7480915182675,1985.915915915669
2024-01-25 14:25:00+00:00,1985.915915915669,1986.8642019494314,1985.5875064260051,1985.7840949209815
2024-01-25 14:30:00+00:00,1985.7840949209815,1986.2167994447323,1982.7974232871472,1983.7648009660143
2024-01-25 14:35:00+00:00,1983.7648009660143,1984.357782579437,1983.403739241108,1983.8717162489536
2024-01-25 14:40:00+00:00,1983.8717162489536,1984.6539985791455,1982.7831752703312,1983.6869142266335
2024-01-25 14:45:00+00:00,1983.6869142266335,1984.4111106554337,1983.4631922078972,1983.7343429101031
2024-01-25 14:50:00+00:00,1983.7343429101031,1984.6523498531674,1981.7084125828071,1981.9561061682746
2024-01-25 14:55:00+00:00,1981.9561061682746,1983.8595407458774,1981.312232822863,1983.6936392506711
2024-01-25 15:00:00+00:00,1983.6936392506711,1983.9542287313902,1982.7047440134538,1983.6909976771715
2024-01-25 15:05:00+00:00,1983.6909976771715,1984.0677909530555,1981.9191917419653,1982.2482186479344
2024-01-25 15:10:00+00:00,1982.2482186479344,1984.08298759522,1982.1162013152941,1983.190785761462
2024-01-25 15:15:00+00:00,1983.190785761462,1984.1455495239904,1982.3833987440387,1983.740457845061
2024-01-25 15:20:00+00:00,1983.740457845061,1984.0489623121557,1983.146447715759,1983.2495683801865
2024-01-25 15:25:00+00:00,1983.2495683801865,1984.9484032316873,1982.5967963251562,1984.3314939844709
2024-01-25 15:30:00+00:00,1984.3314939844709,1984.9453347192623,1983.6447731874925,1984.8143916267156
2024-01-25 15:35:00+00:00,1984.8143916267156,1985.7875265913297,1982.9776515542633,1983.9195405254115
2024-01-25 15:40:00+00:00,1983.9195405254115,1984.0432895224467,1982.3516231637088,1983.323246722206
2024-01-25 15:45:00+00:00,1983.323246722206,1984.1847818782187,1983.1919727769857,1983.687075854799
2024-01-25 15:50:00+00:00,1983.687075854799,1985.3530195957892,1983.3997512383964,1985.138290838649
2024-01-25 15:55:00+00:00,1985.138290838649,1986.1030976200004,1984.2279483021427,1984.7413134208498
2024-01-25 16:00:00+00:00,1984.7413134208498,1986.7417530516202,1984.5070423612353,1985.9816958687893
2024-01-25 16:05:00+00:00,1985.9816958687893,1986.5487900854923,1985.3366364236203,1986.130105051819
2024-01-25 16:10:00+00:00,1986.130105051819,1986.553782372341,1984.4873715856843,1985.4856602274162
2024-01-25 16:15:00+00:00,1985.4856602274162,1987.4523816120607,1985.2202714291886,1986.6620059880886
2024-01-25 16:20:00+00:00,1986.6620059880886,1987.2325877000255,1985.659730871057,1985.8613769935087
2024-01-25 16:25:00+00:00,1985.8613769935087,1986.0933089933437,1985.5599058849612,1985.6893496482453
2024-01-25 16:30:00+00:00,1985.6893496482453,1986.4738129368588,1982.8907854667073,1983.8064743500993
2024-01-25 16:35:00+00:00,1983.8064743500993,1984.038977934839,1983.388510739308,1983.509294344609
2024-01-25 16:40:00+00:00,1983.509294344609,1984.644701511732,1982.85716004472,1984.2303764591097
2024-01-25 16:45:00+00:00,1984.2303764591097,1984.8626659182225,1983.007805597496,1983.1106330684622
2024-01-25 16:50:00+00:00,1983.1106330684622,1983.8653956255835,1980.8565998169402,1981.745229657536
2024-01-25 16:55:00+00:00,1981.745229657536,1983.2607254007273,1980.9230605362561,1983.1277518514992
2024-01-25 17:00:00+00:00,1983.1277518514992,1984.205729514598,1982.2598135551082,1983.701577975214
2024-01-25 17:05:00+00:00,1983.701577975214,1984.2150428064836,1982.6307277051844,1983.0413165164696
2024-01-25 17:10:00+00:00,1983.0413165164696,1983.3101743463699,1982.6865123735854,1982.9766017196348
2024-01-25 17:15:00+00:00,1982.9766017196348,1984.8147326279366,1982.6741304914442,1984.6887593838876
2024-01-25 17:20:00+00:00,1984.6887593838876,1985.5711253675847,1982.9436573702385,1983.6366147682922
2024-01-25 17:25:00+00:00,1983.6366147682922,1985.2642065152795,1982.8578793567938,1984.5090492218699
2024-01-25 17:30:00+00:00,1984.5090492218699,1985.5828318601878,1983.6793637637315,1984.9962520243478
2024-01-25 17:35:00+00:00,1984.9962520243478,1986.108297587333,1984.1994139707826,1985.321348004463
2024-01-25 17:40:00+00:00,1985.321348004463,1985.873586381558,1984.6797187143427,1985.2507656609164
2024-01-25 17:45:00+00:00,1985.2507656609164,1986.8424852020203,1984.8290049960965,1985.9501554365936
2024-01-25 17:50:00+00:00,1985.9501554365936,1986.6050941451329,1984.4038580754302,1985.1309854040264
2024-01-25 17:55:00+00:00,1985.1309854040264,1985.5596237517095,1984.4007288834314,1985.2162657734452
2024-01-25 18:00:00+00:00,1985.2162657734452,1986.726154154062,1984.3025743710111,1986.4382955670717
2024-01-25 18:05:00+00:00,1986.4382955670717,1987.3059330107994,1985.3969846253694,1986.2972905071417
2024-01-25 18:10:00+00:00,1986.2972905071417,1987.3049930469488,1986.1123049835496,1986.4390845762678
2024-01-25 18:15:00+00:00,1986.4390845762678,1987.3531544776117,1985.9483617268606,1987.2429719230513
2024-01-25 18:20:00+00:00,1987.2429719230513,1988.1044008630251,1985.2082967733852,1985.778807675461
2024-01-25 18:25:00+00:00,1985.778807675461,1986.340871838266,1983.4018039411053,1983.9114416277723
2024-01-25 18:30:00+00:00,1983.9114416277723,1986.0310099754545,1983.384710443134,1985.1582924559198
2024-01-25 18:35:00+00:00,1985.1582924559198,1985.70380554935,1984.1894695429799,1985.4500097456998
2024-01-25 18:40:00+00:00,1985.4500097456998,1986.3592161439224,1985.1457130356448,1985.8996873167166
2024-01-25 18:45:00+00:00,1985.8996873167166,1986.7497759387124,1984.673212735172,1985.5171963028163
2024-01-25 18:50:00+00:00,1985.5171963028163,1985.794821808305,1985.3019472038422,1985.5831961600286
2024-01-25 18:55:00+00:00,1985.5831961600286,1986.52513288612,1985.3255817618526,1986.3017369701495
2024-01-25 19:00:00+00:00,1986.3017369701495,1987.1201579287533,1985.9323558581561,1986.2339650477197
2024-01-25 19:05:00+00:00,1986.2339650477197,1986.5954600665507,1985.4440031342497,1985.74112685364
2024-01-25 19:10:00+00:00,1985.74112685364,1986.3196242495064,1984.6761935819334,1984.947606210163
2024-01-25 19:15:00+00:00,1984.947606210163,1985.452811708228,1983.4441051589831,1983.602095339035
2024-01-25 19:20:00+00:00,1983.602095339035,1983.8537024329457,1980.5138823385455,1981.4246683496763
2024-01-25 19:25:00+00:00,1981.4246683496763,1982.1577835432731,1980.332555314472,1981.0589774047173
2024-01-25 19:30:00+00:00,1981.0589774047173,1981.2778076034901,1980.1838122687236,1980.6503795728406
2024-01-25 19:35:00+00:00,1980.6503795728406,1983.4254082025666,1980.3060452262032,1982.8539730860246
2024-01-25 19:40:00+00:00,1982.8539730860246,1983.0015946124631,1981.804145344385,1982.2903249737983
2024-01-25 19:45:00+00:00,1982.2903249737983,1982.4977718576008,1980.5470067318088,1981.26581866206
2024-01-25 19:50:00+00:00,1981.26581866206,1983.1435197879903,1980.388720562967,1982.944037507751
2024-01-25 19:55:00+00:00,1982.944037507751,1983.130806537433,1981.6921286500606,1982.282412805929
2024-01-25 20:00:00+00:00,1982.282412805929,1983.2664356057676,1981.3478219551323,1981.9735684005173
2024-01-25 20:05:00+00:00,1981.9735684005173,1983.208341567139,1981.348518715151,1982.8539009948836
2024-01-25 20:10:00+00:00,1982.8539009948836,1984.2233473162376,1982.2127560705535,1983.7584590804727
2024-01-25 20:15:00+00:00,1983.7584590804727,1985.4108001296747,1983.3246303687044,1984.6742555766039
2024-01-25 20:20:00+00:00,1984.6742555766039,1986.2761176670344,1984.0719687532724,1985.2850969986334
2024-01-25 20:25:00+00:00,1985.2850969986334,1985.9621084736807,1983.9745609357255,1984.4601197441498
2024-01-25 20:30:00+00:00,1984.4601197441498,1985.1841031976858,1983.6087311498457,1983.898557890986
2024-01-25 20:35:00+00:00,1983.898557890986,1984.21720815659,1983.0814273760716,1983.5028054442214
2024-01-25 20:40:00+00:00,1983.5028054442214,1984.505658324743,1983.0105415002233,1984.089391456199
2024-01-25 20:45:00+00:00,1984.089391456199,1984.7209762609386,1983.6134405003386,1983.8875741015645
2024-01-25 20:50:00+00:00,1983.8875741015645,1985.6221707912518,1983.125424945595,1984.8883721862057
2024-01-25 20:55:00+00:00,1984.8883721862057,1985.5924135563284,1984.4385536543002,1985.1566705343687
2024-01-25 21:00:00+00:00,1985.1566705343687,1985.6450001566357,1984.387283267178,1985.5013103245008
2024-01-25 21:05:00+00:00,1985.5013103245008,1986.4009331780167,1983.3816069401444,1983.5603731201095
2024-01-25 21:10:00+00:00,1983.5603731201095,1984.1461270198251,1982.85662489477,1983.7546143487332
2024-01-25 21:15:00+00:00,1983.7546143487332,1984.6207669187822,1982.1198438043327,1982.8782175726508
2024-01-25 21:20:00+00:00,1982.8782175726508,1984.419549515463,1982.5732902184213,1983.7299278023756
2024-01-25 21:25:00+00:00,1983.7299278023756,1983.9939737074567,1983.35033604869,1983.6341032916002
2024-01-25 21:30:00+00:00,1983.6341032916002,1984.907375641722,1982.7624141089593,1984.3466758526959
2024-01-25 21:35:00+00:00,1984.3466758526959,1985.195608387913,1983.8219101042166,1985.0011067159564
2024-01-25 21:40:00+00:00,1985.0011067159564,1985.9185161705516,1983.9241688613035,1984.5630854241067
2024-01-25 21:45:00+00:00,1984.5630854241067,1984.9403711523169,1983.7366122032354,1983.9852404652913
2024-01-25 21:50:00+00:00,1983.9852404652913,1985.9610433565288,1983.7586050086177,1985.0056860784782
2024-01-25 21:55:00+00:00,1985.0056860784782,1987.0749858955303,1984.8578470378923,1986.2719374971
2024-01-25 22:00:00+00:00,1986.2719374971,1987.1974516025755,1984.6629773165355,1985.623093776192
2024-01-25 22:05:00+00:00,1985.623093776192,1985.9091529838956,1983.3396203921095,1984.2452274762134
2024-01-25 22:10:00+00:00,1984.2452274762134,1985.4498047323143,1983.634553656087,1985.0892188348225
2024-01-25 22:15:00+00:00,1985.0892188348225,1985.2016048329117,1983.532719908448,1983.862096679133
2024-01-25 22:20:00+00:00,1983.862096679133,1984.537453984008,1983.2586033660968,1983.8895702988143
2024-01-25 22:25:00+00:00,1983.8895702988143,1984.1471628485872,1981.3387525831608,1982.0909683597636
2024-01-25 22:30:00+00:00,1982.0909683597636,1983.9289923650642,1981.6477473931113,1983.1328073766306
2024-01-25 22:35:00+00:00,1983.1328073766306,1984.4076021557637,1982.98630685548,1983.5453135706227
2024-01-25 22:40:00+00:00,1983.5453135706227,1984.26603608362,1983.154009400645,1983.257415612308
2024-01-25 22:45:00+00:00,1983.257415612308,1983.380628323367,1981.5490108853294,1982.219464586589
2024-01-25 22:50:00+00:00,1982.219464586589,1982.917032890005,1979.1224298903946,1979.7779694418957
2024-01-25 22:55:00+00:00,1979.7779694418957,1979.9721581844044,1979.4316929468237,1979.768425495065
2024-01-25 23:00:00+00:00,1979.768425495065,1980.6710729255005,1979.240012769159,1980.4425410200167
2024-01-25 23:05:00+00:00,1980.4425410200167,1981.5933903698685,1980.332245322624,1980.7162885950597
2024-01-25 23:10:00+00:00,1980.7162885950597,1981.1271738615421,1979.2600004792478,1979.606603799873
2024-01-25 23:15:00+00:00,1979.606603799873,1980.4978405563115,1978.6123244894727,1980.3374389705698
2024-01-25 23:20:00+00:00,1980.3374389705698,1981.4441203270903,1979.7587269109658,1980.7153571297792
2024-01-25 23:25:00+00:00,1980.7153571297792,1980.8514582508049,1978.4567577075388,1979.3588731903399
2024-01-25 23:30:00+00:00,1979.3588731903399,1980.0240703566878,1977.2780094188618,1977.8935678833127
2024-01-25 23:35:00+00:00,1977.8935678833127,1978.7683274623062,1976.2575815930825,1977.0860097028824
2024-01-25 23:40:00+00:00,1977.0860097028824,1979.0081970537592,1976.7123920121744,1978.2597526591335
2024-01-25 23:45:00+00:00,1978.2597526591335,1978.679895460826,1977.0400634605003,1977.7610559445834
2024-01-25 23:50:00+00:00,1977.7610559445834,1979.989969061233,1976.9955382767994,1979.4154882093997
2024-01-25 23:55:00+00:00,1979.4154882093997,1981.4854730255875,1979.2072089043863,1980.6200002866804
2024-01-26 00:00:00+00:00,1980.6200002866804,1980.786153961692,1978.9878839719033,1979.183352744223
2024-01-26 00:05:00+00:00,1979.183352744223,1979.9373589787892,1978.9006527472645,1979.0312838909324
2024-01-26 00:10:00+00:00,1979.0312838909324,1982.6470723604,1978.7516192144658,1982.1038856916032
2024-01-26 00:15:00+00:00,1982.1038856916032,1982.6932681247008,1981.3529658558673,1982.1794722932086
2024-01-26 00:20:00+00:00,1982.1794722932086,1983.5008377551892,1981.4033502047928,1982.904226786393
2024-01-26 00:25:00+00:00,1982.904226786393,1983.8434484355907,1982.7616924646368,1983.3135872781597
2024-01-26 00:30:00+00:00,1983.3135872781597,1983.4217244589847,1982.8249232463638,1983.1491460875006
2024-01-26 00:35:00+00:00,1983.1491460875006,1983.4086231820274,1982.4264650575542,1982.5681664384476
2024-01-26 00:40:00+00:00,1982.5681664384476,1983.8879872380014,1981.69268163477,1982.9053429624128
2024-01-26 00:45:00+00:00,1982.9053429624128,1983.5907526031904,1982.4241903858097,1983.380936027077
2024-01-26 00:50:00+00:00,1983.380936027077,1984.810139369586,1982.8152463380313,1984.007187273844
2024-01-26 00:55:00+00:00,1984.007187273844,1985.464019070211,1983.6709197491045,1984.8575061899285
2024-01-26 01:00:00+00:00,1984.8575061899285,1985.323060758487,1983.7565349108077,1983.9444232247808
2024-01-26 01:05:00+00:00,1983.9444232247808,1984.800070927064,1983.0382238484394,1983.1827859539685
2024-01-26 01:10:00+00:00,1983.1827859539685,1984.5530442904058,1982.5650899564316,1983.9538237303873
2024-01-26 01:15:00+00:00,1983.9538237303873,1985.1203429727134,1983.4551099907064,1984.1770147394627
2024-01-26 01:20:00+00:00,1984.1770147394627,1984.3493764578604,1982.1530426656082,1982.5232569740194
2024-01-26 01:25:00+00:00,1982.5232569740194,1983.0728169365086,1981.4961773947919,1981.726625928707
2024-01-26 01:30:00+00:00,1981.726625928707,1984.1057823885626,1980.9433476982506,1983.9454935598023
2024-01-26 01:35:00+00:00,1983.9454935598023,1984.509940947978,1983.167711656218,1983.6945585812332
2024-01-26 01:40:00+00:00,1983.6945585812332,1984.3306996689846,1982.6704526850322,1983.5169464702437
2024-01-26 01:45:00+00:00,1983.5169464702437,1984.8230985688672,1983.3407559843376,1983.9103722623292
2024-01-26 01:50:00+00:00,1983.9103722623292,1985.0898486554331,1983.6340547638638,1984.4126515603484
2024-01-26 01:55:00+00:00,1984.4126515603484,1985.0122023785318,1982.8954150043824,1983.2252189263531
2024-01-26 02:00:00+00:00,1983.2252189263531,1983.8631633113428,1982.2117637385206,1982.6596356945302
2024-01-26 02:05:00+00:00,1982.6596356945302,1984.376968746006,1982.0530723784507,1984.1262824101573
2024-01-26 02:10:00+00:00,1984.1262824101573,1984.5103026659688,1982.8508562925672,1983.3109795538946
2024-01-26 02:15:00+00:00,1983.3109795538946,1983.5458070274656,1982.5542058819904,1983.4297335194915
2024-01-26 02:20:00+00:00,1983.4297335194915,1985.361224046738,1982.5200768370082,1984.7952033745023
2024-01-26 02:25:00+00:00,1984.7952033745023,1985.2735854280318,1984.5146668803973,1984.7643190423187
2024-01-26 02:30:00+00:00,1984.7643190423187,1985.2193487544018,1984.4472714118683,1984.7591397822284
2024-01-26 02:35:00+00:00,1984.7591397822284,1985.4132762557279,1983.483542652534,1984.004657378451
2024-01-26 02:40:00+00:00,1984.004657378451,1984.4829868822105,1982.4918653676455,1983.3763912187735
2024-01-26 02:45:00+00:00,1983.3763912187735,1985.1943072998322,1982.9285831341026,1984.4630389940507
2024-01-26 02:50:00+00:00,1984.4630389940507,1985.4243840619336,1983.6452312276558,1985.0517252241693
2024-01-26 02:55:00+00:00,1985.0517252241693,1985.5084049696648,1984.2045498912253,1985.3531323854713
2024-01-26 03:00:00+00:00,1985.3531323854713,1985.9833066830054,1984.0147068344293,1984.970155256669
2024-01-26 03:05:00+00:00,1984.970155256669,1987.1098899704632,1984.609902451875,1986.5178531486185
2024-01-26 03:10:00+00:00,1986.5178531486185,1988.9957568243944,1985.5223625456135,1988.1811054222935
2024-01-26 03:15:00+00:00,1988.1811054222935,1989.1856371116123,1988.0457240982355,1988.3886554514486
2024-01-26 03:20:00+00:00,1988.3886554514486,1988.7578640249171,1987.1069827138122,1987.6927265874049
2024-01-26 03:25:00+00:00,1987.6927265874049,1988.476685459206,1986.3199420826224,1986.7693641136025
2024-01-26 03:30:00+00:00,1986.7693641136025,1989.5566150151571,1986.3089349276238,1988.885122599881
2024-01-26 03:35:00+00:00,1988.885122599881,1991.4497278631472,1988.4340796474264,1991.2875433814322
2024-01-26 03:40:00+00:00,1991.2875433814322,1992.1804895663654,1990.5001889605198,1990.7593003912602
2024-01-26 03:45:00+00:00,1990.7593003912602,1991.6580361831766,1990.2386614719933,1990.9995675660814
2024-01-26 03:50:00+00:00,1990.9995675660814,1991.9084114778843,1988.785681499861,1989.231803828691
2024-01-26 03:55:00+00:00,1989.231803828691,1989.8204978890026,1987.6027076070227,1988.5555752271694
2024-01-26 04:00:00+00:00,1988.5555752271694,1990.7305053513276,1988.1117399571024,1990.3501523481418
2024-01-26 04:05:00+00:00,1990.3501523481418,1991.2830343564058,1989.549579280598,1991.1200444153794
2024-01-26 04:10:00+00:00,1991.1200444153794,1992.2054614365306,1990.425963948034,1991.9362987133832
2024-01-26 04:15:00+00:00,1991.9362987133832,1992.0444558791348,1991.0512633063695,1991.6927524422636
2024-01-26 04:20:00+00:00,1991.6927524422636,1992.37078030878,1990.1092604369496,1990.80979504289
2024-01-26 04:25:00+00:00,1990.80979504289,1991.7602303443061,1989.9259564428683,1990.5765897838892
2024-01-26 04:30:00+00:00,1990.5765897838892,1992.3593490542548,1989.731281749973,1991.6506325639048
2024-01-26 04:35:00+00:00,1991.6506325639048,1993.031834028053,1991.1713183866636,1992.0583275390482
2024-01-26 04:40:00+00:00,1992.0583275390482,1993.1591203259636,1991.1706119251023,1992.7034375509934
2024-01-26 04:45:00+00:00,1992.7034375509934,1993.5104953282064,1992.427251179622,1993.3504441342827
2024-01-26 04:50:00+00:00,1993.3504441342827,1994.0572297236454,1992.3271706340886,1992.7322395499139
2024-01-26 04:55:00+00:00,1992.7322395499139,1993.8522538331097,1992.3480489028525,1992.8950648228285
2024-01-26 05:00:00+00:00,1992.8950648228285,1993.6177792588364,1991.776431753739,1992.119811342107
2024-01-26 05:05:00+00:00,1992.119811342107,1992.546087898499,1990.7028412370917,1991.2060506444711
2024-01-26 05:10:00+00:00,1991.2060506444711,1992.4388169263361,1990.3782667606056,1991.6978054490733
2024-01-26 05:15:00+00:00,1991.6978054490733,1992.163036423796,1990.0549356915858,1990.5482842749914
2024-01-26 05:20:00+00:00,1990.5482842749914,1992.2606460722254,1990.2457589316753,1991.9575805114468
2024-01-26 05:25:00+00:00,1991.9575805114468,1992.5192420200704,1991.5349397286643,1992.204574207073
2024-01-26 05:30:00+00:00,1992.204574207073,1992.842721289287,1990.6597708810891,1991.026113245464
2024-01-26 05:35:00+00:00,1991.026113245464,1991.8747932815888,1990.2941339950307,1990.546940223709
2024-01-26 05:40:00+00:00,1990.546940223709,1990.8998345654793,1988.9643694702845,1989.6033023283667
2024-01-26 05:45:00+00:00,1989.6033023283667,1990.9838325458873,1989.2475128578546,1990.5099427683206
2024-01-26 05:50:00+00:00,1990.5099427683206,1991.3529367714575,1989.5862441364811,1991.0734165578997
2024-01-26 05:55:00+00:00,1991.0734165578997,1991.9579597526094,1990.8952799277135,1991.1688645239515
2024-01-26 06:00:00+00:00,1991.1688645239515,1993.1653959988014,1990.7936727532965,1992.7259043667862
2024-01-26 06:05:00+00:00,1992.7259043667862,1993.5668255245437,1992.0425379720796,1992.8173439907803
2024-01-26 06:10:00+00:00,1992.8173439907803,1993.331428021034,1992.297599571806,1992.6416532732378
2024-01-26 06:15:00+00:00,1992.6416532732378,1993.048881019099,1991.413658899587,1991.8515159498234
2024-01-26 06:20:00+00:00,1991.8515159498234,1992.0838900383287,1990.1375181320384,1990.8069813967786
2024-01-26 06:25:00+00:00,1990.8069813967786,1991.6796718282976,1990.016177048604,1991.2054039006314
2024-01-26 06:30:00+00:00,1991.2054039006314,1992.3512928114258,1990.3939302498618,1991.9947051271636
2024-01-26 06:35:00+00:00,1991.9947051271636,1992.4094597417206,1991.0877997630369,1991.9626160102578
2024-01-26 06:40:00+00:00,1991.9626160102578,1992.4051860856493,1991.3916000742943,1992.2734244894273
2024-01-26 06:45:00+00:00,1992.2734244894273,1993.2006334976877,1991.841461447539,1992.3760791322986
2024-01-26 06:50:00+00:00,1992.3760791322986,1994.781681261314,1991.4311704243946,1993.9751574741597
2024-01-26 06:55:00+00:00,1993.9751574741597,1994.7062132921415,1993.5507593775371,1994.221919971202
2024-01-26 07:00:00+00:00,1994.221919971202,1995.4836882004004,1994.105462807994,1995.3257963537762
2024-01-26 07:05:00+00:00,1995.3257963537762,1995.73674004406,1995.1085425959575,1995.2096398469087
2024-01-26 07:10:00+00:00,1995.2096398469087,1995.872440205829,1994.2665814471552,1994.4816480734496
2024-01-26 07:15:00+00:00,1994.4816480734496,1994.7068786075563,1992.193527238924,1993.1115231946967
2024-01-26 07:20:00+00:00,1993.1115231946967,1993.5866448801494,1991.1941958830694,1992.1615214606418
2024-01-26 07:25:00+00:00,1992.1615214606418,1993.3199229426084,1991.623690605135,1992.574058915185
2024-01-26 07:30:00+00:00,1992.574058915185,1992.9226602946585,1990.8574910427362,1991.6954475773418
2024-01-26 07:35:00+00:00,1991.6954475773418,1993.4946172034163,1990.6979195773245,1992.715127682544
2024-01-26 07:40:00+00:00,1992.715127682544,1993.421696470544,1992.0974210645388,1992.3841137569652
2024-01-26 07:45:00+00:00,1992.3841137569652,1993.0100438663717,1989.8189255432778,1990.7167143948907
2024-01-26 07:50:00+00:00,1990.7167143948907,1991.692599085829,1990.301493663382,1990.891941905049
2024-01-26 07:55:00+00:00,1990.891941905049,1991.6645322822772,1989.8036574238108,1990.4583562810103
2024-01-26 08:00:00+00:00,1990.4583562810103,1992.7952568495402,1989.5899376995524,1992.174442397206
2024-01-26 08:05:00+00:00,1992.174442397206,1992.9632295898373,1991.3958113832325,1992.8127713907963
2024-01-26 08:10:00+00:00,1992.8127713907963,1993.2467379620405,1990.9097646476164,1991.9092395873618
2024-01-26 08:15:00+00:00,1991.9092395873618,1992.8602564022783,1991.7218407124,1992.0001559306243
2024-01-26 08:20:00+00:00,1992.0001559306243,1992.222518227057,1990.1900627658913,1990.717170810481
2024-01-26 08:25:00+00:00,1990.717170810481,1991.013020617924,1988.4182698205998,1989.3201177919225
2024-01-26 08:30:00+00:00,1989.3201177919225,1989.9014978402024,1988.7354015743842,1989.257359259753
2024-01-26 08:35:00+00:00,1989.257359259753,1990.5219493707111,1988.7634052342673,1989.7426055195808
2024-01-26 08:40:00+00:00,1989.7426055195808,1990.0291008448826,1988.6008496370482,1989.2968699570886
2024-01-26 08:45:00+00:00,1989.2968699570886,1991.125459106325,1988.9374957958794,1990.3440730651635
2024-01-26 08:50:00+00:00,1990.3440730651635,1991.076441913568,1988.128913015131,1988.6980024162435
2024-01-26 08:55:00+00:00,1988.6980024162435,1989.499972206235,1988.5223383335156,1989.2089144413433
2024-01-26 09:00:00+00:00,1989.2089144413433,1989.7893716953906,1988.7235615413447,1989.437142058015
2024-01-26 09:05:00+00:00,1989.437142058015,1989.670347944114,1987.444330080589,1988.0910034875023
2024-01-26 09:10:00+00:00,1988.0910034875023,1988.6304364150528,1987.107269635132,1988.4877973809955
2024-01-26 09:15:00+00:00,1988.4877973809955,1989.4050259241558,1987.4946381562127,1988.2119769995727
2024-01-26 09:20:00+00:00,1988.2119769995727,1989.8432222992278,1987.5006925787886,1989.2907615149452
2024-01-26 09:25:00+00:00,1989.2907615149452,1989.4185603880806,1986.8965749416884,1987.8782161043969
2024-01-26 09:30:00+00:00,1987.8782161043969,1989.1058599483633,1987.3131063392711,1988.491054474311
2024-01-26 09:35:00+00:00,1988.491054474311,1988.8604865921704,1987.4212472082222,1988.2355885763905
2024-01-26 09:40:00+00:00,1988.2355885763905,1990.4304639720688,1987.5107955647666,1989.6230300728666
2024-01-26 09:45:00+00:00,1989.6230300728666,1992.632088649819,1989.2095996418445,1991.9554033566046
2024-01-26 09:50:00+00:00,1991.9554033566046,1992.5433513288267,1990.869804481081,1991.6171821726361
2024-01-26 09:55:00+00:00,1991.6171821726361,1992.1718260770144,1990.7753127548895,1991.3695003082285
2024-01-26 10:00:00+00:00,1991.3695003082285,1991.9915190132347,1991.112318792495,1991.2841145993268
2024-01-26 10:05:00+00:00,1991.2841145993268,1992.1040468904437,1990.234711974941,1991.213451467753
2024-01-26 10:10:00+00:00,1991.213451467753,1992.7007660649103,1990.514348488602,1992.1258175462508
2024-01-26 10:15:00+00:00,1992.1258175462508,1992.8283642574527,1991.082696605373,1991.6225213823802
2024-01-26 10:20:00+00:00,1991.6225213823802,1992.258964331015,1990.5310009203902,1990.935481689913
2024-01-26 10:25:00+00:00,1990.935481689913,1991.0944714313478,1990.0614174605369,1990.8837236636195
2024-01-26 10:30:00+00:00,1990.8837236636195,1991.7862796641878,1990.5686662411108,1990.8763389545804
2024-01-26 10:35:00+00:00,1990.8763389545804,1992.7944045370186,1990.5650329803723,1992.1805701142332
2024-01-26 10:40:00+00:00,1992.1805701142332,1992.4218543544343,1991.3922450484745,1991.6869371720115
2024-01-26 10:45:00+00:00,1991.6869371720115,1992.196625408727,1990.356504216308,1991.1385490186574
2024-01-26 10:50:00+00:00,1991.1385490186574,1992.0751709000017,1990.5114029653469,1991.6626119444932
2024-01-26 10:55:00+00:00,1991.6626119444932,1992.5264551296136,1991.498545473501,1992.1318834576136
2024-01-26 11:00:00+00:00,1992.1318834576136,1992.2418805663146,1991.0843548358919,1991.2072595234206
2024-01-26 11:05:00+00:00,1991.2072595234206,1992.0867358663054,1990.3655661709176,1990.8736861404789
2024-01-26 11:10:00+00:00,1990.8736861404789,1991.7098068780679,1988.915338887203,1989.6246103285685
2024-01-26 11:15:00+00:00,1989.6246103285685,1990.7819427994039,1988.800419493622,1990.302042971171
2024-01-26 11:20:00+00:00,1990.302042971171,1990.8444200960507,1988.5400850191747,1989.5364028877314
2024-01-26 11:25:00+00:00,1989.5364028877314,1990.4549871596323,1988.6222726473104,1988.9077165960662
2024-01-26 11:30:00+00:00,1988.9077165960662,1989.0874473344354,1988.2394996182038,1988.5166874278789
2024-01-26 11:35:00+00:00,1988.5166874278789,1989.1628414109543,1987.0442143493633,1987.6650467886236
2024-01-26 11:40:00+00:00,1987.6650467886236,1988.3649284690239,1987.0719310418672,1987.686672843506
2024-01-26 11:45:00+00:00,1987.686672843506,1989.1714147883126,1987.5863716893273,1988.4567879716762
2024-01-26 11:50:00+00:00,1988.4567879716762,1989.577914668659,1988.110457419493,1988.6878822686895
2024-01-26 11:55:00+00:00,1988.6878822686895,1990.9238335203142,1987.973684801819,1990.5842163036075
2024-01-26 12:00:00+00:00,1990.5842163036075,1991.6559877389036,1990.374245002314,1990.6853732950221
2024-01-26 12:05:00+00:00,1990.6853732950221,1990.8845747708287,1988.3607632179971,1989.1411172578903
2024-01-26 12:10:00+00:00,1989.1411172578903,1989.5396957348385,1988.448433860288,1989.0793376264417
2024-01-26 12:15:00+00:00,1989.0793376264417,1989.8394822274201,1988.2792884092823,1988.505871564722
2024-01-26 12:20:00+00:00,1988.505871564722,1989.5331298658866,1987.7966089742574,1989.3289530811594
2024-01-26 12:25:00+00:00,1989.3289530811594,1989.5847747117634,1988.5165007156443,1989.1051565248854
2024-01-26 12:30:00+00:00,1989.1051565248854,1989.812217283502,1988.364900049919,1989.396175265613
2024-01-26 12:35:00+00:00,1989.396175265613,1990.2733510571268,1987.1155552234934,1988.1061695914154
2024-01-26 12:40:00+00:00,1988.1061695914154,1988.29385991713,1987.0399456214307,1987.4343841839332
2024-01-26 12:45:00+00:00,1987.4343841839332,1988.348490424832,1986.7341512493022,1987.5316139721658
2024-01-26 12:50:00+00:00,1987.5316139721658,1987.64186432929,1986.5947950635446,1987.1961812231614
2024-01-26 12:55:00+00:00,1987.1961812231614,1987.6870865734948,1986.703705591473,1987.1817772030895
2024-01-26 13:00:00+00:00,1987.1817772030895,1989.5758094725193,1986.4831953507949,1988.6233336268624
2024-01-26 13:05:00+00:00,1988.6233336268624,1989.2216044858822,1986.7923533988826,1987.4684964683254
2024-01-26 13:10:00+00:00,1987.4684964683254,1988.2748631352476,1985.9587611699228,1986.3438422926306
2024-01-26 13:15:00+00:00,1986.3438422926306,1988.39778072122,1985.7111156439032,1987.5027681792578
2024-01-26 13:20:00+00:00,1987.5027681792578,1988.060629786996,1986.934304322788,1987.6740674730124
2024-01-26 13:25:00+00:00,1987.6740674730124,1988.313579642895,1986.5819422798456,1987.0205047910974
2024-01-26 13:30:00+00:00,1987.0205047910974,1987.9448236435892,1986.3015886633739,1987.34343532036
2024-01-26 13:35:00+00:00,1987.34343532036,1989.0167793115538,1987.1930172821747,1988.158023834104
2024-01-26 13:40:00+00:00,1988.158023834104,1988.5689618347624,1987.3048679993628,1987.4751361840601
2024-01-26 13:45:00+00:00,1987.4751361840601,1988.595698964896,1986.9096503466005,1988.2903185368928
2024-01-26 13:50:00+00:00,1988.2903185368928,1989.0852908066934,1987.8676836745187,1988.1364127649529
2024-01-26 13:55:00+00:00,1988.1364127649529,1989.5963021742311,1987.1655750704704,1989.388503609183
2024-01-26 14:00:00+00:00,1989.388503609183,1989.5093203731017,1987.1157670609336,1987.3901858288086
2024-01-26 14:05:00+00:00,1987.3901858288086,1989.525230728791,1987.0279241890385,1989.063788632763
2024-01-26 14:10:00+00:00,1989.063788632763,1990.0443156953154,1988.1933470794213,1988.9603276959613
2024-01-26 14:15:00+00:00,1988.9603276959613,1990.7680706530145,1988.162729328958,1990.0120831463335
2024-01-26 14:20:00+00:00,1990.0120831463335,1990.5890102474,1989.1655114481018,1989.465151498659
2024-01-26 14:25:00+00:00,1989.465151498659,1990.7361582506526,1988.9864538453855,1989.9095328183855
2024-01-26 14:30:00+00:00,1989.9095328183855,1991.1357997989721,1988.9591567504478,1990.9047736117031
2024-01-26 14:35:00+00:00,1990.9047736117031,1991.9826629603626,1990.373800183307,1990.989124154604
2024-01-26 14:40:00+00:00,1990.989124154604,1991.8597736690322,1989.6710311248676,1990.6248216616139
2024-01-26 14:45:00+00:00,1990.6248216616139,1990.943855461172,1989.1606490544584,1989.9700005243137
2024-01-26 14:50:00+00:00,1989.9700005243137,1990.434137108255,1988.3896632438373,1989.3229841283876
2024-01-26 14:55:00+00:00,1989.3229841283876,1990.2780539012304,1988.4721759554739,1990.0412038945465
2024-01-26 15:00:00+00:00,1990.0412038945465,1991.0164311503993,1988.3072186914644,1989.1769575140193
2024-01-26 15:05:00+00:00,1989.1769575140193,1990.2843270343442,1988.2374177518857,1989.8166282468137
2024-01-26 15:10:00+00:00,1989.8166282468137,1990.1477138958985,1988.9083699816376,1989.85447700464
2024-01-26 15:15:00+00:00,1989.85447700464,1990.628065173772,1989.3985705947566,1989.6497410173708
2024-01-26 15:20:00+00:00,1989.6497410173708,1990.5555708374943,1988.9145095593121,1989.025312778465
2024-01-26 15:25:00+00:00,1989.025312778465,1989.4025884352432,1988.1427389181717,1988.6052053123817
2024-01-26 15:30:00+00:00,1988.6052053123817,1989.250709700209,1986.6694022549766,1986.780742842559
2024-01-26 15:35:00+00:00,1986.780742842559,1988.139335170593,1986.5739828005399,1987.3411855626657
2024-01-26 15:40:00+00:00,1987.3411855626657,1988.2293614577154,1986.295784729826,1986.9260457702032
2024-01-26 15:45:00+00:00,1986.9260457702032,1988.74307098102,1985.9675409810932,1988.033998384541
2024-01-26 15:50:00+00:00,1988.033998384541,1988.7970818191404,1986.8666337959216,1987.3293667798184
2024-01-26 15:55:00+00:00,1987.3293667798184,1988.2042545848835,1985.7452657562442,1986.5936305113964
2024-01-26 16:00:00+00:00,1986.5936305113964,1987.3582191650166,1985.5440772268048,1986.5391075389573
2024-01-26 16:05:00+00:00,1986.5391075389573,1987.006667998372,1985.7297316426436,1986.177040857048
2024-01-26 16:10:00+00:00,1986.177040857048,1986.9455609685608,1984.9193474382207,1985.1342119917656
2024-01-26 16:15:00+00:00,1985.1342119917656,1985.3630715438,1983.1039628400952,1983.290830533855
2024-01-26 16:20:00+00:00,1983.290830533855,1983.5450277444836,1982.368107531157,1982.5193376194281
2024-01-26 16:25:00+00:00,1982.5193376194281,1982.697757010686,1981.1576517752048,1981.9447229597904
2024-01-26 16:30:00+00:00,1981.9447229597904,1983.2889215227228,1981.2120385554158,1982.5655721349456
2024-01-26 16:35:00+00:00,1982.5655721349456,1984.20873798581,1982.0858307423828,1983.2285059386031
2024-01-26 16:40:00+00:00,1983.2285059386031,1983.3285202631228,1982.1769439241018,1982.2999848624947
2024-01-26 16:45:00+00:00,1982.2999848624947,1983.25195189675,1981.4478737342401,1982.992610842728
2024-01-26 16:50:00+00:00,1982.992610842728,1983.79723836764,1981.9233058802333,1982.0594492444548
2024-01-26 16:55:00+00:00,1982.0594492444548,1982.3276689903385,1981.1273768773272,1981.431797173199
2024-01-26 17:00:00+00:00,1981.431797173199,1981.660077195109,1980.746945630956,1981.0345691993268
2024-01-26 17:05:00+00:00,1981.0345691993268,1981.6592280896853,1979.5166373776904,1980.2234076706613
2024-01-26 17:10:00+00:00,1980.2234076706613,1981.3593540722034,1979.431894247116,1980.8970910022229
2024-01-26 17:15:00+00:00,1980.8970910022229,1982.5143250772073,1980.545582759694,1982.2908144134778
2024-01-26 17:20:00+00:00,1982.2908144134778,1982.6014786562716,1980.6099562061959,1981.3634361588909
2024-01-26 17:25:00+00:00,1981.3634361588909,1981.8466354823368,1980.7651925876119,1981.7091862090833
2024-01-26 17:30:00+00:00,1981.7091862090833,1982.6421790998418,1981.082591531759,1981.695439293668
2024-01-26 17:35:00+00:00,1981.695439293668,1982.497813072398,1980.8387550365546,1982.1319808375013
2024-01-26 17:40:00+00:00,1982.1319808375013,1983.116811107043,1981.1629735304632,1981.6154072208647
2024-01-26 17:45:00+00:00,1981.6154072208647,1983.5483158576913,1981.4650507826038,1982.7458836462674
2024-01-26 17:50:00+00:00,1982.7458836462674,1984.1079897757872,1982.5762138168616,1983.344323160941
2024-01-26 17:55:00+00:00,1983.344323160941,1983.9466204413104,1983.0046463997412,1983.8369357784425
2024-01-26 18:00:00+00:00,1983.8369357784425,1986.1990588661847,1982.8934651778109,1985.705480339101
2024-01-26 18:05:00+00:00,1985.705480339101,1986.338941546239,1984.9297957116542,1985.0847835419718
2024-01-26 18:10:00+00:00,1985.0847835419718,1985.4700777013918,1984.0606840539288,1985.0439503156765
2024-01-26 18:15:00+00:00,1985.0439503156765,1986.086733424293,1984.7434282065146,1985.6900772380814
2024-01-26 18:20:00+00:00,1985.6900772380814,1987.010329562537,1985.0906305038397,1986.6281439018444
2024-01-26 18:25:00+00:00,1986.6281439018444,1986.885193129436,1985.7582129339241,1986.7130127969506
2024-01-26 18:30:00+00:00,1986.7130127969506,1987.7199738488573,1986.1034455237564,1987.3271608146358
2024-01-26 18:35:00+00:00,1987.3271608146358,1989.6458048600107,1987.058675045057,1988.6620513987673
2024-01-26 18:40:00+00:00,1988.6620513987673,1989.5956346863213,1988.0974891476124,1988.5108021730198
2024-01-26 18:45:00+00:00,1988.5108021730198,1988.8842931405925,1987.4285601380195,1988.2975377670252
2024-01-26 18:50:00+00:00,1988.2975377670252,1989.079257534544,1987.6332239855883,1988.3765353432793
2024-01-26 18:55:00+00:00,1988.3765353432793,1989.1582289073756,1985.9460426355597,1986.1702893414483
2024-01-26 19:00:00+00:00,1986.1702893414483,1986.9198994898125,1985.8681988069566,1986.7093413835294
2024-01-26 19:05:00+00:00,1986.7093413835294,1988.0278139099812,1986.3698552392561,1987.217278797931
2024-01-26 19:10:00+00:00,1987.217278797931,1989.75552286557,1986.842603143653,1989.0216098015494
2024-01-26 19:15:00+00:00,1989.0216098015494,1989.4582970498282,1986.9116304134,1987.790352357924
2024-01-26 19:20:00+00:00,1987.790352357924,1988.4808552247528,1986.82683789723,1988.087200213815
2024-01-26 19:25:00+00:00,1988.087200213815,1988.8042620559888,1987.7599957747218,1988.4845153295096
2024-01-26 19:30:00+00:00,1988.4845153295096,1989.4378436379043,1987.6719433978067,1989.1307767522724
2024-01-26 19:35:00+00:00,1989.1307767522724,1989.9692907757103,1987.3403089431977,1988.0665903298589
2024-01-26 19:40:00+00:00,1988.0665903298589,1988.7051793777669,1984.746795383083,1985.29807618227
2024-01-26 19:45:00+00:00,1985.29807618227,1985.874319670005,1984.6185797403514,1985.3516581140336
2024-01-26 19:50:00+00:00,1985.3516581140336,1986.2215459462163,1985.0106407664857,1985.598979175727
2024-01-26 19:55:00+00:00,1985.598979175727,1986.4469533993804,1985.0778843491685,1985.847987074918
2024-01-26 20:00:00+00:00,1985.847987074918,1986.600100538417,1984.294255879954,1985.2458410391428
2024-01-26 20:05:00+00:00,1985.2458410391428,1985.8243511109038,1984.092951707605,1984.5030705992704
2024-01-26 20:10:00+00:00,1984.5030705992704,1985.2686993598877,1983.887823246413,1984.4194430125158
2024-01-26 20:15:00+00:00,1984.4194430125158,1984.6500625651338,1982.8934623577074,1983.5797605588025
2024-01-26 20:20:00+00:00,1983.5797605588025,1983.8575734336578,1982.2835724597692,1982.734953902213
2024-01-26 20:25:00+00:00,1982.734953902213,1983.2951469312611,1982.2980634703665,1982.9866443826793
2024-01-26 20:30:00+00:00,1982.9866443826793,1984.253098384766,1982.652427099139,1983.4930308509608
2024-01-26 20:35:00+00:00,1983.4930308509608,1984.2755569582728,1981.996077337285,1982.504917522537
2024-01-26 20:40:00+00:00,1982.504917522537,1983.4786132920372,1980.5909089356978,1980.8619708728108
2024-01-26 20:45:00+00:00,1980.8619708728108,1981.4898933273819,1979.2976544411065,1979.9467169393718
2024-01-26 20:50:00+00:00,1979.9467169393718,1980.8165284705194,1979.218001931826,1980.5727528476293
2024-01-26 20:55:00+00:00,1980.5727528476293,1981.0224792438062,1979.9691468820743,1980.293320846887
2024-01-26 21:00:00+00:00,1980.293320846887,1981.0824874829357,1979.8644550130812,1980.9198708801246
2024-01-26 21:05:00+00:00,1980.9198708801246,1981.6630012690716,1980.2902242034686,1981.4828342597311
2024-01-26 21:10:00+00:00,1981.4828342597311,1983.4994144718662,1981.2977685160902,1982.5349960408832
2024-01-26 21:15:00+00:00,1982.5349960408832,1982.6540186084198,1981.338335589098,1982.2266651243349
2024-01-26 21:20:00+00:00,1982.2266651243349,1982.86360136989,1981.2933796234652,1982.3416261684663
2024-01-26 21:25:00+00:00,1982.3416261684663,1983.5603101508311,1981.3459472279967,1983.126035637136
2024-01-26 21:30:00+00:00,1983.126035637136,1983.7019688935513,1981.8120952719455,1982.7423582251831
2024-01-26 21:35:00+00:00,1982.7423582251831,1983.300295911579,1981.2562615582083,1981.8690211954013
2024-01-26 21:40:00+00:00,1981.8690211954013,1983.0088376632702,1981.1773674404194,1982.8661463426063
2024-01-26 21:45:00+00:00,1982.8661463426063,1985.0588315232133,1981.9969754210497,1984.2349148966175
2024-01-26 21:50:00+00:00,1984.2349148966175,1984.8658804716633,1983.1133258862587,1983.4636684567897
2024-01-26 21:55:00+00:00,1983.4636684567897,1984.5132296151223,1982.5882507810825,1983.9478713541766
2024-01-26 22:00:00+00:00,1983.9478713541766,1985.0046051830568,1983.2442009798174,1984.3606989848072
2024-01-26 22:05:00+00:00,1984.3606989848072,1985.2663090669037,1983.3831134043428,1984.5695519477204
2024-01-26 22:10:00+00:00,1984.5695519477204,1985.3603797037251,1983.3880499324064,1984.2304403250819
2024-01-26 22:15:00+00:00,1984.2304403250819,1984.442720684654,1982.827789433481,1983.4847160385175
2024-01-26 22:20:00+00:00,1983.4847160385175,1984.243319860464,1982.2781450717814,1982.4233868586416
2024-01-26 22:25:00+00:00,1982.4233868586416,1983.783117576194,1982.2289348183183,1983.3073619983102
2024-01-26 22:30:00+00:00,1983.3073619983102,1983.5307085283175,1982.6353531646698,1983.3116225396852
2024-01-26 22:35:00+00:00,1983.3116225396852,1984.1786584519539,1982.6234742268555,1983.8382495036064
2024-01-26 22:40:00+00:00,1983.8382495036064,1984.1440555777456,1981.4411998494345,1982.2108961557235
2024-01-26 22:45:00+00:00,1982.2108961557235,1983.5383241885545,1981.6188677304226,1983.1061339826506
2024-01-26 22:50:00+00:00,1983.1061339826506,1984.7524247902468,1982.4642920644033,1983.9740084350315
2024-01-26 22:55:00+00:00,1983.9740084350315,1984.8364068622127,1983.6523797511968,1984.2458858288483
2024-01-26 23:00:00+00:00,1984.2458858288483,1986.9145845084665,1983.4990463421677,1986.113939861084
2024-01-26 23:05:00+00:00,1986.113939861084,1986.629775524263,1985.4748668495492,1986.3131889292813
2024-01-26 23:10:00+00:00,1986.3131889292813,1987.2674735249295,1985.566499016857,1986.4655004408119
2024-01-26 23:15:00+00:00,1986.4655004408119,1986.6072776500514,1985.3357887015836,1985.6224451462026
2024-01-26 23:20:00+00:00,1985.6224451462026,1986.0840880758506,1984.1859531649382,1985.0493307883225
2024-01-26 23:25:00+00:00,1985.0493307883225,1986.1163586759233,1984.462823386195,1985.4817064673457
2024-01-26 23:30:00+00:00,1985.4817064673457,1986.6008628194609,1984.6078684984589,1985.7776507479232
2024-01-26 23:35:00+00:00,1985.7776507479232,1987.169522874203,1985.4329513159955,1986.834345555859
2024-01-26 23:40:00+00:00,1986.834345555859,1987.2436850950287,1986.0942232223056,1986.3069996642212
2024-01-26 23:45:00+00:00,1986.3069996642212,1986.9094944097637,1985.7714284351566,1986.7584685841653
2024-01-26 23:50:00+00:00,1986.7584685841653,1987.2618639665131,1985.5782960114125,1985.9336334222855
2024-01-26 23:55:00+00:00,1985.9336334222855,1986.344601107332,1985.5035758296424,1985.7759396376252
2024-01-27 00:00:00+00:00,1985.7759396376252,1986.0655179159467,1984.7595074304716,1985.2097810583314
2024-01-27 00:05:00+00:00,1985.2097810583314,1986.1257375249713,1982.62266507296,1983.204473725596
2024-01-27 00:10:00+00:00,1983.204473725596,1984.530092870703,1982.4800545278852,1983.9099173885177
2024-01-27 00:15:00+00:00,1983.9099173885177,1984.4215761436546,1982.7245087172616,1983.0836524169476
2024-01-27 00:20:00+00:00,1983.0836524169476,1983.5411046354093,1982.0110034375998,1982.2820074965373
2024-01-27 00:25:00+00:00,1982.2820074965373,1983.0955581765,1981.515903496011,1982.4099493072515
2024-01-27 00:30:00+00:00,1982.4099493072515,1983.0479914460443,1980.462426511806,1981.3547722731591
2024-01-27 00:35:00+00:00,1981.3547722731591,1982.066703634543,1979.664079898202,1980.491877836355
2024-01-27 00:40:00+00:00,1980.491877836355,1980.6687350562672,1977.334690039582,1978.1664057848232
2024-01-27 00:45:00+00:00,1978.1664057848232,1978.8964284166466,1977.4362341108556,1978.1341532950273
2024-01-27 00:50:00+00:00,1978.1341532950273,1979.6517156342686,1977.2017138859949,1978.6950089964598
2024-01-27 00:55:00+00:00,1978.6950089964598,1979.2905425051936,1977.5270724006105,1978.2779522344947
2024-01-27 01:00:00+00:00,1978.2779522344947,1979.9344253888662,1977.792988695174,1979.2525478688058
2024-01-27 01:05:00+00:00,1979.2525478688058,1981.2877261158264,1978.2539855329967,1980.5566280591734
2024-01-27 01:10:00+00:00,1980.5566280591734,1982.115419160128,1980.2129656905245,1981.1539788053028
2024-01-27 01:15:00+00:00,1981.1539788053028,1982.0006487692788,1979.9335539524213,1980.8540980643816
2024-01-27 01:20:00+00:00,1980.8540980643816,1981.7256474280218,1980.0438822105355,1981.4868663721245
2024-01-27 01:25:00+00:00,1981.4868663721245,1982.328704233451,1980.7157291796054,1982.1276236539954
2024-01-27 01:30:00+00:00,1982.1276236539954,1982.9483966662735,1981.8480113430498,1982.237078298436
2024-01-27 01:35:00+00:00,1982.237078298436,1984.0339054010706,1982.0019116494332,1983.228547266089
2024-01-27 01:40:00+00:00,1983.228547266089,1984.121455086216,1982.343275204971,1983.6091096589953
2024-01-27 01:45:00+00:00,1983.6091096589953,1984.2069010613754,1981.5837334885491,1982.5115958316871
2024-01-27 01:50:00+00:00,1982.5115958316871,1983.0978636584507,1982.0704402948911,1982.265507638743
2024-01-27 01:55:00+00:00,1982.265507638743,1982.5816282410915,1981.7838573855752,1982.3361927920437
2024-01-27 02:00:00+00:00,1982.3361927920437,1983.1425660877494,1980.9229677057185,1981.2126264326716
2024-01-27 02:05:00+00:00,1981.2126264326716,1981.7961493372559,1979.2665712987796,1979.8986349752226
2024-01-27 02:10:00+00:00,1979.8986349752226,1980.1353337119185,1979.0652796156119,1979.9472210242689
2024-01-27 02:15:00+00:00,1979.9472210242689,1980.753997226974,1979.1947293575386,1980.3644707875383
2024-01-27 02:20:00+00:00,1980.3644707875383,1981.0648357116681,1979.132934673719,1979.4227002794007
2024-01-27 02:25:00+00:00,1979.4227002794007,1980.4203405427854,1979.0804148333334,1979.8565912745198
2024-01-27 02:30:00+00:00,1979.8565912745198,1980.345545751525,1978.1086686287206,1978.9621712355179
2024-01-27 02:35:00+00:00,1978.9621712355179,1979.4214977345778,1976.9580946847227,1977.831876163692
2024-01-27 02:40:00+00:00,1977.831876163692,1978.9069368020366,1977.4384737096912,1978.6151058301139
2024-01-27 02:45:00+00:00,1978.6151058301139,1978.900815594488,1978.4085253757867,1978.7219250433668
2024-01-27 02:50:00+00:00,1978.7219250433668,1979.6366526439363,1976.9148742251823,1977.0516984919357
2024-01-27 02:55:00+00:00,1977.0516984919357,1977.6752242516843,1974.6658731274824,1975.5507129699376
2024-01-27 03:00:00+00:00,1975.5507129699376,1976.1784509658978,1974.9746077823465,1975.5845026324732
2024-01-27 03:05:00+00:00,1975.5845026324732,1976.2937923066106,1973.8539972809936,1974.7521920140957
2024-01-27 03:10:00+00:00,1974.7521920140957,1975.6150350156934,1973.191474230328,1973.9409857202431
2024-01-27 03:15:00+00:00,1973.9409857202431,1974.5754333763148,1972.3991549673979,1972.6441282679343
2024-01-27 03:20:00+00:00,1972.6441282679343,1973.6276982922855,1971.682211288691,1972.3614647994998
2024-01-27 03:25:00+00:00,1972.3614647994998,1974.9856243387176,1971.8902118631272,1974.3953513605134
2024-01-27 03:30:00+00:00,1974.3953513605134,1974.6597775084113,1972.108525249553,1972.8816075657433
2024-01-27 03:35:00+00:00,1972.8816075657433,1974.4783288501183,1971.9837331336748,1974.3306414878134
2024-01-27 03:40:00+00:00,1974.3306414878134,1975.2913285364336,1973.3147455815417,1973.4894266317965
2024-01-27 03:45:00+00:00,1973.4894266317965,1974.1679925694755,1971.840731153753,1972.3571451985406
2024-01-27 03:50:00+00:00,1972.3571451985406,1973.7740204239108,1972.151362132558,1973.0796243173688
2024-01-27 03:55:00+00:00,1973.0796243173688,1973.851965419066,1971.8924998954305,1972.8113757155395
2024-01-27 04:00:00+00:00,1972.8113757155395,1973.1946876731004,1972.3132094267946,1972.5114115734723
2024-01-27 04:05:00+00:00,1972.5114115734723,1974.2443884326342,1972.1397821532844,1973.4754059968718
2024-01-27 04:10:00+00:00,1973.4754059968718,1975.5644690082265,1973.254074655917,1975.2176224000557
2024-01-27 04:15:00+00:00,1975.2176224000557,1976.1315472246872,1974.8553028234778,1975.5132793642535
2024-01-27 04:20:00+00:00,1975.5132793642535,1975.8358097766313,1973.8052281067394,1974.495956738533
2024-01-27 04:25:00+00:00,1974.495956738533,1974.9828317014417,1973.3298627847023,1973.4631831844094
2024-01-27 04:30:00+00:00,1973.4631831844094,1974.366345287785,1972.5105830445684,1973.3087804111608
2024-01-27 04:35:00+00:00,1973.3087804111608,1975.0666697221568,1972.623445629721,1974.1572126698393
2024-01-27 04:40:00+00:00,1974.1572126698393,1975.2463005073625,1973.2692708385193,1974.4759302533644
2024-01-27 04:45:00+00:00,1974.4759302533644,1975.6419011197659,1973.5497447326848,1974.670497751977
2024-01-27 04:50:00+00:00,1974.670497751977,1976.3528319137636,1974.454639968328,1975.6198853568746
2024-01-27 04:55:00+00:00,1975.6198853568746,1976.1862602184942,1972.677617847005,1973.568535554116
2024-01-27 05:00:00+00:00,1973.568535554116,1974.6440025766765,1973.1780395079597,1974.3108790691265
2024-01-27 05:05:00+00:00,1974.3108790691265,1974.433804495311,1973.6435379453997,1974.318643438114
2024-01-27 05:10:00+00:00,1974.318643438114,1975.242762514479,1973.6576383413176,1974.272531220758
2024-01-27 05:15:00+00:00,1974.272531220758,1975.5862007989292,1973.5516965805086,1974.5957150497675
2024-01-27 05:20:00+00:00,1974.5957150497675,1974.7132668821264,1973.3780833965493,1974.2768203080168
2024-01-27 05:25:00+00:00,1974.2768203080168,1974.826068323256,1973.0792747640767,1973.2503690240167
2024-01-27 05:30:00+00:00,1973.2503690240167,1973.9322573756729,1971.0678145619643,1971.3926820661673
2024-01-27 05:35:00+00:00,1971.3926820661673,1972.604065404871,1971.2452947835375,1971.6458277888548
2024-01-27 05:40:00+00:00,1971.6458277888548,1971.8408315755123,1969.8369480683136,1970.497551127125
2024-01-27 05:45:00+00:00,1970.497551127125,1970.8771113608761,1969.5304892593203,1970.3651974386457
2024-01-27 05:50:00+00:00,1970.3651974386457,1971.2574087518965,1968.4008887624584,1968.7776268300809
2024-01-27 05:55:00+00:00,1968.7776268300809,1968.9908892219876,1968.1109156872158,1968.6937267714145
2024-01-27 06:00:00+00:00,1968.6937267714145,1969.3964714061137,1968.5703217741236,1969.0792083945605
2024-01-27 06:05:00+00:00,1969.0792083945605,1970.0667654229792,1968.1051775430135,1968.6910035100782
2024-01-27 06:10:00+00:00,1968.6910035100782,1969.9570827107875,1968.0349483899495,1969.014645559891
2024-01-27 06:15:00+00:00,1969.014645559891,1969.4739675588335,1967.8820838841611,1968.3069265042675
2024-01-27 06:20:00+00:00,1968.3069265042675,1968.6172328110574,1967.3991652444622,1967.8252649009278
2024-01-27 06:25:00+00:00,1967.8252649009278,1968.700200344767,1967.423068917869,1967.960195874882
2024-01-27 06:30:00+00:00,1967.960195874882,1968.461002615721,1967.196307361174,1967.9300096771497
2024-01-27 06:35:00+00:00,1967.9300096771497,1968.7831756003902,1967.140633367615,1968.3272476028826
2024-01-27 06:40:00+00:00,1968.3272476028826,1969.0242761160953,1967.4516643051104,1968.4125442066315
2024-01-27 06:45:00+00:00,1968.4125442066315,1969.372788895642,1967.7687290268682,1969.2727089000837
2024-01-27 06:50:00+00:00,1969.2727089000837,1971.0592162224016,1969.0795067264978,1970.736267465799
2024-01-27 06:55:00+00:00,1970.736267465799,1971.8380156432713,1969.7754108046374,1971.3025189279465
2024-01-27 07:00:00+00:00,1971.3025189279465,1972.7969357755578,1971.0699981734633,1972.1585814040773
2024-01-27 07:05:00+00:00,1972.1585814040773,1973.3308661061717,1971.8453907013497,1972.481947053521
2024-01-27 07:10:00+00:00,1972.481947053521,1973.2194710844474,1971.3994431985525,1971.5319858552991
2024-01-27 07:15:00+00:00,1971.5319858552991,1973.2762336347912,1971.0279870178585,1972.3017633996424
2024-01-27 07:20:00+00:00,1972.3017633996424,1973.943059823782,1972.1192653566084,1973.085596276406
2024-01-27 07:25:00+00:00,1973.085596276406,1973.533488660181,1971.9772825389475,1972.0932980870402
2024-01-27 07:30:00+00:00,1972.0932980870402,1973.084363634217,1971.1180097973477,1971.9448923727862
2024-01-27 07:35:00+00:00,1971.9448923727862,1972.3564637385643,1970.2968262571567,1970.5554362640446
2024-01-27 07:40:00+00:00,1970.5554362640446,1971.7316870360255,1969.9742053550067,1970.849517188819
2024-01-27 07:45:00+00:00,1970.849517188819,1972.8085959292473,1970.134490156605,1972.198571709115
2024-01-27 07:50:00+00:00,1972.198571709115,1972.5548603752463,1971.6089674116906,1972.3447534980971
2024-01-27 07:55:00+00:00,1972.3447534980971,1973.3123987051858,1970.8679603825747,1971.7161030515729
2024-01-27 08:00:00+00:00,1971.7161030515729,1973.0774256467557,1971.191616516217,1972.7010670458308
2024-01-27 08:05:00+00:00,1972.7010670458308,1973.558492481135,1971.9866626781165,1973.1817217230343
2024-01-27 08:10:00+00:00,1973.1817217230343,1973.7686546943305,1972.3542650806246,1973.3684831427024
2024-01-27 08:15:00+00:00,1973.3684831427024,1974.4917854120245,1973.0125375703494,1974.1196790643858
2024-01-27 08:20:00+00:00,1974.1196790643858,1975.0273994773236,1973.6570896663272,1973.9274395574305
2024-01-27 08:25:00+00:00,1973.9274395574305,1975.7590323609581,1973.1398472032242,1974.913068948896
2024-01-27 08:30:00+00:00,1974.913068948896,1975.1250192929006,1972.422633446973,1973.0241389442913
2024-01-27 08:35:00+00:00,1973.0241389442913,1973.8983380058144,1972.639644539971,1973.506635876296
2024-01-27 08:40:00+00:00,1973.506635876296,1974.23665805249,1971.941062302109,1972.7733272380333
2024-01-27 08:45:00+00:00,1972.7733272380333,1973.9366894991083,1972.3094243419384,1973.1136333281745
2024-01-27 08:50:00+00:00,1973.1136333281745,1973.7970963958264,1972.2968582011442,1972.4073822179914
2024-01-27 08:55:00+00:00,1972.4073822179914,1973.0188565375797,1970.7225084414717,1970.9416303418552
2024-01-27 09:00:00+00:00,1970.9416303418552,1972.2835244499838,1970.7612971151975,1971.4030080976236
2024-01-27 09:05:00+00:00,1971.4030080976236,1972.1013509065424,1970.0396097355806,1970.1889276630845
2024-01-27 09:10:00+00:00,1970.1889276630845,1970.3277587717587,1967.551165245452,1967.9953177370398
2024-01-27 09:15:00+00:00,1967.9953177370398,1968.6955130873012,1967.644401753518,1967.7763698426056
2024-01-27 09:20:00+00:00,1967.7763698426056,1969.1794479802925,1966.812639134353,1968.955574548026
2024-01-27 09:25:00+00:00,1968.955574548026,1971.462777678311,1968.0155469360525,1970.5470642750743
2024-01-27 09:30:00+00:00,1970.5470642750743,1972.2292600942155,1970.1089167885077,1971.9229315886869
2024-01-27 09:35:00+00:00,1971.9229315886869,1972.7531871941662,1969.934873998279,1970.1982536295625
2024-01-27 09:40:00+00:00,1970.1982536295625,1970.3854419874328,1969.442637469829,1970.1359208288934
2024-01-27 09:45:00+00:00,1970.1359208288934,1970.8460569602048,1968.7639774717459,1969.2352247939352
2024-01-27 09:50:00+00:00,1969.2352247939352,1969.6800105851776,1969.0644104452908,1969.3996704646283
2024-01-27 09:55:00+00:00,1969.3996704646283,1970.0309568741566,1966.760322400854,1967.6632512143499
2024-01-27 10:00:00+00:00,1967.6632512143499,1968.9949897285258,1966.7093981254704,1968.2154961198862
2024-01-27 10:05:00+00:00,1968.2154961198862,1969.1942608962916,1967.5314190538627,1968.3750003569783
2024-01-27 10:10:00+00:00,1968.3750003569783,1970.1905057512947,1967.6270693210442,1969.5168143863425
2024-01-27 10:15:00+00:00,1969.5168143863425,1971.3054878573514,1969.1393416974554,1970.5995283574246
2024-01-27 10:20:00+00:00,1970.5995283574246,1971.4490023506776,1970.4370105962466,1970.6738792060817
2024-01-27 10:25:00+00:00,1970.6738792060817,1970.9325670657454,1968.4447125460545,1969.2043599233796
2024-01-27 10:30:00+00:00,1969.2043599233796,1969.8666742409348,1968.7235505873475,1969.7075834921952
2024-01-27 10:35:00+00:00,1969.7075834921952,1970.6265677162307,1968.4975947860396,1969.092424192784
2024-01-27 10:40:00+00:00,1969.092424192784,1969.6397787516207,1968.7862168402764,1969.1167498209693
2024-01-27 10:45:00+00:00,1969.1167498209693,1971.0100811170973,1968.1267685830499,1970.167108974059
2024-01-27 10:50:00+00:00,1970.167108974059,1970.3962278629358,1967.850195319694,1968.4100284137958
2024-01-27 10:55:00+00:00,1968.4100284137958,1968.7577851914934,1967.5190630493873,1968.1322356821063
2024-01-27 11:00:00+00:00,1968.1322356821063,1969.1131929347048,1966.6828181775936,1967.2161411193304
2024-01-27 11:05:00+00:00,1967.2161411193304,1968.2052364598285,1966.5414995926592,1967.3970563411208
2024-01-27 11:10:00+00:00,1967.3970563411208,1968.7337981810674,1966.745592014227,1967.7827248766919
2024-01-27 11:15:00+00:00,1967.7827248766919,1968.2522964579139,1967.2186312927167,1968.0577735276536
2024-01-27 11:20:00+00:00,1968.0577735276536,1969.151464904288,1967.6476999610404,1968.4120378445386
2024-01-27 11:25:00+00:00,1968.4120378445386,1968.6097205244885,1966.97262702052,1967.660871226277
2024-01-27 11:30:00+00:00,1967.660871226277,1968.3305401635414,1966.2371982795087,1967.101003888246
2024-01-27 11:35:00+00:00,1967.101003888246,1968.0539867454106,1966.2653306386724,1966.9998044436195
2024-01-27 11:40:00+00:00,1966.9998044436195,1968.1158697045423,1966.87607320069,1967.153113902324
2024-01-27 11:45:00+00:00,1967.153113902324,1968.0069024115205,1966.1077579195482,1967.0276460804905
2024-01-27 11:50:00+00:00,1967.0276460804905,1967.9870340948435,1965.8884093419556,1966.1579303567137
2024-01-27 11:55:00+00:00,1966.1579303567137,1966.9317954178373,1964.9004165447227,1965.835392816252
2024-01-27 12:00:00+00:00,1965.835392816252,1966.3135195966106,1965.348034314512,1965.9632280980863
2024-01-27 12:05:00+00:00,1965.9632280980863,1966.292629689121,1964.7889408777212,1964.9061036828537
2024-01-27 12:10:00+00:00,1964.9061036828537,1965.6273503399016,1963.4938203906747,1964.0387037226226
2024-01-27 12:15:00+00:00,1964.0387037226226,1965.0132452277112,1963.2360012072984,1964.4588420571833
2024-01-27 12:20:00+00:00,1964.4588420571833,1967.0171019558377,1964.0607769655628,1966.4954571794487
2024-01-27 12:25:00+00:00,1966.4954571794487,1967.188124841856,1965.582793944933,1966.6170348280123
2024-01-27 12:30:00+00:00,1966.6170348280123,1967.349037915648,1964.9939528064601,1965.5886482657322
2024-01-27 12:35:00+00:00,1965.5886482657322,1967.1362893838132,1964.989275748599,1967.0057220295303
2024-01-27 12:40:00+00:00,1967.0057220295303,1968.1884236664464,1966.5939705432472,1967.4776383097078
2024-01-27 12:45:00+00:00,1967.4776383097078,1967.787716788906,1966.3191075181628,1966.5303397902974
2024-01-27 12:50:00+00:00,1966.5303397902974,1967.7099953251006,1966.1554624788723,1966.7729085901024
2024-01-27 12:55:00+00:00,1966.7729085901024,1967.9679760560462,1966.2434967766221,1967.122546433229
2024-01-27 13:00:00+00:00,1967.122546433229,1968.5602818460914,1966.2077353035077,1968.0425584909474
2024-01-27 13:05:00+00:00,1968.0425584909474,1968.7687344341957,1967.0080766151177,1967.1858763543257
2024-01-27 13:10:00+00:00,1967.1858763543257,1968.3296915467554,1966.3582063224758,1968.1226388544635
2024-01-27 13:15:00+00:00,1968.1226388544635,1968.6156641290102,1966.957257980154,1967.754150958223
2024-01-27 13:20:00+00:00,1967.754150958223,1968.4073205763984,1967.3960751203351,1967.9944975344492
2024-01-27 13:25:00+00:00,1967.9944975344492,1968.8301641772405,1965.9691020743148,1966.8764506209427
2024-01-27 13:30:00+00:00,1966.8764506209427,1968.9083310640751,1966.453495814283,1967.976090997896
2024-01-27 13:35:00+00:00,1967.976090997896,1969.0226209711714,1967.004810993839,1968.160319185191
2024-01-27 13:40:00+00:00,1968.160319185191,1968.289020724584,1967.0916382061714,1967.3469386559987
2024-01-27 13:45:00+00:00,1967.3469386559987,1967.866747947241,1966.8261707211657,1967.7218210702686
2024-01-27 13:50:00+00:00,1967.7218210702686,1969.1078004240808,1967.002291582525,1968.3528278808026
2024-01-27 13:55:00+00:00,1968.3528278808026,1970.157351623021,1967.5006886198348,1969.1969749588193
2024-01-27 14:00:00+00:00,1969.1969749588193,1970.7385962655205,1968.8024569190486,1969.9424868564738
2024-01-27 14:05:00+00:00,1969.9424868564738,1970.6130934335745,1967.523935153843,1968.224543038982
2024-01-27 14:10:00+00:00,1968.224543038982,1969.0723262639683,1966.6701140430955,1967.2203034741487
2024-01-27 14:15:00+00:00,1967.2203034741487,1967.4111206097025,1966.2730268760845,1967.125438328882
2024-01-27 14:20:00+00:00,1967.125438328882,1967.9622457613925,1966.2429805344157,1967.2608465535882
2024-01-27 14:25:00+00:00,1967.2608465535882,1967.556526037884,1965.2441722087403,1966.109466562453
2024-01-27 14:30:00+00:00,1966.109466562453,1967.7651453279161,1965.753692313486,1967.0484248060068
2024-01-27 14:35:00+00:00,1967.0484248060068,1968.0002983036677,1966.2139640451217,1967.4358265120907
2024-01-27 14:40:00+00:00,1967.4358265120907,1967.9263550228977,1964.95066032444,1965.7805020626997
2024-01-27 14:45:00+00:00,1965.7805020626997,1966.521031229849,1963.9149711189634,1964.634979504049
2024-01-27 14:50:00+00:00,1964.634979504049,1966.4961502025203,1964.4304663795504,1965.6674467849755
2024-01-27 14:55:00+00:00,1965.6674467849755,1966.166697128178,1963.167731940885,1963.9766125200879
2024-01-27 15:00:00+00:00,1963.9766125200879,1965.9852755994393,1963.320007265411,1965.8243303482775
2024-01-27 15:05:00+00:00,1965.8243303482775,1967.5316881713968,1964.894628291962,1967.2707644549394
2024-01-27 15:10:00+00:00,1967.2707644549394,1967.5408958943526,1965.6533554182085,1966.0940871565292
2024-01-27 15:15:00+00:00,1966.0940871565292,1967.1499667206112,1965.2903046262936,1966.4151851870813
2024-01-27 15:20:00+00:00,1966.4151851870813,1967.6721834706282,1965.7168483518071,1967.3085726223946
2024-01-27 15:25:00+00:00,1967.3085726223946,1967.631538678372,1965.255322454833,1965.9956111016502
2024-01-27 15:30:00+00:00,1965.9956111016502,1966.6568919300853,1963.4894667575966,1964.21437876288
2024-01-27 15:35:00+00:00,1964.21437876288,1965.9870726067365,1963.6470171937412,1965.524952164445
2024-01-27 15:40:00+00:00,1965.524952164445,1965.717209424719,1964.7609503164454,1965.233128260491
2024-01-27 15:45:00+00:00,1965.233128260491,1965.9196641610092,1963.340935962724,1963.6167054391149
2024-01-27 15:50:00+00:00,1963.6167054391149,1964.815533881521,1962.8093876729072,1964.5300208850463
2024-01-27 15:55:00+00:00,1964.5300208850463,1965.7005414426021,1964.1151738393273,1965.4297783867185
2024-01-27 16:00:00+00:00,1965.4297783867185,1965.9492524891373,1964.678398254902,1965.736503652435
2024-01-27 16:05:00+00:00,1965.736503652435,1966.6975271197334,1965.4567500187622,1965.5765885459898
2024-01-27 16:10:00+00:00,1965.5765885459898,1965.6994861275105,1963.632995899026,1964.5994178850349
2024-01-27 16:15:00+00:00,1964.5994178850349,1965.2048323525391,1962.36143544306,1962.9765075763607
2024-01-27 16:20:00+00:00,1962.9765075763607,1963.802404031814,1962.791657589194,1963.5733488191688
2024-01-27 16:25:00+00:00,1963.5733488191688,1964.4318215175545,1963.4621269478093,1963.9182011043797
2024-01-27 16:30:00+00:00,1963.9182011043797,1964.2937787677274,1961.6895594216137,1962.4869159712368
2024-01-27 16:35:00+00:00,1962.4869159712368,1963.0052802933174,1960.8308801325165,1961.537284772937
2024-01-27 16:40:00+00:00,1961.537284772937,1962.3474383226724,1960.5086519376866,1960.674295635425
2024-01-27 16:45:00+00:00,1960.674295635425,1961.3103184362722,1959.3895709313929,1960.1309649653863
2024-01-27 16:50:00+00:00,1960.1309649653863,1960.846087513806,1959.1171687571098,1959.9177451669575
2024-01-27 16:55:00+00:00,1959.9177451669575,1961.9256042448762,1959.372934521918,1961.1192869747792
2024-01-27 17:00:00+00:00,1961.1192869747792,1961.4397248828132,1960.7807419429464,1961.0557800332735
2024-01-27 17:05:00+00:00,1961.0557800332735,1962.7600702886698,1960.4468700504556,1961.9357666070591
2024-01-27 17:10:00+00:00,1961.9357666070591,1962.4949604885958,1961.2093393315147,1961.8996258550762
2024-01-27 17:15:00+00:00,1961.8996258550762,1963.6085251274676,1960.9297983906124,1962.678503492839
2024-01-27 17:20:00+00:00,1962.678503492839,1963.2466847124467,1961.4616488515753,1962.430808271598
2024-01-27 17:25:00+00:00,1962.430808271598,1963.4328630322061,1962.1090649893547,1963.1588663750722
2024-01-27 17:30:00+00:00,1963.1588663750722,1963.593788533445,1962.0110454262467,1962.3682229744966
2024-01-27 17:35:00+00:00,1962.3682229744966,1963.3044984340443,1959.706433752046,1960.68162195928
2024-01-27 17:40:00+00:00,1960.68162195928,1962.0863479211466,1960.4772308127428,1961.5283180027482
2024-01-27 17:45:00+00:00,1961.5283180027482,1961.782336548559,1959.6711079150396,1960.242898138516
2024-01-27 17:50:00+00:00,1960.242898138516,1961.2404308810744,1958.1639170592111,1959.0818138990821
2024-01-27 17:55:00+00:00,1959.0818138990821,1960.6063862073527,1958.5866832264983,1960.3292592222892
2024-01-27 18:00:00+00:00,1960.3292592222892,1960.4461514328868,1959.6545349080568,1959.9082375540938
2024-01-27 18:05:00+00:00,1959.9082375540938,1960.324478583684,1959.7579794172393,1959.8661700238295
2024-01-27 18:10:00+00:00,1959.8661700238295,1960.8396835363583,1959.3211934576104,1960.0062376479598
2024-01-27 18:15:00+00:00,1960.0062376479598,1960.6809380854818,1959.7668734594042,1960.3584369546504
2024-01-27 18:20:00+00:00,1960.3584369546504,1961.3862372144008,1960.1656152101984,1961.1603657747225
2024-01-27 18:25:00+00:00,1961.1603657747225,1961.822422174694,1960.5955172171914,1960.8110253591367
2024-01-27 18:30:00+00:00,1960.8110253591367,1960.9853900227117,1959.5053317594045,1959.8391832322052
2024-01-27 18:35:00+00:00,1959.8391832322052,1961.20477197964,1958.8638573736373,1960.62118593589
2024-01-27 18:40:00+00:00,1960.62118593589,1961.0411813520784,1959.4699950854986,1960.401893835501
2024-01-27 18:45:00+00:00,1960.401893835501,1960.549559779201,1959.2191147001288,1959.8266777352173
2024-01-27 18:50:00+00:00,1959.8266777352173,1960.671926059442,1959.716084042411,1960.299427122414
2024-01-27 18:55:00+00:00,1960.299427122414,1961.5392961109212,1960.0712403824925,1960.8381434404143
2024-01-27 19:00:00+00:00,1960.8381434404143,1961.4534277713974,1960.6681193707336,1960.924100133604
2024-01-27 19:05:00+00:00,1960.924100133604,1961.8423980936266,1957.9130606127676,1958.9072550303688
2024-01-27 19:10:00+00:00,1958.9072550303688,1960.8648483587353,1958.3437097036567,1960.700500940197
2024-01-27 19:15:00+00:00,1960.700500940197,1961.430362098446,1960.37487318267,1960.5447901575474
2024-01-27 19:20:00+00:00,1960.5447901575474,1961.4885188347555,1958.3193865456908,1959.1433526393653
2024-01-27 19:25:00+00:00,1959.1433526393653,1959.9655136286274,1958.5821096764641,1959.544536711851
2024-01-27 19:30:00+00:00,1959.544536711851,1961.2338773752174,1959.1513179623212,1960.6408040767944
2024-01-27 19:35:00+00:00,1960.6408040767944,1962.555049312956,1960.2845800391124,1961.6091703961695
2024-01-27 19:40:00+00:00,1961.6091703961695,1961.9986679756594,1960.6245971990152,1961.8714431242522
2024-01-27 19:45:00+00:00,1961.8714431242522,1962.8239626937634,1961.770723057603,1962.2106151497308
2024-01-27 19:50:00+00:00,1962.2106151497308,1962.910856060052,1960.0967058251479,1960.4766903079699
2024-01-27 19:55:00+00:00,1960.4766903079699,1961.175103104406,1956.899864241943,1957.8891448524282
2024-01-27 20:00:00+00:00,1957.8891448524282,1959.3158188226284,1957.3919453027895,1958.9363659327719
2024-01-27 20:05:00+00:00,1958.9363659327719,1959.1801330598237,1958.3465813333723,1959.0477602070548
2024-01-27 20:10:00+00:00,1959.0477602070548,1959.8994950639726,1958.8711674727276,1959.1464123186183
2024-01-27 20:15:00+00:00,1959.1464123186183,1959.9463470723,1957.275712812726,1957.6223033153153
2024-01-27 20:20:00+00:00,1957.6223033153153,1959.6861103698625,1957.2780765397683,1959.04981969176
2024-01-27 20:25:00+00:00,1959.04981969176,1959.6664058506622,1957.8174344142137,1958.3745620489278
2024-01-27 20:30:00+00:00,1958.3745620489278,1959.7493186072923,1957.4102610961163,1959.015299182411
2024-01-27 20:35:00+00:00,1959.015299182411,1959.1176932968337,1956.789186697887,1957.6120366838982
2024-01-27 20:40:00+00:00,1957.6120366838982,1957.7369818429472,1955.3828338011892,1955.5311857844245
2024-01-27 20:45:00+00:00,1955.5311857844245,1956.053593347761,1955.2013533668326,1955.6216396742861
2024-01-27 20:50:00+00:00,1955.6216396742861,1956.720759506892,1954.8047631540426,1955.98551648697
2024-01-27 20:55:00+00:00,1955.98551648697,1956.193929412644,1954.1887876886733,1954.8341735216509
2024-01-27 21:00:00+00:00,1954.8341735216509,1957.6293954243358,1954.7036136392194,1956.9593113437786
2024-01-27 21:05:00+00:00,1956.9593113437786,1957.6463162677512,1955.8519492718287,1956.3658690539269
2024-01-27 21:10:00+00:00,1956.3658690539269,1957.7303950911223,1955.6070122092888,1957.5334320239533
2024-01-27 21:15:00+00:00,1957.5334320239533,1959.4390451833901,1956.6472654442418,1958.467291309015
2024-01-27 21:20:00+00:00,1958.467291309015,1958.702092603226,1956.7244520871357,1957.0574757750808
2024-01-27 21:25:00+00:00,1957.0574757750808,1957.9913695267799,1956.720570020442,1957.3998678146086
2024-01-27 21:30:00+00:00,1957.3998678146086,1958.397484496004,1955.7688703861568,1956.5315298210826
2024-01-27 21:35:00+00:00,1956.5315298210826,1956.9872512285883,1956.2191862183936,1956.639331761912
2024-01-27 21:40:00+00:00,1956.639331761912,1957.051596735939,1955.9489481261216,1956.4496546240493
2024-01-27 21:45:00+00:00,1956.4496546240493,1958.0595233786469,1955.6471098155778,1957.2787581617488
2024-01-27 21:50:00+00:00,1957.2787581617488,1958.0763299103364,1956.4154758544908,1956.5357307791555
2024-01-27 21:55:00+00:00,1956.5357307791555,1957.2966506049095,1956.169525995117,1956.9745897248633
2024-01-27 22:00:00+00:00,1956.9745897248633,1958.3741889149512,1956.8068836017285,1957.6024595467427
2024-01-27 22:05:00+00:00,1957.6024595467427,1959.0201122036644,1956.6895592694195,1958.5694987450302
2024-01-27 22:10:00+00:00,1958.5694987450302,1959.3209586237251,1957.600004720371,1957.7710744843598
2024-01-27 22:15:00+00:00,1957.7710744843598,1959.0104340800842,1956.9070894964323,1958.362283075508
2024-01-27 22:20:00+00:00,1958.362283075508,1959.6504333710457,1958.0154108779464,1958.992393621338
2024-01-27 22:25:00+00:00,1958.992393621338,1960.672673980511,1958.343790877455,1959.9218168033938
2024-01-27 22:30:00+00:00,1959.9218168033938,1960.1413833450697,1957.2784335517053,1957.7174108155357
2024-01-27 22:35:00+00:00,1957.7174108155357,1958.4126105028508,1955.2367876089445,1955.9008979288617
2024-01-27 22:40:00+00:00,1955.9008979288617,1956.452873584826,1953.7374766895682,1954.036226190983
2024-01-27 22:45:00+00:00,1954.036226190983,1954.5639628785405,1952.7480636744544,1953.4658028220758
2024-01-27 22:50:00+00:00,1953.4658028220758,1954.3014165908749,1951.6569694012885,1952.2144539813378
2024-01-27 22:55:00+00:00,1952.2144539813378,1952.5533416618193,1950.905118749856,1951.726532441651
2024-01-27 23:00:00+00:00,1951.726532441651,1952.0951995363373,1950.8173935189557,1951.3988018163884
2024-01-27 23:05:00+00:00,1951.3988018163884,1953.2304593217718,1950.5848662410679,1952.2696406988268
2024-01-27 23:10:00+00:00,1952.2696406988268,1953.239291277474,1951.4580218937062,1953.0143146249602
2024-01-27 23:15:00+00:00,1953.0143146249602,1953.2212932436082,1952.0116031681894,1952.4570943135757
2024-01-27 23:20:00+00:00,1952.4570943135757,1953.0751300910545,1952.0194731001102,1952.2138627123732
2024-01-27 23:25:00+00:00,1952.2138627123732,1952.693458389216,1949.816180339982,1950.5070223091172
2024-01-27 23:30:00+00:00,1950.5070223091172,1951.3288179354058,1949.2423486130394,1949.8521372686955
2024-01-27 23:35:00+00:00,1949.8521372686955,1950.4323558472402,1948.711111620078,1949.5643341148977
2024-01-27 23:40:00+00:00,1949.5643341148977,1949.691134235136,1948.6522901106737,1948.9964135732469
2024-01-27 23:45:00+00:00,1948.9964135732469,1951.3762387033437,1948.822023748217,1950.6835480298337
2024-01-27 23:50:00+00:00,1950.6835480298337,1951.6491590109931,1947.5817650308852,1948.2812051430442
2024-01-27 23:55:00+00:00,1948.2812051430442,1948.8191766326877,1947.506436793127,1947.6318798034285
2024-01-28 00:00:00+00:00,1947.6318798034285,1947.9170084536304,1946.9913116752664,1947.5109839435884
2024-01-28 00:05:00+00:00,1947.5109839435884,1948.8131573484613,1947.0123224374574,1948.1817137595954
2024-01-28 00:10:00+00:00,1948.1817137595954,1948.5439362178054,1947.7761437753638,1948.4090756629953
2024-01-28 00:15:00+00:00,1948.4090756629953,1948.7890162572478,1946.43146426051,1946.751133274319
2024-01-28 00:20:00+00:00,1946.751133274319,1947.1905256821528,1945.6367873335464,1945.7526944757199
2024-01-28 00:25:00+00:00,1945.7526944757199,1946.9226421903759,1945.3269521823127,1946.0942618534664
2024-01-28 00:30:00+00:00,1946.0942618534664,1946.7469025972468,1945.2754429672007,1946.0982167507186
2024-01-28 00:35:00+00:00,1946.0982167507186,1947.2944005293748,1945.9681440367303,1947.0118298566144
2024-01-28 00:40:00+00:00,1947.0118298566144,1947.6183208118866,1946.1852460082073,1947.4339803654877
2024-01-28 00:45:00+00:00,1947.4339803654877,1948.2227769655162,1946.6642553004094,1947.1418396172655
2024-01-28 00:50:00+00:00,1947.1418396172655,1947.752616892714,1945.946701459877,1946.7230055590128
2024-01-28 00:55:00+00:00,1946.7230055590128,1947.7158082489086,1946.0214188328537,1947.2748017044398
2024-01-28 01:00:00+00:00,1947.2748017044398,1948.0861092534246,1946.306914733479,1946.5412693448395
2024-01-28 01:05:00+00:00,1946.5412693448395,1947.3351763320272,1945.5531809364372,1946.1959811470874
2024-01-28 01:10:00+00:00,1946.1959811470874,1947.508952717112,1945.6314949639052,1947.1420138361473
2024-01-28 01:15:00+00:00,1947.1420138361473,1948.1273295536307,1946.4045862669966,1946.6549007462875
2024-01-28 01:20:00+00:00,1946.6549007462875,1947.2238136215371,1946.5199148911802,1946.9764347845248
2024-01-28 01:25:00+00:00,1946.9764347845248,1947.3740356429878,1944.124191171498,1944.5308085732343
2024-01-28 01:30:00+00:00,1944.5308085732343,1944.7042320585003,1943.343705079461,1943.7081817705446
2024-01-28 01:35:00+00:00,1943.7081817705446,1944.3402381412234,1943.2954057634495,1943.6169264867024
2024-01-28 01:40:00+00:00,1943.6169264867024,1944.2441478321582,1942.7434542308638,1944.0090025957447
2024-01-28 01:45:00+00:00,1944.0090025957447,1944.963166895812,1943.0762190057058,1943.7688245432098
2024-01-28 01:50:00+00:00,1943.7688245432098,1944.002321446958,1942.8784384610253,1943.724294831195
2024-01-28 01:55:00+00:00,1943.724294831195,1944.2423861438517,1942.6641564681247,1942.8565864551888
2024-01-28 02:00:00+00:00,1942.8565864551888,1943.165189053354,1942.1336680558484,1942.68917207419
2024-01-28 02:05:00+00:00,1942.68917207419,1944.135238412809,1941.7876345537888,1943.2952109307037
2024-01-28 02:10:00+00:00,1943.2952109307037,1944.0880289538288,1941.603733782846,1942.3373872398863
2024-01-28 02:15:00+00:00,1942.3373872398863,1942.4424341493161,1940.069213964147,1940.985340904218
2024-01-28 02:20:00+00:00,1940.985340904218,1942.5444543566464,1940.8534051785196,1941.800419565769
2024-01-28 02:25:00+00:00,1941.800419565769,1944.2425050426314,1940.9846201930764,1943.3607727623967
2024-01-28 02:30:00+00:00,1943.3607727623967,1944.8410046652941,1942.5416256286799,1944.546490399718
2024-01-28 02:35:00+00:00,1944.546490399718,1944.759948003469,1943.3246118116501,1943.857962538016
2024-01-28 02:40:00+00:00,1943.857962538016,1944.1195571252888,1942.6687795719467,1943.5259874643068
2024-01-28 02:45:00+00:00,1943.5259874643068,1944.1498728324614,1942.3501327973731,1943.0560022381248
2024-01-28 02:50:00+00:00,1943.0560022381248,1943.9926113427136,1942.5248252178476,1943.47551640775
2024-01-28 02:55:00+00:00,1943.47551640775,1945.0906486535027,1943.029277228157,1944.1187858857684
2024-01-28 03:00:00+00:00,1944.1187858857684,1944.626064891497,1943.0029770875512,1943.3744682254332
2024-01-28 03:05:00+00:00,1943.3744682254332,1944.2791683071293,1943.0205387629956,1943.8590818942537
2024-01-28 03:10:00+00:00,1943.8590818942537,1944.4301206204161,1943.0223279567058,1944.1306652215562
2024-01-28 03:15:00+00:00,1944.1306652215562,1946.3133957244604,1943.5634464434645,1945.3938367497685
2024-01-28 03:20:00+00:00,1945.3938367497685,1945.997747374946,1944.7119226002396,1945.183039351404
2024-01-28 03:25:00+00:00,1945.183039351404,1945.653865970823,1944.781363660019,1945.4178598348653
2024-01-28 03:30:00+00:00,1945.4178598348653,1945.861511851768,1943.043211893689,1943.7505793312384
2024-01-28 03:35:00+00:00,1943.7505793312384,1943.9337651490457,1942.719476476425,1943.291599814649
2024-01-28 03:40:00+00:00,1943.291599814649,1944.57823689763,1942.6940818866472,1943.8016115953933
2024-01-28 03:45:00+00:00,1943.8016115953933,1944.020672351826,1941.7156106504806,1942.5821992181093
2024-01-28 03:50:00+00:00,1942.5821992181093,1943.2159352901976,1941.4017493674403,1941.7618603993865
2024-01-28 03:55:00+00:00,1941.7618603993865,1942.2210672130457,1940.6888280091378,1941.650756030974
2024-01-28 04:00:00+00:00,1941.650756030974,1941.8549771620687,1940.8100581953925,1941.27041891041
2024-01-28 04:05:00+00:00,1941.27041891041,1942.0413657203856,1940.009624702432,1940.3586015788633
2024-01-28 04:10:00+00:00,1940.3586015788633,1940.6449264319579,1939.0859518675347,1939.7825588390886
2024-01-28 04:15:00+00:00,1939.7825588390886,1940.6106414863639,1939.2358780679353,1940.1995135036784
2024-01-28 04:20:00+00:00,1940.1995135036784,1942.3315761352899,1939.802771582604,1941.4121120971636
2024-01-28 04:25:00+00:00,1941.4121120971636,1943.0935111569497,1941.1774416366252,1942.1826592330165
2024-01-28 04:30:00+00:00,1942.1826592330165,1942.8802103153616,1941.8453206196093,1942.3946141882705
2024-01-28 04:35:00+00:00,1942.3946141882705,1944.473553634002,1941.4838501653862,1943.5666532310986
2024-01-28 04:40:00+00:00,1943.5666532310986,1944.4102315941977,1941.6343652780579,1942.1216819079586
2024-01-28 04:45:00+00:00,1942.1216819079586,1944.051126925414,1941.2689403981783,1943.0964576451224
2024-01-28 04:50:00+00:00,1943.0964576451224,1943.3892662564972,1942.953663411969,1943.122001919537
2024-01-28 04:55:00+00:00,1943.122001919537,1943.9856917783095,1942.269150215694,1942.983198326852
2024-01-28 05:00:00+00:00,1942.983198326852,1943.3865620264814,1941.612220150689,1942.3489292116076
2024-01-28 05:05:00+00:00,1942.3489292116076,1943.320846392659,1941.5139525476307,1942.2848542690956
2024-01-28 05:10:00+00:00,1942.2848542690956,1942.7542676281068,1942.0581434196479,1942.6369293701302
2024-01-28 05:15:00+00:00,1942.6369293701302,1942.7590399482458,1941.6039772841518,1941.986065114052
2024-01-28 05:20:00+00:00,1941.986065114052,1942.3629584759535,1940.2740260739035,1941.07867365768
2024-01-28 05:25:00+00:00,1941.07867365768,1942.0857556546362,1940.4935373357455,1941.4125098374998
2024-01-28 05:30:00+00:00,1941.4125098374998,1943.3688325967628,1941.2257756862755,1942.7484075366046
2024-01-28 05:35:00+00:00,1942.7484075366046,1944.630033301683,1942.4390843649073,1943.7353888161592
2024-01-28 05:40:00+00:00,1943.7353888161592,1944.9120112818189,1943.4849715699945,1944.6947110708436
2024-01-28 05:45:00+00:00,1944.6947110708436,1945.0766007567777,1943.5645190360572,1944.0463728773034
2024-01-28 05:50:00+00:00,1944.0463728773034,1944.3167953527243,1942.7230934858221,1943.559215346816
2024-01-28 05:55:00+00:00,1943.559215346816,1944.4116923061922,1942.7773491681796,1943.1567994734091
2024-01-28 06:00:00+00:00,1943.1567994734091,1945.094850143022,1942.3699197787003,1944.8278097997015
2024-01-28 06:05:00+00:00,1944.8278097997015,1945.8064380183077,1943.6477844021742,1944.3699667878138
2024-01-28 06:10:00+00:00,1944.3699667878138,1945.7093803579266,1944.0353233393828,1945.389367152393
2024-01-28 06:15:00+00:00,1945.389367152393,1946.8170985206045,1944.667024066712,1946.0839526852437
2024-01-28 06:20:00+00:00,1946.0839526852437,1946.2659431225884,1944.664158953312,1945.2742990779175
2024-01-28 06:25:00+00:00,1945.2742990779175,1945.8489368639548,1944.8102133924015,1945.6439417483364
2024-01-28 06:30:00+00:00,1945.6439417483364,1947.3314692397093,1945.037511943311,1946.8466776768307
2024-01-28 06:35:00+00:00,1946.8466776768307,1947.778999144963,1946.3056562091106,1947.438122092554
2024-01-28 06:40:00+00:00,1947.438122092554,1948.587599174873,1946.6702262528995,1947.6463181502377
2024-01-28 06:45:00+00:00,1947.6463181502377,1949.5700202052806,1947.373850988495,1948.613955953665
2024-01-28 06:50:00+00:00,1948.613955953665,1949.310276328943,1946.9254271292311,1947.318420667627
2024-01-28 06:55:00+00:00,1947.318420667627,1947.920706413472,1946.147610944779,1946.836106610439
2024-01-28 07:00:00+00:00,1946.836106610439,1947.0502787700257,1946.3203584039695,1946.8550405478188
2024-01-28 07:05:00+00:00,1946.8550405478188,1948.149718029311,1946.3832927888218,1947.492828590535
2024-01-28 07:10:00+00:00,1947.492828590535,1948.9034319543173,1947.128766754518,1948.599200662657
2024-01-28 07:15:00+00:00,1948.599200662657,1949.276848940076,1947.0530429908385,1948.0242341258354
2024-01-28 07:20:00+00:00,1948.0242341258354,1948.560548880836,1947.412751020904,1948.0572493562686
2024-01-28 07:25:00+00:00,1948.0572493562686,1949.564761656285,1947.7301786510322,1949.143349138558
2024-01-28 07:30:00+00:00,1949.143349138558,1950.457958924572,1948.400103169712,1950.174099256036
2024-01-28 07:35:00+00:00,1950.174099256036,1950.8370351815013,1949.2722693282578,1949.6000287758236
2024-01-28 07:40:00+00:00,1949.6000287758236,1949.8270447980615,1948.1641357405722,1948.7471437126596
2024-01-28 07:45:00+00:00,1948.7471437126596,1949.3929418381097,1947.638347669357,1948.4028252478915
2024-01-28 07:50:00+00:00,1948.4028252478915,1949.6672959096509,1948.1706304162497,1948.7108417845016
2024-01-28 07:55:00+00:00,1948.7108417845016,1949.2551222121576,1945.8135467583597,1946.513391711922
2024-01-28 08:00:00+00:00,1946.513391711922,1948.4098364252,1946.3519227508184,1947.7705039525454
2024-01-28 08:05:00+00:00,1947.7705039525454,1948.3944950040668,1947.0734903026714,1947.5613934897901
2024-01-28 08:10:00+00:00,1947.5613934897901,1949.0697648568737,1947.2275399500493,1948.4741535536243
2024-01-28 08:15:00+00:00,1948.4741535536243,1950.3328173846696,1947.9298552017356,1949.7901537610553
2024-01-28 08:20:00+00:00,1949.7901537610553,1950.6800069305834,1949.0708013190958,1949.3945930239363
2024-01-28 08:25:00+00:00,1949.3945930239363,1949.9088666503667,1947.1134299460678,1948.044714254252
2024-01-28 08:30:00+00:00,1948.044714254252,1948.7031268049934,1945.6999651965482,1946.4931681303156
2024-01-28 08:35:00+00:00,1946.4931681303156,1948.3265734693832,1945.9446307304634,1947.9652689956617
2024-01-28 08:40:00+00:00,1947.9652689956617,1948.7324188340351,1946.7372306577577,1947.3451688943087
2024-01-28 08:45:00+00:00,1947.3451688943087,1947.9805416666115,1946.341540195003,1947.283734743848
2024-01-28 08:50:00+00:00,1947.283734743848,1948.0213844451655,1945.5193034672016,1946.0185396886143
2024-01-28 08:55:00+00:00,1946.0185396886143,1946.4962319707492,1944.8023129965104,1945.5193802630376
2024-01-28 09:00:00+00:00,1945.5193802630376,1946.5878752476108,1944.5833318749692,1945.738886416307
2024-01-28 09:05:00+00:00,1945.738886416307,1946.4364748522478,1945.3193013153232,1946.179251706442
2024-01-28 09:10:00+00:00,1946.179251706442,1946.6728167790338,1945.3397782837928,1946.1317574263687
2024-01-28 09:15:00+00:00,1946.1317574263687,1946.2345028964203,1944.595145334002,1945.1769500113933
2024-01-28 09:20:00+00:00,1945.1769500113933,1946.0806125528395,1944.569887113864,1944.9464152470664
2024-01-28 09:25:00+00:00,1944.9464152470664,1945.3831756371492,1944.1126753215501,1944.6597470242768
2024-01-28 09:30:00+00:00,1944.6597470242768,1946.3949674707337,1943.8297529714341,1945.723078907005
2024-01-28 09:35:00+00:00,1945.723078907005,1945.8845609684874,1944.9623343115143,1945.1519844483114
2024-01-28 09:40:00+00:00,1945.1519844483114,1945.8720519137041,1943.5219480873939,1943.9940607400333
2024-01-28 09:45:00+00:00,1943.9940607400333,1945.166163989182,1943.8425718994636,1944.3300141530246
2024-01-28 09:50:00+00:00,1944.3300141530246,1945.1198911617428,1942.477887155902,1943.4736793821419
2024-01-28 09:55:00+00:00,1943.4736793821419,1944.7289491633678,1943.1842747037397,1944.623991013705
2024-01-28 10:00:00+00:00,1944.623991013705,1946.043475504163,1944.3912096154036,1945.778847604052
2024-01-28 10:05:00+00:00,1945.778847604052,1946.5574240101116,1944.8053589067222,1945.4063339571578
2024-01-28 10:10:00+00:00,1945.4063339571578,1946.045782679062,1944.4086452975164,1945.0163323807574
2024-01-28 10:15:00+00:00,1945.0163323807574,1946.4497178752215,1944.4149474463004,1945.577928274721
2024-01-28 10:20:00+00:00,1945.577928274721,1945.784513783339,1943.3674498453563,1944.075144834403
2024-01-28 10:25:00+00:00,1944.075144834403,1945.4915768408046,1943.6855290200667,1944.9863626127512
2024-01-28 10:30:00+00:00,1944.9863626127512,1946.7306303519692,1944.4807672152272,1946.1531297380184
2024-01-28 10:35:00+00:00,1946.1531297380184,1947.136673035129,1945.4999998461692,1946.339526779179
2024-01-28 10:40:00+00:00,1946.339526779179,1946.9067661746776,1946.1509156029465,1946.4000705611259
2024-01-28 10:45:00+00:00,1946.4000705611259,1946.9632498570638,1944.9550124564228,1945.7991887012683
2024-01-28 10:50:00+00:00,1945.7991887012683,1946.5416200872164,1944.3147456827273,1945.0019089275283
2024-01-28 10:55:00+00:00,1945.0019089275283,1946.049211426992,1944.4691992881883,1945.329132289299
2024-01-28 11:00:00+00:00,1945.329132289299,1946.3065481661654,1944.9378269216259,1945.5885768893404
2024-01-28 11:05:00+00:00,1945.5885768893404,1946.275700486054,1944.777726176353,1945.0433249449306
2024-01-28 11:10:00+00:00,1945.0433249449306,1946.3800072444465,1944.434501798597,1945.9390416222413
2024-01-28 11:15:00+00:00,1945.9390416222413,1946.2387636538908,1945.1714667485408,1945.591513538423
2024-01-28 11:20:00+00:00,1945.591513538423,1946.6710549760155,1945.4242417532803,1946.4573970012636
2024-01-28 11:25:00+00:00,1946.4573970012636,1947.0600382099763,1945.1173428489146,1945.549423300689
2024-01-28 11:30:00+00:00,1945.549423300689,1946.3739983613032,1944.8163032662444,1945.8326437453
2024-01-28 11:35:00+00:00,1945.8326437453,1946.5244366131112,1945.5581737556845,1946.3850648865914
2024-01-28 11:40:00+00:00,1946.3850648865914,1947.8693472867496,1945.6366088116572,1947.2708937735563
2024-01-28 11:45:00+00:00,1947.2708937735563,1947.391230491715,1946.6156975585907,1946.9912915785496
2024-01-28 11:50:00+00:00,1946.9912915785496,1947.345515263236,1946.1420755242366,1947.0189763764292
2024-01-28 11:55:00+00:00,1947.0189763764292,1947.8681906978893,1946.036371369114,1947.121310109595
2024-01-28 12:00:00+00:00,1947.121310109595,1948.8159512766883,1946.9407162833816,1948.1145263183555
2024-01-28 12:05:00+00:00,1948.1145263183555,1948.4254902932964,1947.1119248171547,1947.3073584519623
2024-01-28 12:10:00+00:00,1947.3073584519623,1948.256517195182,1946.192107582613,1947.1040720208505
2024-01-28 12:15:00+00:00,1947.1040720208505,1947.433023817997,1944.8141671528108,1945.4872522709197
2024-01-28 12:20:00+00:00,1945.4872522709197,1947.0793514157074,1944.7774373911318,1946.9618094965986
2024-01-28 12:25:00+00:00,1946.9618094965986,1948.0599760642358,1946.1909506500258,1947.1278608680213
2024-01-28 12:30:00+00:00,1947.1278608680213,1947.398692081131,1946.4644481867078,1946.8134964857857
2024-01-28 12:35:00+00:00,1946.8134964857857,1947.7605775835327,1946.0911101688648,1946.7010788848424
2024-01-28 12:40:00+00:00,1946.7010788848424,1948.2947606103207,1945.891358466302,1947.3900623556183
2024-01-28 12:45:00+00:00,1947.3900623556183,1948.3324746449307,1946.3370906336925,1947.0921610848034
2024-01-28 12:50:00+00:00,1947.0921610848034,1947.6765514348422,1946.2652189556486,1947.326867558155
2024-01-28 12:55:00+00:00,1947.326867558155,1947.5739475286848,1945.7181740159124,1946.0182230702205
2024-01-28 13:00:00+00:00,1946.0182230702205,1946.389634613819,1944.699583582028,1944.8646714713484
2024-01-28 13:05:00+00:00,1944.8646714713484,1946.7456932461841,1943.9947132326427,1945.909633579921
2024-01-28 13:10:00+00:00,1945.909633579921,1946.0998856653503,1945.7140270967461,1945.9425950144457
2024-01-28 13:15:00+00:00,1945.9425950144457,1946.6447272310136,1943.8537684324328,1944.4736556298458
2024-01-28 13:20:00+00:00,1944.4736556298458,1944.7131068817034,1943.9997399882377,1944.5538768125537
2024-01-28 13:25:00+00:00,1944.5538768125537,1945.604554936563,1944.3530358930254,1945.2422520512869
2024-01-28 13:30:00+00:00,1945.2422520512869,1946.9699291993813,1945.0363650433574,1946.6354188832531
2024-01-28 13:35:00+00:00,1946.6354188832531,1947.1055838156965,1945.4327028859443,1945.9164477493894
2024-01-28 13:40:00+00:00,1945.9164477493894,1946.977124229716,1945.2194540434953,1946.0614475137545
2024-01-28 13:45:00+00:00,1946.0614475137545,1946.4692947822255,1944.9442976154528,1945.3136725676004
2024-01-28 13:50:00+00:00,1945.3136725676004,1946.0986259713259,1943.5955221732377,1943.7684649297476
2024-01-28 13:55:00+00:00,1943.7684649297476,1944.704184400381,1942.6304963481696,1942.8538241900733
2024-01-28 14:00:00+00:00,1942.8538241900733,1943.0706049135588,1942.0743328183826,1942.7860661612112
2024-01-28 14:05:00+00:00,1942.7860661612112,1943.5094422298437,1941.3651738541926,1942.2834621775744
2024-01-28 14:10:00+00:00,1942.2834621775744,1943.1828075563658,1941.7643095532153,1942.031257231842
2024-01-28 14:15:00+00:00,1942.031257231842,1942.3141167022711,1941.0264769662624,1941.5532129457902
2024-01-28 14:20:00+00:00,1941.5532129457902,1941.878566095156,1941.0189111744683,1941.7179239767963
2024-01-28 14:25:00+00:00,1941.7179239767963,1944.690102002777,1941.3117130898613,1943.7191706094084
2024-01-28 14:30:00+00:00,1943.7191706094084,1945.156563738572,1942.7856959719124,1944.2088941981185
2024-01-28 14:35:00+00:00,1944.2088941981185,1945.800964540359,1943.3758402743701,1945.1007419826376
2024-01-28 14:40:00+00:00,1945.1007419826376,1947.4721056340384,1944.4024985407832,1946.8632889187745
2024-01-28 14:45:00+00:00,1946.8632889187745,1947.6867666139951,1944.7022962007616,1945.5892280941034
2024-01-28 14:50:00+00:00,1945.5892280941034,1945.9594347030572,1943.7381014787668,1944.465233585535
2024-01-28 14:55:00+00:00,1944.465233585535,1944.7242545658241,1943.351694073729,1943.7116133273262
2024-01-28 15:00:00+00:00,1943.7116133273262,1944.581070501554,1941.9137315307416,1942.5224887327959
2024-01-28 15:05:00+00:00,1942.5224887327959,1943.840477639297,1941.8921098807182,1943.482125280275
2024-01-28 15:10:00+00:00,1943.482125280275,1943.813528254529,1941.9684568101593,1942.3874210688693
2024-01-28 15:15:00+00:00,1942.3874210688693,1943.3689941279977,1941.3150705186074,1941.7634160175683
2024-01-28 15:20:00+00:00,1941.7634160175683,1942.7649889594497,1940.8855084898685,1942.6117878416926
2024-01-28 15:25:00+00:00,1942.6117878416926,1942.9941883997908,1941.4924792073014,1941.8322005095706
2024-01-28 15:30:00+00:00,1941.8322005095706,1942.5747085122528,1941.2465017061527,1942.0503072121633
2024-01-28 15:35:00+00:00,1942.0503072121633,1943.20652883138,1941.3632618071492,1942.781376277357
2024-01-28 15:40:00+00:00,1942.781376277357,1943.10633631873,1941.8471486460442,1942.1714578901406
2024-01-28 15:45:00+00:00,1942.1714578901406,1943.4715660376996,1941.5735225108979,1943.2343038895704
2024-01-28 15:50:00+00:00,1943.2343038895704,1944.6881384193357,1942.7392024508317,1943.821137156244
2024-01-28 15:55:00+00:00,1943.821137156244,1944.930634981948,1942.8604606556773,1944.198703455694
2024-01-28 16:00:00+00:00,1944.198703455694,1944.5581256663675,1943.634795501082,1944.0613256861452
2024-01-28 16:05:00+00:00,1944.0613256861452,1944.7296834357887,1942.5756533141218,1943.1821168802871
2024-01-28 16:10:00+00:00,1943.1821168802871,1945.2518189629059,1942.9082828345488,1944.925765242289
2024-01-28 16:15:00+00:00,1944.925765242289,1945.5861582711602,1943.6104981117383,1944.409276609612
2024-01-28 16:20:00+00:00,1944.409276609612,1944.6447942177062,1944.0105397819843,1944.1701370162427
2024-01-28 16:25:00+00:00,1944.1701370162427,1944.7093232534535,1943.7487041485297,1944.062129883851
2024-01-28 16:30:00+00:00,1944.062129883851,1944.6959881486048,1943.6528754510593,1943.9125138409872
2024-01-28 16:35:00+00:00,1943.9125138409872,1944.9784901062674,1943.2434173894346,1944.4247033133713
2024-01-28 16:40:00+00:00,1944.4247033133713,1945.312869649791,1943.334402229867,1943.723601463315
2024-01-28 16:45:00+00:00,1943.723601463315,1943.9059712262806,1942.8245134385083,1943.694998465265
2024-01-28 16:50:00+00:00,1943.694998465265,1945.1098438480383,1943.1972770560953,1944.5653489411272
2024-01-28 16:55:00+00:00,1944.5653489411272,1944.686921895143,1942.8776861981014,1943.5968813851005
2024-01-28 17:00:00+00:00,1943.5968813851005,1943.7307431053293,1942.5788970113488,1943.5657938211332
2024-01-28 17:05:00+00:00,1943.5657938211332,1944.077883084255,1941.5342914781047,1942.4267024708358
2024-01-28 17:10:00+00:00,1942.4267024708358,1942.7726204804078,1941.8958040574357,1942.2929224336212
2024-01-28 17:15:00+00:00,1942.2929224336212,1942.6069681238546,1941.5817414535447,1942.501276249136
2024-01-28 17:20:00+00:00,1942.501276249136,1943.3004727536077,1941.0496115212538,1941.7424084709537
2024-01-28 17:25:00+00:00,1941.7424084709537,1944.401176132387,1940.8198276189644,1943.445927558165
2024-01-28 17:30:00+00:00,1943.445927558165,1944.3974434844795,1941.4586483727228,1942.1614560580965
2024-01-28 17:35:00+00:00,1942.1614560580965,1943.8723634660391,1941.4809413516602,1943.2128386804325
2024-01-28 17:40:00+00:00,1943.2128386804325,1943.72869972787,1942.7232850729008,1943.0661101979729
2024-01-28 17:45:00+00:00,1943.0661101979729,1943.9702316640298,1942.6281299687478,1943.3481411038133
2024-01-28 17:50:00+00:00,1943.3481411038133,1943.514764412343,1942.1020498447517,1942.4556774598148
2024-01-28 17:55:00+00:00,1942.4556774598148,1943.2270375341097,1942.0750912600513,1942.997426345575
2024-01-28 18:00:00+00:00,1942.997426345575,1944.155910540764,1942.0484949971737,1943.3770537696546
2024-01-28 18:05:00+00:00,1943.3770537696546,1944.1293712608158,1941.2595794840229,1941.8929235739565
2024-01-28 18:10:00+00:00,1941.8929235739565,1942.1023210918074,1940.7604422798634,1941.7362088459274
2024-01-28 18:15:00+00:00,1941.7362088459274,1942.610410700682,1940.5915142530243,1941.5221646550683
2024-01-28 18:20:00+00:00,1941.5221646550683,1943.1066741023362,1940.6274980686999,1942.2809516714128
2024-01-28 18:25:00+00:00,1942.2809516714128,1942.9455787064487,1940.482967526725,1941.1698103213273
2024-01-28 18:30:00+00:00,1941.1698103213273,1942.6041400855725,1941.0342657670535,1941.8314964778513
2024-01-28 18:35:00+00:00,1941.8314964778513,1942.816905614597,1940.9645539319445,1942.123658883933
